country,date,"GDP per capita, PPP (current international $)"
Africa Eastern and Southern,2025,4840.26519950124
Africa Eastern and Southern,2024,4635.1250488764
Africa Eastern and Southern,2023,4496.7448983176
Africa Eastern and Southern,2022,4359.59140659761
Africa Eastern and Southern,2021,4022.27765875061
Africa Eastern and Southern,2020,3707.03361237873
Africa Eastern and Southern,2019,3804.53383380234
Africa Eastern and Southern,2018,3727.71078455171
Africa Eastern and Southern,2017,3843.02837944545
Africa Eastern and Southern,2016,3639.49647625541
Africa Eastern and Southern,2015,3539.42826462333
Africa Eastern and Southern,2014,3513.89449077924
Africa Eastern and Southern,2013,3373.42876553653
Africa Eastern and Southern,2012,3244.3170337828
Africa Eastern and Southern,2011,3319.70495109323
Africa Eastern and Southern,2010,3216.3014432506
Africa Eastern and Southern,2009,3100.13623082815
Africa Eastern and Southern,2008,3137.66136428263
Africa Eastern and Southern,2007,3028.52439345341
Africa Eastern and Southern,2006,2840.18897140511
Africa Eastern and Southern,2005,2653.6252594666
Africa Eastern and Southern,2004,2489.96586510627
Africa Eastern and Southern,2003,2357.60114517021
Africa Eastern and Southern,2002,2302.70845944137
Africa Eastern and Southern,2001,2241.86048092387
Africa Eastern and Southern,2000,2170.53713010565
Africa Eastern and Southern,1999,2107.80447821892
Africa Eastern and Southern,1998,2075.94233264306
Africa Eastern and Southern,1997,2067.47386638916
Africa Eastern and Southern,1996,1999.37147114218
Africa Eastern and Southern,1995,1908.4728824506
Africa Eastern and Southern,1994,1836.83026163498
Africa Eastern and Southern,1993,1812.06797814491
Africa Eastern and Southern,1992,1825.68223565644
Africa Eastern and Southern,1991,1872.51084230506
Africa Eastern and Southern,1990,1857.8199887397
Africa Eastern and Southern,1989,
Africa Eastern and Southern,1988,
Africa Eastern and Southern,1987,
Africa Eastern and Southern,1986,
Africa Eastern and Southern,1985,
Africa Eastern and Southern,1984,
Africa Eastern and Southern,1983,
Africa Eastern and Southern,1982,
Africa Eastern and Southern,1981,
Africa Eastern and Southern,1980,
Africa Eastern and Southern,1979,
Africa Eastern and Southern,1978,
Africa Eastern and Southern,1977,
Africa Eastern and Southern,1976,
Africa Eastern and Southern,1975,
Africa Eastern and Southern,1974,
Africa Eastern and Southern,1973,
Africa Eastern and Southern,1972,
Africa Eastern and Southern,1971,
Africa Eastern and Southern,1970,
Africa Eastern and Southern,1969,
Africa Eastern and Southern,1968,
Africa Eastern and Southern,1967,
Africa Eastern and Southern,1966,
Africa Eastern and Southern,1965,
Africa Eastern and Southern,1964,
Africa Eastern and Southern,1963,
Africa Eastern and Southern,1962,
Africa Eastern and Southern,1961,
Africa Eastern and Southern,1960,
Africa Western and Central,2025,7184.66448266193
Africa Western and Central,2024,6840.33388231922
Africa Western and Central,2023,6538.81203828952
Africa Western and Central,2022,6232.32301367722
Africa Western and Central,2021,5702.13488630478
Africa Western and Central,2020,5423.59440539157
Africa Western and Central,2019,5491.68793497457
Africa Western and Central,2018,5188.36799985052
Africa Western and Central,2017,5035.76239103569
Africa Western and Central,2016,4972.62385940911
Africa Western and Central,2015,5063.90537463052
Africa Western and Central,2014,5121.42199081437
Africa Western and Central,2013,4867.13076339912
Africa Western and Central,2012,4666.58851844252
Africa Western and Central,2011,4536.83732205393
Africa Western and Central,2010,4351.69224919239
Africa Western and Central,2009,4127.75626243136
Africa Western and Central,2008,3968.37686494242
Africa Western and Central,2007,3767.06675841075
Africa Western and Central,2006,3574.07515339899
Africa Western and Central,2005,3384.83236622745
Africa Western and Central,2004,3188.64750774351
Africa Western and Central,2003,2952.02330645502
Africa Western and Central,2002,2811.13861512779
Africa Western and Central,2001,2578.42022908412
Africa Western and Central,2000,2460.63369727221
Africa Western and Central,1999,2380.34381922735
Africa Western and Central,1998,2376.73710547389
Africa Western and Central,1997,2333.84704937133
Africa Western and Central,1996,2262.47352433543
Africa Western and Central,1995,2183.17563607931
Africa Western and Central,1994,2161.42249436368
Africa Western and Central,1993,2180.17483175958
Africa Western and Central,1992,2216.89329850492
Africa Western and Central,1991,2170.87499987679
Africa Western and Central,1990,2131.70863960967
Africa Western and Central,1989,
Africa Western and Central,1988,
Africa Western and Central,1987,
Africa Western and Central,1986,
Africa Western and Central,1985,
Africa Western and Central,1984,
Africa Western and Central,1983,
Africa Western and Central,1982,
Africa Western and Central,1981,
Africa Western and Central,1980,
Africa Western and Central,1979,
Africa Western and Central,1978,
Africa Western and Central,1977,
Africa Western and Central,1976,
Africa Western and Central,1975,
Africa Western and Central,1974,
Africa Western and Central,1973,
Africa Western and Central,1972,
Africa Western and Central,1971,
Africa Western and Central,1970,
Africa Western and Central,1969,
Africa Western and Central,1968,
Africa Western and Central,1967,
Africa Western and Central,1966,
Africa Western and Central,1965,
Africa Western and Central,1964,
Africa Western and Central,1963,
Africa Western and Central,1962,
Africa Western and Central,1961,
Africa Western and Central,1960,
Arab World,2025,19783.1661012207
Arab World,2024,18963.7188719868
Arab World,2023,18535.5718250448
Arab World,2022,17982.9465916669
Arab World,2021,16056.1999979133
Arab World,2020,14338.4686513157
Arab World,2019,15767.3970459926
Arab World,2018,15578.8139057756
Arab World,2017,14494.5144598753
Arab World,2016,13880.772630407
Arab World,2015,14353.7312174047
Arab World,2014,15837.4560557778
Arab World,2013,16054.0404163092
Arab World,2012,16126.5361986369
Arab World,2011,15265.6893328221
Arab World,2010,14698.7376828127
Arab World,2009,14148.1923860482
Arab World,2008,14321.3304184415
Arab World,2007,13647.5814357976
Arab World,2006,13044.9713291844
Arab World,2005,12225.4837166676
Arab World,2004,11508.3620668893
Arab World,2003,10486.5347838941
Arab World,2002,10170.3665742744
Arab World,2001,10154.3656088971
Arab World,2000,9960.72060621563
Arab World,1999,9370.8507654787
Arab World,1998,9179.99848530516
Arab World,1997,8843.52411996818
Arab World,1996,8448.62843056553
Arab World,1995,8118.07608265345
Arab World,1994,7949.12921912417
Arab World,1993,7770.71349956938
Arab World,1992,7642.86948851649
Arab World,1991,7262.93098705487
Arab World,1990,6940.34158896719
Arab World,1989,
Arab World,1988,
Arab World,1987,
Arab World,1986,
Arab World,1985,
Arab World,1984,
Arab World,1983,
Arab World,1982,
Arab World,1981,
Arab World,1980,
Arab World,1979,
Arab World,1978,
Arab World,1977,
Arab World,1976,
Arab World,1975,
Arab World,1974,
Arab World,1973,
Arab World,1972,
Arab World,1971,
Arab World,1970,
Arab World,1969,
Arab World,1968,
Arab World,1967,
Arab World,1966,
Arab World,1965,
Arab World,1964,
Arab World,1963,
Arab World,1962,
Arab World,1961,
Arab World,1960,
Caribbean small states,2025,42963.806092907
Caribbean small states,2024,38670.9082440011
Caribbean small states,2023,32879.5234896983
Caribbean small states,2022,28945.6087800083
Caribbean small states,2021,23495.1590735021
Caribbean small states,2020,20169.8826381617
Caribbean small states,2019,22156.1172344598
Caribbean small states,2018,21259.1014637807
Caribbean small states,2017,20796.7249890991
Caribbean small states,2016,19976.866124705
Caribbean small states,2015,20632.6575710473
Caribbean small states,2014,21219.9395191324
Caribbean small states,2013,20901.494764246
Caribbean small states,2012,20705.6242991751
Caribbean small states,2011,20245.9839576587
Caribbean small states,2010,19777.9740264198
Caribbean small states,2009,19322.1869067605
Caribbean small states,2008,19942.3372460299
Caribbean small states,2007,19282.7981580229
Caribbean small states,2006,18126.1710618374
Caribbean small states,2005,16277.0992564166
Caribbean small states,2004,14989.2077652181
Caribbean small states,2003,13966.6838715745
Caribbean small states,2002,12862.0318003327
Caribbean small states,2001,12220.7846205148
Caribbean small states,2000,11756.3585295158
Caribbean small states,1999,11058.6672835058
Caribbean small states,1998,10444.0609707383
Caribbean small states,1997,9919.52250436574
Caribbean small states,1996,9352.61590318398
Caribbean small states,1995,8806.27305143825
Caribbean small states,1994,8437.77271125417
Caribbean small states,1993,8038.2315377274
Caribbean small states,1992,7867.89667668059
Caribbean small states,1991,7480.05925916911
Caribbean small states,1990,7211.37823875414
Caribbean small states,1989,
Caribbean small states,1988,
Caribbean small states,1987,
Caribbean small states,1986,
Caribbean small states,1985,
Caribbean small states,1984,
Caribbean small states,1983,
Caribbean small states,1982,
Caribbean small states,1981,
Caribbean small states,1980,
Caribbean small states,1979,
Caribbean small states,1978,
Caribbean small states,1977,
Caribbean small states,1976,
Caribbean small states,1975,
Caribbean small states,1974,
Caribbean small states,1973,
Caribbean small states,1972,
Caribbean small states,1971,
Caribbean small states,1970,
Caribbean small states,1969,
Caribbean small states,1968,
Caribbean small states,1967,
Caribbean small states,1966,
Caribbean small states,1965,
Caribbean small states,1964,
Caribbean small states,1963,
Caribbean small states,1962,
Caribbean small states,1961,
Caribbean small states,1960,
Central Europe and the Baltics,2025,52849.0502475199
Central Europe and the Baltics,2024,50542.6280755689
Central Europe and the Baltics,2023,48014.3414866347
Central Europe and the Baltics,2022,45264.7376182599
Central Europe and the Baltics,2021,40122.3609600588
Central Europe and the Baltics,2020,36454.227425867
Central Europe and the Baltics,2019,35861.647806839
Central Europe and the Baltics,2018,32302.4166123144
Central Europe and the Baltics,2017,29977.3227104648
Central Europe and the Baltics,2016,27864.3615159753
Central Europe and the Baltics,2015,26201.341579345
Central Europe and the Baltics,2014,24971.5268286455
Central Europe and the Baltics,2013,23869.112331393
Central Europe and the Baltics,2012,23101.2046132402
Central Europe and the Baltics,2011,22312.7367688531
Central Europe and the Baltics,2010,20812.6121916717
Central Europe and the Baltics,2009,19654.2005439072
Central Europe and the Baltics,2008,19607.9394735847
Central Europe and the Baltics,2007,17693.6533575184
Central Europe and the Baltics,2006,15868.5307110377
Central Europe and the Baltics,2005,14279.4620605722
Central Europe and the Baltics,2004,13467.6401045806
Central Europe and the Baltics,2003,12319.017521412
Central Europe and the Baltics,2002,11630.6749634735
Central Europe and the Baltics,2001,10817.7332795045
Central Europe and the Baltics,2000,10038.2477648203
Central Europe and the Baltics,1999,9420.76066605675
Central Europe and the Baltics,1998,9119.23033472879
Central Europe and the Baltics,1997,8729.84124773258
Central Europe and the Baltics,1996,8429.8504286702
Central Europe and the Baltics,1995,8023.78021339243
Central Europe and the Baltics,1994,7447.80400936676
Central Europe and the Baltics,1993,7031.25249076864
Central Europe and the Baltics,1992,6840.65063027541
Central Europe and the Baltics,1991,6985.79141929437
Central Europe and the Baltics,1990,7541.10806324297
Central Europe and the Baltics,1989,
Central Europe and the Baltics,1988,
Central Europe and the Baltics,1987,
Central Europe and the Baltics,1986,
Central Europe and the Baltics,1985,
Central Europe and the Baltics,1984,
Central Europe and the Baltics,1983,
Central Europe and the Baltics,1982,
Central Europe and the Baltics,1981,
Central Europe and the Baltics,1980,
Central Europe and the Baltics,1979,
Central Europe and the Baltics,1978,
Central Europe and the Baltics,1977,
Central Europe and the Baltics,1976,
Central Europe and the Baltics,1975,
Central Europe and the Baltics,1974,
Central Europe and the Baltics,1973,
Central Europe and the Baltics,1972,
Central Europe and the Baltics,1971,
Central Europe and the Baltics,1970,
Central Europe and the Baltics,1969,
Central Europe and the Baltics,1968,
Central Europe and the Baltics,1967,
Central Europe and the Baltics,1966,
Central Europe and the Baltics,1965,
Central Europe and the Baltics,1964,
Central Europe and the Baltics,1963,
Central Europe and the Baltics,1962,
Central Europe and the Baltics,1961,
Central Europe and the Baltics,1960,
Early-demographic dividend,2025,14620.932240004
Early-demographic dividend,2024,13811.1555049488
Early-demographic dividend,2023,13077.74159237
Early-demographic dividend,2022,12179.6777105287
Early-demographic dividend,2021,10723.3712238292
Early-demographic dividend,2020,9606.79804230566
Early-demographic dividend,2019,9858.57637742462
Early-demographic dividend,2018,9528.54183592407
Early-demographic dividend,2017,9044.20137999894
Early-demographic dividend,2016,8575.49198142062
Early-demographic dividend,2015,8264.59584216122
Early-demographic dividend,2014,8157.89125851157
Early-demographic dividend,2013,7927.02682343953
Early-demographic dividend,2012,7696.50831618686
Early-demographic dividend,2011,7330.48503992208
Early-demographic dividend,2010,6917.66792860137
Early-demographic dividend,2009,6515.57378431962
Early-demographic dividend,2008,6431.39236870892
Early-demographic dividend,2007,6149.79535067732
Early-demographic dividend,2006,5730.34028577076
Early-demographic dividend,2005,5291.19089389326
Early-demographic dividend,2004,4917.60568309579
Early-demographic dividend,2003,4565.41417939608
Early-demographic dividend,2002,4333.40699003588
Early-demographic dividend,2001,4252.34321723664
Early-demographic dividend,2000,4149.8066782709
Early-demographic dividend,1999,3952.09805203558
Early-demographic dividend,1998,3867.90775936397
Early-demographic dividend,1997,3906.57309856141
Early-demographic dividend,1996,3746.27277724594
Early-demographic dividend,1995,3555.2889577135
Early-demographic dividend,1994,3431.37817049576
Early-demographic dividend,1993,3328.58995120292
Early-demographic dividend,1992,3245.7793151708
Early-demographic dividend,1991,3113.07398729787
Early-demographic dividend,1990,2949.71744934889
Early-demographic dividend,1989,
Early-demographic dividend,1988,
Early-demographic dividend,1987,
Early-demographic dividend,1986,
Early-demographic dividend,1985,
Early-demographic dividend,1984,
Early-demographic dividend,1983,
Early-demographic dividend,1982,
Early-demographic dividend,1981,
Early-demographic dividend,1980,
Early-demographic dividend,1979,
Early-demographic dividend,1978,
Early-demographic dividend,1977,
Early-demographic dividend,1976,
Early-demographic dividend,1975,
Early-demographic dividend,1974,
Early-demographic dividend,1973,
Early-demographic dividend,1972,
Early-demographic dividend,1971,
Early-demographic dividend,1970,
Early-demographic dividend,1969,
Early-demographic dividend,1968,
Early-demographic dividend,1967,
Early-demographic dividend,1966,
Early-demographic dividend,1965,
Early-demographic dividend,1964,
Early-demographic dividend,1963,
Early-demographic dividend,1962,
Early-demographic dividend,1961,
Early-demographic dividend,1960,
East Asia & Pacific,2025,29302.8935831596
East Asia & Pacific,2024,27438.5129211192
East Asia & Pacific,2023,25752.2654674716
East Asia & Pacific,2022,23800.6462225106
East Asia & Pacific,2021,21598.5847592384
East Asia & Pacific,2020,19443.1770050374
East Asia & Pacific,2019,19109.0873516499
East Asia & Pacific,2018,18016.3685078978
East Asia & Pacific,2017,16890.8665756057
East Asia & Pacific,2016,16099.1896220041
East Asia & Pacific,2015,15521.9186158598
East Asia & Pacific,2014,15032.999332664
East Asia & Pacific,2013,14440.0641260505
East Asia & Pacific,2012,13677.7865860472
East Asia & Pacific,2011,12789.5086761309
East Asia & Pacific,2010,11903.4019038231
East Asia & Pacific,2009,10964.6054238453
East Asia & Pacific,2008,10584.568961206
East Asia & Pacific,2007,9953.2796733508
East Asia & Pacific,2006,9012.20164717179
East Asia & Pacific,2005,8208.57005269424
East Asia & Pacific,2004,7541.91266951524
East Asia & Pacific,2003,6953.53688410976
East Asia & Pacific,2002,6527.93266588991
East Asia & Pacific,2001,6148.37735088288
East Asia & Pacific,2000,5842.42381712351
East Asia & Pacific,1999,5425.47166232957
East Asia & Pacific,1998,5187.40270823077
East Asia & Pacific,1997,5203.23534461325
East Asia & Pacific,1996,4947.27388125136
East Asia & Pacific,1995,4618.73451185877
East Asia & Pacific,1994,4305.67930079216
East Asia & Pacific,1993,4017.73916737934
East Asia & Pacific,1992,3774.11012185593
East Asia & Pacific,1991,3546.66463048184
East Asia & Pacific,1990,3293.2779114681
East Asia & Pacific,1989,
East Asia & Pacific,1988,
East Asia & Pacific,1987,
East Asia & Pacific,1986,
East Asia & Pacific,1985,
East Asia & Pacific,1984,
East Asia & Pacific,1983,
East Asia & Pacific,1982,
East Asia & Pacific,1981,
East Asia & Pacific,1980,
East Asia & Pacific,1979,
East Asia & Pacific,1978,
East Asia & Pacific,1977,
East Asia & Pacific,1976,
East Asia & Pacific,1975,
East Asia & Pacific,1974,
East Asia & Pacific,1973,
East Asia & Pacific,1972,
East Asia & Pacific,1971,
East Asia & Pacific,1970,
East Asia & Pacific,1969,
East Asia & Pacific,1968,
East Asia & Pacific,1967,
East Asia & Pacific,1966,
East Asia & Pacific,1965,
East Asia & Pacific,1964,
East Asia & Pacific,1963,
East Asia & Pacific,1962,
East Asia & Pacific,1961,
East Asia & Pacific,1960,
East Asia & Pacific (excluding high income),2025,25083.7806139111
East Asia & Pacific (excluding high income),2024,23283.4130214757
East Asia & Pacific (excluding high income),2023,21686.0963057574
East Asia & Pacific (excluding high income),2022,19923.1740251324
East Asia & Pacific (excluding high income),2021,17966.100209993
East Asia & Pacific (excluding high income),2020,16013.4753426599
East Asia & Pacific (excluding high income),2019,15683.1259243092
East Asia & Pacific (excluding high income),2018,14588.5359546838
East Asia & Pacific (excluding high income),2017,13488.4527615171
East Asia & Pacific (excluding high income),2016,12742.0507041478
East Asia & Pacific (excluding high income),2015,12146.4355160965
East Asia & Pacific (excluding high income),2014,11753.5559132772
East Asia & Pacific (excluding high income),2013,11177.095575401
East Asia & Pacific (excluding high income),2012,10521.4875508724
East Asia & Pacific (excluding high income),2011,9671.44323486388
East Asia & Pacific (excluding high income),2010,8827.22857530155
East Asia & Pacific (excluding high income),2009,8021.12008013202
East Asia & Pacific (excluding high income),2008,7476.70733208862
East Asia & Pacific (excluding high income),2007,6831.30319709087
East Asia & Pacific (excluding high income),2006,6002.48784005454
East Asia & Pacific (excluding high income),2005,5317.99092970131
East Asia & Pacific (excluding high income),2004,4748.89102369343
East Asia & Pacific (excluding high income),2003,4288.29637780128
East Asia & Pacific (excluding high income),2002,3906.80196418253
East Asia & Pacific (excluding high income),2001,3603.57612015824
East Asia & Pacific (excluding high income),2000,3341.25304754037
East Asia & Pacific (excluding high income),1999,3072.94244653162
East Asia & Pacific (excluding high income),1998,2893.09062508976
East Asia & Pacific (excluding high income),1997,2869.36586679214
East Asia & Pacific (excluding high income),1996,2675.44710550219
East Asia & Pacific (excluding high income),1995,2445.64139983889
East Asia & Pacific (excluding high income),1994,2214.59728269217
East Asia & Pacific (excluding high income),1993,1993.54439589404
East Asia & Pacific (excluding high income),1992,1788.29988470682
East Asia & Pacific (excluding high income),1991,1608.41311498031
East Asia & Pacific (excluding high income),1990,1466.32540507192
East Asia & Pacific (excluding high income),1989,
East Asia & Pacific (excluding high income),1988,
East Asia & Pacific (excluding high income),1987,
East Asia & Pacific (excluding high income),1986,
East Asia & Pacific (excluding high income),1985,
East Asia & Pacific (excluding high income),1984,
East Asia & Pacific (excluding high income),1983,
East Asia & Pacific (excluding high income),1982,
East Asia & Pacific (excluding high income),1981,
East Asia & Pacific (excluding high income),1980,
East Asia & Pacific (excluding high income),1979,
East Asia & Pacific (excluding high income),1978,
East Asia & Pacific (excluding high income),1977,
East Asia & Pacific (excluding high income),1976,
East Asia & Pacific (excluding high income),1975,
East Asia & Pacific (excluding high income),1974,
East Asia & Pacific (excluding high income),1973,
East Asia & Pacific (excluding high income),1972,
East Asia & Pacific (excluding high income),1971,
East Asia & Pacific (excluding high income),1970,
East Asia & Pacific (excluding high income),1969,
East Asia & Pacific (excluding high income),1968,
East Asia & Pacific (excluding high income),1967,
East Asia & Pacific (excluding high income),1966,
East Asia & Pacific (excluding high income),1965,
East Asia & Pacific (excluding high income),1964,
East Asia & Pacific (excluding high income),1963,
East Asia & Pacific (excluding high income),1962,
East Asia & Pacific (excluding high income),1961,
East Asia & Pacific (excluding high income),1960,
East Asia & Pacific (IDA & IBRD countries),2025,25366.6056330139
East Asia & Pacific (IDA & IBRD countries),2024,23545.5187860765
East Asia & Pacific (IDA & IBRD countries),2023,21929.8374430801
East Asia & Pacific (IDA & IBRD countries),2022,20146.7246328844
East Asia & Pacific (IDA & IBRD countries),2021,18167.4009161466
East Asia & Pacific (IDA & IBRD countries),2020,16192.8182039717
East Asia & Pacific (IDA & IBRD countries),2019,15858.9260387373
East Asia & Pacific (IDA & IBRD countries),2018,14752.3323183285
East Asia & Pacific (IDA & IBRD countries),2017,13640.2597987988
East Asia & Pacific (IDA & IBRD countries),2016,12885.9507494662
East Asia & Pacific (IDA & IBRD countries),2015,12284.0283710403
East Asia & Pacific (IDA & IBRD countries),2014,11887.1086298281
East Asia & Pacific (IDA & IBRD countries),2013,11304.571018183
East Asia & Pacific (IDA & IBRD countries),2012,10642.0239199841
East Asia & Pacific (IDA & IBRD countries),2011,9782.7667501464
East Asia & Pacific (IDA & IBRD countries),2010,8929.22453652354
East Asia & Pacific (IDA & IBRD countries),2009,8114.13455409503
East Asia & Pacific (IDA & IBRD countries),2008,7563.71587325359
East Asia & Pacific (IDA & IBRD countries),2007,6911.08443073096
East Asia & Pacific (IDA & IBRD countries),2006,6072.84289418195
East Asia & Pacific (IDA & IBRD countries),2005,5380.52420967559
East Asia & Pacific (IDA & IBRD countries),2004,4804.88022603509
East Asia & Pacific (IDA & IBRD countries),2003,4338.9396654278
East Asia & Pacific (IDA & IBRD countries),2002,3953.0765989445
East Asia & Pacific (IDA & IBRD countries),2001,3646.43485999729
East Asia & Pacific (IDA & IBRD countries),2000,3381.1346941739
East Asia & Pacific (IDA & IBRD countries),1999,3109.75338404216
East Asia & Pacific (IDA & IBRD countries),1998,2927.87536525765
East Asia & Pacific (IDA & IBRD countries),1997,2903.9940884734
East Asia & Pacific (IDA & IBRD countries),1996,2707.86055650458
East Asia & Pacific (IDA & IBRD countries),1995,2475.37241908297
East Asia & Pacific (IDA & IBRD countries),1994,2241.55436005396
East Asia & Pacific (IDA & IBRD countries),1993,2017.79432061047
East Asia & Pacific (IDA & IBRD countries),1992,1810.06421205065
East Asia & Pacific (IDA & IBRD countries),1991,1628.00873302507
East Asia & Pacific (IDA & IBRD countries),1990,1484.22636990359
East Asia & Pacific (IDA & IBRD countries),1989,
East Asia & Pacific (IDA & IBRD countries),1988,
East Asia & Pacific (IDA & IBRD countries),1987,
East Asia & Pacific (IDA & IBRD countries),1986,
East Asia & Pacific (IDA & IBRD countries),1985,
East Asia & Pacific (IDA & IBRD countries),1984,
East Asia & Pacific (IDA & IBRD countries),1983,
East Asia & Pacific (IDA & IBRD countries),1982,
East Asia & Pacific (IDA & IBRD countries),1981,
East Asia & Pacific (IDA & IBRD countries),1980,
East Asia & Pacific (IDA & IBRD countries),1979,
East Asia & Pacific (IDA & IBRD countries),1978,
East Asia & Pacific (IDA & IBRD countries),1977,
East Asia & Pacific (IDA & IBRD countries),1976,
East Asia & Pacific (IDA & IBRD countries),1975,
East Asia & Pacific (IDA & IBRD countries),1974,
East Asia & Pacific (IDA & IBRD countries),1973,
East Asia & Pacific (IDA & IBRD countries),1972,
East Asia & Pacific (IDA & IBRD countries),1971,
East Asia & Pacific (IDA & IBRD countries),1970,
East Asia & Pacific (IDA & IBRD countries),1969,
East Asia & Pacific (IDA & IBRD countries),1968,
East Asia & Pacific (IDA & IBRD countries),1967,
East Asia & Pacific (IDA & IBRD countries),1966,
East Asia & Pacific (IDA & IBRD countries),1965,
East Asia & Pacific (IDA & IBRD countries),1964,
East Asia & Pacific (IDA & IBRD countries),1963,
East Asia & Pacific (IDA & IBRD countries),1962,
East Asia & Pacific (IDA & IBRD countries),1961,
East Asia & Pacific (IDA & IBRD countries),1960,
Euro area,2025,67483.0829954093
Euro area,2024,65966.8442234144
Euro area,2023,63831.250436355
Euro area,2022,60679.2730178163
Euro area,2021,53780.959568799
Euro area,2020,49280.0229070473
Euro area,2019,50791.823466043
Euro area,2018,47318.5743379282
Euro area,2017,45355.7249821481
Euro area,2016,43249.5569026614
Euro area,2015,40769.9816660802
Euro area,2014,39644.1377115733
Euro area,2013,38583.3726880613
Euro area,2012,37313.8549731611
Euro area,2011,36963.185053671
Euro area,2010,35284.1198834965
Euro area,2009,34334.376914551
Euro area,2008,35173.8352014443
Euro area,2007,33873.078955845
Euro area,2006,31979.7059169168
Euro area,2005,29534.8530644753
Euro area,2004,28495.7980872224
Euro area,2003,27399.1953941526
Euro area,2002,26924.4739075004
Euro area,2001,25878.6775048167
Euro area,2000,24695.3906993759
Euro area,1999,23227.6329416386
Euro area,1998,22360.130470768
Euro area,1997,21343.0748546453
Euro area,1996,20549.3432418504
Euro area,1995,19956.9363820049
Euro area,1994,19120.1282046038
Euro area,1993,18318.4111984279
Euro area,1992,18099.1387846804
Euro area,1991,17608.9109859358
Euro area,1990,16748.0137648355
Euro area,1989,
Euro area,1988,
Euro area,1987,
Euro area,1986,
Euro area,1985,
Euro area,1984,
Euro area,1983,
Euro area,1982,
Euro area,1981,
Euro area,1980,
Euro area,1979,
Euro area,1978,
Euro area,1977,
Euro area,1976,
Euro area,1975,
Euro area,1974,
Euro area,1973,
Euro area,1972,
Euro area,1971,
Euro area,1970,
Euro area,1969,
Euro area,1968,
Euro area,1967,
Euro area,1966,
Euro area,1965,
Euro area,1964,
Euro area,1963,
Euro area,1962,
Euro area,1961,
Euro area,1960,
Europe & Central Asia,2025,54129.367938537
Europe & Central Asia,2024,52686.8964371402
Europe & Central Asia,2023,50482.8793630789
Europe & Central Asia,2022,47853.0774254467
Europe & Central Asia,2021,42434.0454804633
Europe & Central Asia,2020,38111.8684660125
Europe & Central Asia,2019,38621.8354876282
Europe & Central Asia,2018,36005.7438495717
Europe & Central Asia,2017,34259.0681434047
Europe & Central Asia,2016,32525.5820200401
Europe & Central Asia,2015,31109.553754665
Europe & Central Asia,2014,30669.0359768491
Europe & Central Asia,2013,29897.045564884
Europe & Central Asia,2012,28583.5082206103
Europe & Central Asia,2011,27831.0823229027
Europe & Central Asia,2010,26239.4440222915
Europe & Central Asia,2009,25173.2410942587
Europe & Central Asia,2008,25866.2821937772
Europe & Central Asia,2007,24212.3965991349
Europe & Central Asia,2006,22569.3267843126
Europe & Central Asia,2005,20375.8698095985
Europe & Central Asia,2004,19326.6422113005
Europe & Central Asia,2003,18198.6341318662
Europe & Central Asia,2002,17521.7408992497
Europe & Central Asia,2001,16727.5841694496
Europe & Central Asia,2000,15923.3733195805
Europe & Central Asia,1999,14780.5067438711
Europe & Central Asia,1998,14220.4675606177
Europe & Central Asia,1997,13938.9135102305
Europe & Central Asia,1996,13355.5734143789
Europe & Central Asia,1995,12916.2648357578
Europe & Central Asia,1994,12432.6839350493
Europe & Central Asia,1993,12217.6567981206
Europe & Central Asia,1992,12126.029551912
Europe & Central Asia,1991,12113.4876671191
Europe & Central Asia,1990,11867.2811408303
Europe & Central Asia,1989,
Europe & Central Asia,1988,
Europe & Central Asia,1987,
Europe & Central Asia,1986,
Europe & Central Asia,1985,
Europe & Central Asia,1984,
Europe & Central Asia,1983,
Europe & Central Asia,1982,
Europe & Central Asia,1981,
Europe & Central Asia,1980,
Europe & Central Asia,1979,
Europe & Central Asia,1978,
Europe & Central Asia,1977,
Europe & Central Asia,1976,
Europe & Central Asia,1975,
Europe & Central Asia,1974,
Europe & Central Asia,1973,
Europe & Central Asia,1972,
Europe & Central Asia,1971,
Europe & Central Asia,1970,
Europe & Central Asia,1969,
Europe & Central Asia,1968,
Europe & Central Asia,1967,
Europe & Central Asia,1966,
Europe & Central Asia,1965,
Europe & Central Asia,1964,
Europe & Central Asia,1963,
Europe & Central Asia,1962,
Europe & Central Asia,1961,
Europe & Central Asia,1960,
Europe & Central Asia (excluding high income),2025,30030.257867286
Europe & Central Asia (excluding high income),2024,29265.2526450133
Europe & Central Asia (excluding high income),2023,27766.6698723474
Europe & Central Asia (excluding high income),2022,25303.5664518492
Europe & Central Asia (excluding high income),2021,22179.1768626
Europe & Central Asia (excluding high income),2020,19846.6527118457
Europe & Central Asia (excluding high income),2019,19511.551470697
Europe & Central Asia (excluding high income),2018,18367.137563627
Europe & Central Asia (excluding high income),2017,17699.3753418621
Europe & Central Asia (excluding high income),2016,16799.3211787397
Europe & Central Asia (excluding high income),2015,16195.6209216632
Europe & Central Asia (excluding high income),2014,15901.4609578232
Europe & Central Asia (excluding high income),2013,15374.7781290301
Europe & Central Asia (excluding high income),2012,14118.4803022281
Europe & Central Asia (excluding high income),2011,13371.9837133244
Europe & Central Asia (excluding high income),2010,12154.7505133204
Europe & Central Asia (excluding high income),2009,11145.2618328008
Europe & Central Asia (excluding high income),2008,11491.0114025588
Europe & Central Asia (excluding high income),2007,10653.4259398466
Europe & Central Asia (excluding high income),2006,9557.00069190538
Europe & Central Asia (excluding high income),2005,8374.49633762392
Europe & Central Asia (excluding high income),2004,7594.39600887626
Europe & Central Asia (excluding high income),2003,6723.97169012428
Europe & Central Asia (excluding high income),2002,6279.81734189795
Europe & Central Asia (excluding high income),2001,5968.5073834528
Europe & Central Asia (excluding high income),2000,5754.6685612126
Europe & Central Asia (excluding high income),1999,5247.41940395976
Europe & Central Asia (excluding high income),1998,5229.83088328089
Europe & Central Asia (excluding high income),1997,5926.86636508551
Europe & Central Asia (excluding high income),1996,5545.2836822338
Europe & Central Asia (excluding high income),1995,5339.64934805169
Europe & Central Asia (excluding high income),1994,5272.31307831736
Europe & Central Asia (excluding high income),1993,5859.74702208501
Europe & Central Asia (excluding high income),1992,5946.97156405652
Europe & Central Asia (excluding high income),1991,6187.28420809456
Europe & Central Asia (excluding high income),1990,6355.62591770653
Europe & Central Asia (excluding high income),1989,
Europe & Central Asia (excluding high income),1988,
Europe & Central Asia (excluding high income),1987,
Europe & Central Asia (excluding high income),1986,
Europe & Central Asia (excluding high income),1985,
Europe & Central Asia (excluding high income),1984,
Europe & Central Asia (excluding high income),1983,
Europe & Central Asia (excluding high income),1982,
Europe & Central Asia (excluding high income),1981,
Europe & Central Asia (excluding high income),1980,
Europe & Central Asia (excluding high income),1979,
Europe & Central Asia (excluding high income),1978,
Europe & Central Asia (excluding high income),1977,
Europe & Central Asia (excluding high income),1976,
Europe & Central Asia (excluding high income),1975,
Europe & Central Asia (excluding high income),1974,
Europe & Central Asia (excluding high income),1973,
Europe & Central Asia (excluding high income),1972,
Europe & Central Asia (excluding high income),1971,
Europe & Central Asia (excluding high income),1970,
Europe & Central Asia (excluding high income),1969,
Europe & Central Asia (excluding high income),1968,
Europe & Central Asia (excluding high income),1967,
Europe & Central Asia (excluding high income),1966,
Europe & Central Asia (excluding high income),1965,
Europe & Central Asia (excluding high income),1964,
Europe & Central Asia (excluding high income),1963,
Europe & Central Asia (excluding high income),1962,
Europe & Central Asia (excluding high income),1961,
Europe & Central Asia (excluding high income),1960,
Europe & Central Asia (IDA & IBRD countries),2025,39498.078452217
Europe & Central Asia (IDA & IBRD countries),2024,38191.6752565419
Europe & Central Asia (IDA & IBRD countries),2023,35927.6578826571
Europe & Central Asia (IDA & IBRD countries),2022,33113.9262458023
Europe & Central Asia (IDA & IBRD countries),2021,29918.4650718143
Europe & Central Asia (IDA & IBRD countries),2020,25868.6126368479
Europe & Central Asia (IDA & IBRD countries),2019,25430.3956536262
Europe & Central Asia (IDA & IBRD countries),2018,23563.3304708478
Europe & Central Asia (IDA & IBRD countries),2017,21984.7587570527
Europe & Central Asia (IDA & IBRD countries),2016,20628.8913915183
Europe & Central Asia (IDA & IBRD countries),2015,20056.3348730479
Europe & Central Asia (IDA & IBRD countries),2014,20267.2299705629
Europe & Central Asia (IDA & IBRD countries),2013,19832.6527414874
Europe & Central Asia (IDA & IBRD countries),2012,18557.5157041033
Europe & Central Asia (IDA & IBRD countries),2011,17567.6583722476
Europe & Central Asia (IDA & IBRD countries),2010,15963.739840042
Europe & Central Asia (IDA & IBRD countries),2009,14912.697651554
Europe & Central Asia (IDA & IBRD countries),2008,15292.0241509084
Europe & Central Asia (IDA & IBRD countries),2007,13410.7928710133
Europe & Central Asia (IDA & IBRD countries),2006,12000.9340775291
Europe & Central Asia (IDA & IBRD countries),2005,10148.8837173281
Europe & Central Asia (IDA & IBRD countries),2004,9131.90192213052
Europe & Central Asia (IDA & IBRD countries),2003,8187.52597133149
Europe & Central Asia (IDA & IBRD countries),2002,7482.24794834049
Europe & Central Asia (IDA & IBRD countries),2001,6987.71054500647
Europe & Central Asia (IDA & IBRD countries),2000,6612.23791052272
Europe & Central Asia (IDA & IBRD countries),1999,5972.61142062152
Europe & Central Asia (IDA & IBRD countries),1998,5767.70631880756
Europe & Central Asia (IDA & IBRD countries),1997,6131.12785114598
Europe & Central Asia (IDA & IBRD countries),1996,5846.87373097144
Europe & Central Asia (IDA & IBRD countries),1995,5719.64397512488
Europe & Central Asia (IDA & IBRD countries),1994,5630.96000066232
Europe & Central Asia (IDA & IBRD countries),1993,6080.04108849556
Europe & Central Asia (IDA & IBRD countries),1992,6236.66256950364
Europe & Central Asia (IDA & IBRD countries),1991,6702.89574283657
Europe & Central Asia (IDA & IBRD countries),1990,6918.3591937689
Europe & Central Asia (IDA & IBRD countries),1989,
Europe & Central Asia (IDA & IBRD countries),1988,
Europe & Central Asia (IDA & IBRD countries),1987,
Europe & Central Asia (IDA & IBRD countries),1986,
Europe & Central Asia (IDA & IBRD countries),1985,
Europe & Central Asia (IDA & IBRD countries),1984,
Europe & Central Asia (IDA & IBRD countries),1983,
Europe & Central Asia (IDA & IBRD countries),1982,
Europe & Central Asia (IDA & IBRD countries),1981,
Europe & Central Asia (IDA & IBRD countries),1980,
Europe & Central Asia (IDA & IBRD countries),1979,
Europe & Central Asia (IDA & IBRD countries),1978,
Europe & Central Asia (IDA & IBRD countries),1977,
Europe & Central Asia (IDA & IBRD countries),1976,
Europe & Central Asia (IDA & IBRD countries),1975,
Europe & Central Asia (IDA & IBRD countries),1974,
Europe & Central Asia (IDA & IBRD countries),1973,
Europe & Central Asia (IDA & IBRD countries),1972,
Europe & Central Asia (IDA & IBRD countries),1971,
Europe & Central Asia (IDA & IBRD countries),1970,
Europe & Central Asia (IDA & IBRD countries),1969,
Europe & Central Asia (IDA & IBRD countries),1968,
Europe & Central Asia (IDA & IBRD countries),1967,
Europe & Central Asia (IDA & IBRD countries),1966,
Europe & Central Asia (IDA & IBRD countries),1965,
Europe & Central Asia (IDA & IBRD countries),1964,
Europe & Central Asia (IDA & IBRD countries),1963,
Europe & Central Asia (IDA & IBRD countries),1962,
Europe & Central Asia (IDA & IBRD countries),1961,
Europe & Central Asia (IDA & IBRD countries),1960,
European Union,2025,65503.0695908092
European Union,2024,63808.066483507
European Union,2023,61545.8225542114
European Union,2022,58573.2066494976
European Union,2021,51968.4388292725
European Union,2020,47566.4351629128
European Union,2019,48588.1245287343
European Union,2018,45055.2034320701
European Union,2017,43031.1203352541
European Union,2016,40893.5798433019
European Union,2015,38551.9915387682
European Union,2014,37363.3590587896
European Union,2013,36288.950981602
European Union,2012,35110.6568356497
European Union,2011,34666.6057692847
European Union,2010,32995.3332533822
European Union,2009,31950.7635903131
European Union,2008,32579.990195379
European Union,2007,31125.3548708881
European Union,2006,29209.4667455011
European Union,2005,26886.7792503718
European Union,2004,25910.573590615
European Union,2003,24749.1036571616
European Union,2002,24225.4311915973
European Union,2001,23208.69031274
European Union,2000,22111.5468780528
European Union,1999,20769.0514349986
European Union,1998,19970.4064864972
European Union,1997,19075.9042816346
European Union,1996,18358.2609785479
European Union,1995,17767.7478376164
European Union,1994,16957.3338525778
European Union,1993,16205.2087595902
European Union,1992,15972.7000367839
European Union,1991,15560.2427729704
European Union,1990,14966.7423481973
European Union,1989,
European Union,1988,
European Union,1987,
European Union,1986,
European Union,1985,
European Union,1984,
European Union,1983,
European Union,1982,
European Union,1981,
European Union,1980,
European Union,1979,
European Union,1978,
European Union,1977,
European Union,1976,
European Union,1975,
European Union,1974,
European Union,1973,
European Union,1972,
European Union,1971,
European Union,1970,
European Union,1969,
European Union,1968,
European Union,1967,
European Union,1966,
European Union,1965,
European Union,1964,
European Union,1963,
European Union,1962,
European Union,1961,
European Union,1960,
Heavily indebted poor countries (HIPC),2025,3833.88968092125
Heavily indebted poor countries (HIPC),2024,3620.11674779792
Heavily indebted poor countries (HIPC),2023,3458.77171509896
Heavily indebted poor countries (HIPC),2022,3315.17526375206
Heavily indebted poor countries (HIPC),2021,3038.71814072197
Heavily indebted poor countries (HIPC),2020,2819.59419004653
Heavily indebted poor countries (HIPC),2019,2821.57243709207
Heavily indebted poor countries (HIPC),2018,2696.73763647632
Heavily indebted poor countries (HIPC),2017,2592.16399013282
Heavily indebted poor countries (HIPC),2016,2504.43302840509
Heavily indebted poor countries (HIPC),2015,2409.44112302463
Heavily indebted poor countries (HIPC),2014,2351.41516067081
Heavily indebted poor countries (HIPC),2013,2202.5394120085
Heavily indebted poor countries (HIPC),2012,2108.64898680723
Heavily indebted poor countries (HIPC),2011,2100.95315909887
Heavily indebted poor countries (HIPC),2010,2031.37225611029
Heavily indebted poor countries (HIPC),2009,1942.09776473884
Heavily indebted poor countries (HIPC),2008,1917.68952251085
Heavily indebted poor countries (HIPC),2007,1831.08244146923
Heavily indebted poor countries (HIPC),2006,1736.0730606257
Heavily indebted poor countries (HIPC),2005,1638.12911848278
Heavily indebted poor countries (HIPC),2004,1547.12831458098
Heavily indebted poor countries (HIPC),2003,1465.36155129431
Heavily indebted poor countries (HIPC),2002,1418.01157027639
Heavily indebted poor countries (HIPC),2001,1381.26243102472
Heavily indebted poor countries (HIPC),2000,1336.57918761753
Heavily indebted poor countries (HIPC),1999,1302.36734821144
Heavily indebted poor countries (HIPC),1998,1275.38522782805
Heavily indebted poor countries (HIPC),1997,1249.77409629041
Heavily indebted poor countries (HIPC),1996,1188.65885465879
Heavily indebted poor countries (HIPC),1995,1137.18652967851
Heavily indebted poor countries (HIPC),1994,1089.51914247445
Heavily indebted poor countries (HIPC),1993,1093.95301506274
Heavily indebted poor countries (HIPC),1992,1091.69647287544
Heavily indebted poor countries (HIPC),1991,1107.44812787366
Heavily indebted poor countries (HIPC),1990,1084.60827711575
Heavily indebted poor countries (HIPC),1989,
Heavily indebted poor countries (HIPC),1988,
Heavily indebted poor countries (HIPC),1987,
Heavily indebted poor countries (HIPC),1986,
Heavily indebted poor countries (HIPC),1985,
Heavily indebted poor countries (HIPC),1984,
Heavily indebted poor countries (HIPC),1983,
Heavily indebted poor countries (HIPC),1982,
Heavily indebted poor countries (HIPC),1981,
Heavily indebted poor countries (HIPC),1980,
Heavily indebted poor countries (HIPC),1979,
Heavily indebted poor countries (HIPC),1978,
Heavily indebted poor countries (HIPC),1977,
Heavily indebted poor countries (HIPC),1976,
Heavily indebted poor countries (HIPC),1975,
Heavily indebted poor countries (HIPC),1974,
Heavily indebted poor countries (HIPC),1973,
Heavily indebted poor countries (HIPC),1972,
Heavily indebted poor countries (HIPC),1971,
Heavily indebted poor countries (HIPC),1970,
Heavily indebted poor countries (HIPC),1969,
Heavily indebted poor countries (HIPC),1968,
Heavily indebted poor countries (HIPC),1967,
Heavily indebted poor countries (HIPC),1966,
Heavily indebted poor countries (HIPC),1965,
Heavily indebted poor countries (HIPC),1964,
Heavily indebted poor countries (HIPC),1963,
Heavily indebted poor countries (HIPC),1962,
Heavily indebted poor countries (HIPC),1961,
Heavily indebted poor countries (HIPC),1960,
High income,2025,69953.0047569439
High income,2024,67537.3747554791
High income,2023,64880.597656891
High income,2022,61763.8921910397
High income,2021,55735.7734268154
High income,2020,50047.16318369
High income,2019,51030.0596237958
High income,2018,48641.7039453571
High income,2017,46339.3351184978
High income,2016,44392.1426586607
High income,2015,43216.2675921104
High income,2014,42701.3552648441
High income,2013,41611.6602991205
High income,2012,40183.9946934163
High income,2011,39022.403199104
High income,2010,37280.1871845774
High income,2009,35815.6314992188
High income,2008,36784.2267238643
High income,2007,35455.1419686057
High income,2006,33626.9537282934
High income,2005,31270.0477970116
High income,2004,29652.4232584522
High income,2003,27989.87093612
High income,2002,26947.2133650995
High income,2001,26013.0229966578
High income,2000,25106.4825607813
High income,1999,23526.6424211991
High income,1998,22550.7600460051
High income,1997,21879.2798902784
High income,1996,20934.2540839533
High income,1995,20075.515550855
High income,1994,19252.5082060965
High income,1993,18459.1910147898
High income,1992,17968.8433815895
High income,1991,17455.2515861717
High income,1990,16868.4038261837
High income,1989,
High income,1988,
High income,1987,
High income,1986,
High income,1985,
High income,1984,
High income,1983,
High income,1982,
High income,1981,
High income,1980,
High income,1979,
High income,1978,
High income,1977,
High income,1976,
High income,1975,
High income,1974,
High income,1973,
High income,1972,
High income,1971,
High income,1970,
High income,1969,
High income,1968,
High income,1967,
High income,1966,
High income,1965,
High income,1964,
High income,1963,
High income,1962,
High income,1961,
High income,1960,
IBRD only,2025,22330.2081478905
IBRD only,2024,21007.2920507601
IBRD only,2023,19714.3753441925
IBRD only,2022,18226.9940818677
IBRD only,2021,16390.9943192501
IBRD only,2020,14525.8229564665
IBRD only,2019,14477.6913232968
IBRD only,2018,13663.8085391697
IBRD only,2017,12768.4504770933
IBRD only,2016,12105.084712321
IBRD only,2015,11653.9139209744
IBRD only,2014,11533.9124619433
IBRD only,2013,11182.4466216474
IBRD only,2012,10673.7615894572
IBRD only,2011,10052.9676543743
IBRD only,2010,9338.27581931083
IBRD only,2009,8657.10442495839
IBRD only,2008,8426.05405257995
IBRD only,2007,7809.50128843614
IBRD only,2006,7061.08164953602
IBRD only,2005,6324.19653576622
IBRD only,2004,5777.07059392307
IBRD only,2003,5272.73270065687
IBRD only,2002,4938.71112156303
IBRD only,2001,4707.50277777968
IBRD only,2000,4488.57114511469
IBRD only,1999,4193.68197803665
IBRD only,1998,4036.31071276781
IBRD only,1997,4002.00255634503
IBRD only,1996,3795.70741612801
IBRD only,1995,3586.09981703876
IBRD only,1994,3414.22150955242
IBRD only,1993,3288.95375840045
IBRD only,1992,3177.18111657361
IBRD only,1991,3097.05499688929
IBRD only,1990,2986.06702757988
IBRD only,1989,
IBRD only,1988,
IBRD only,1987,
IBRD only,1986,
IBRD only,1985,
IBRD only,1984,
IBRD only,1983,
IBRD only,1982,
IBRD only,1981,
IBRD only,1980,
IBRD only,1979,
IBRD only,1978,
IBRD only,1977,
IBRD only,1976,
IBRD only,1975,
IBRD only,1974,
IBRD only,1973,
IBRD only,1972,
IBRD only,1971,
IBRD only,1970,
IBRD only,1969,
IBRD only,1968,
IBRD only,1967,
IBRD only,1966,
IBRD only,1965,
IBRD only,1964,
IBRD only,1963,
IBRD only,1962,
IBRD only,1961,
IBRD only,1960,
IDA & IBRD total,2025,17699.533752673
IDA & IBRD total,2024,16713.4152377213
IDA & IBRD total,2023,15756.333387375
IDA & IBRD total,2022,14655.7063384128
IDA & IBRD total,2021,13235.8358387854
IDA & IBRD total,2020,11830.5520689244
IDA & IBRD total,2019,11821.5980307367
IDA & IBRD total,2018,11193.8922004109
IDA & IBRD total,2017,10517.9115303629
IDA & IBRD total,2016,9998.93004547592
IDA & IBRD total,2015,9655.82965949454
IDA & IBRD total,2014,9559.55307429185
IDA & IBRD total,2013,9261.99127308513
IDA & IBRD total,2012,8850.21814854432
IDA & IBRD total,2011,8371.40611185433
IDA & IBRD total,2010,7815.3903646635
IDA & IBRD total,2009,7278.87747710116
IDA & IBRD total,2008,7093.94863492658
IDA & IBRD total,2007,6607.0373977126
IDA & IBRD total,2006,6008.72388234034
IDA & IBRD total,2005,5415.08005631446
IDA & IBRD total,2004,4965.86401909556
IDA & IBRD total,2003,4549.86206732331
IDA & IBRD total,2002,4277.14424601975
IDA & IBRD total,2001,4083.79836164833
IDA & IBRD total,2000,3902.70638277294
IDA & IBRD total,1999,3662.1367056853
IDA & IBRD total,1998,3535.50882901599
IDA & IBRD total,1997,3505.90031255447
IDA & IBRD total,1996,3337.46487308985
IDA & IBRD total,1995,3163.09400231144
IDA & IBRD total,1994,3021.60896667407
IDA & IBRD total,1993,2924.67313473918
IDA & IBRD total,1992,2837.61390855606
IDA & IBRD total,1991,2771.40082125087
IDA & IBRD total,1990,2676.86733432143
IDA & IBRD total,1989,
IDA & IBRD total,1988,
IDA & IBRD total,1987,
IDA & IBRD total,1986,
IDA & IBRD total,1985,
IDA & IBRD total,1984,
IDA & IBRD total,1983,
IDA & IBRD total,1982,
IDA & IBRD total,1981,
IDA & IBRD total,1980,
IDA & IBRD total,1979,
IDA & IBRD total,1978,
IDA & IBRD total,1977,
IDA & IBRD total,1976,
IDA & IBRD total,1975,
IDA & IBRD total,1974,
IDA & IBRD total,1973,
IDA & IBRD total,1972,
IDA & IBRD total,1971,
IDA & IBRD total,1970,
IDA & IBRD total,1969,
IDA & IBRD total,1968,
IDA & IBRD total,1967,
IDA & IBRD total,1966,
IDA & IBRD total,1965,
IDA & IBRD total,1964,
IDA & IBRD total,1963,
IDA & IBRD total,1962,
IDA & IBRD total,1961,
IDA & IBRD total,1960,
IDA blend,2025,8089.58949895873
IDA blend,2024,7676.22430731754
IDA blend,2023,7337.37829292445
IDA blend,2022,7020.87499158066
IDA blend,2021,6382.99566586346
IDA blend,2020,6037.07966729885
IDA blend,2019,6080.97764858023
IDA blend,2018,5828.40490784309
IDA blend,2017,5809.93468689794
IDA blend,2016,5538.16909802133
IDA blend,2015,5515.47646431582
IDA blend,2014,5420.95553989071
IDA blend,2013,5159.72220632205
IDA blend,2012,4922.12423827197
IDA blend,2011,4775.20327190797
IDA blend,2010,4596.65785371699
IDA blend,2009,4405.8187692056
IDA blend,2008,4242.22708249809
IDA blend,2007,4097.45889335413
IDA blend,2006,3882.92646898895
IDA blend,2005,3650.11559578936
IDA blend,2004,3418.91750946334
IDA blend,2003,3173.65277922442
IDA blend,2002,3045.06980461816
IDA blend,2001,2882.73187936096
IDA blend,2000,2780.41147034469
IDA blend,1999,2690.15371219648
IDA blend,1998,2665.51732949669
IDA blend,1997,2632.31931267674
IDA blend,1996,2594.07385941376
IDA blend,1995,2500.04723388835
IDA blend,1994,2458.0239501143
IDA blend,1993,2451.39348151301
IDA blend,1992,2469.17341753821
IDA blend,1991,2409.80757311408
IDA blend,1990,2354.74719823705
IDA blend,1989,
IDA blend,1988,
IDA blend,1987,
IDA blend,1986,
IDA blend,1985,
IDA blend,1984,
IDA blend,1983,
IDA blend,1982,
IDA blend,1981,
IDA blend,1980,
IDA blend,1979,
IDA blend,1978,
IDA blend,1977,
IDA blend,1976,
IDA blend,1975,
IDA blend,1974,
IDA blend,1973,
IDA blend,1972,
IDA blend,1971,
IDA blend,1970,
IDA blend,1969,
IDA blend,1968,
IDA blend,1967,
IDA blend,1966,
IDA blend,1965,
IDA blend,1964,
IDA blend,1963,
IDA blend,1962,
IDA blend,1961,
IDA blend,1960,
IDA only,2025,4969.26059674433
IDA only,2024,4713.40465729198
IDA only,2023,4496.94705641825
IDA only,2022,4283.22697886502
IDA only,2021,3916.20866525795
IDA only,2020,3654.22824941863
IDA only,2019,3606.52665630147
IDA only,2018,3416.83013920597
IDA only,2017,3200.53150907702
IDA only,2016,3065.4706565733
IDA only,2015,2919.08337097541
IDA only,2014,2827.90306589683
IDA only,2013,2663.1658352383
IDA only,2012,2520.75262591188
IDA only,2011,2430.46656923916
IDA only,2010,2325.01662429616
IDA only,2009,2204.26356434773
IDA only,2008,2146.53664518492
IDA only,2007,2028.72929550993
IDA only,2006,1893.39369538372
IDA only,2005,1762.41653614854
IDA only,2004,1639.96410759344
IDA only,2003,1539.33940918174
IDA only,2002,1462.73286509403
IDA only,2001,1409.30994524485
IDA only,2000,1350.01434495121
IDA only,1999,1288.87732239706
IDA only,1998,1243.56807029588
IDA only,1997,1208.89366915118
IDA only,1996,1152.21602821172
IDA only,1995,1105.2524462306
IDA only,1994,1057.25610261781
IDA only,1993,1051.27382347337
IDA only,1992,1028.74110286707
IDA only,1991,1021.42096857354
IDA only,1990,989.600675777496
IDA only,1989,
IDA only,1988,
IDA only,1987,
IDA only,1986,
IDA only,1985,
IDA only,1984,
IDA only,1983,
IDA only,1982,
IDA only,1981,
IDA only,1980,
IDA only,1979,
IDA only,1978,
IDA only,1977,
IDA only,1976,
IDA only,1975,
IDA only,1974,
IDA only,1973,
IDA only,1972,
IDA only,1971,
IDA only,1970,
IDA only,1969,
IDA only,1968,
IDA only,1967,
IDA only,1966,
IDA only,1965,
IDA only,1964,
IDA only,1963,
IDA only,1962,
IDA only,1961,
IDA only,1960,
IDA total,2025,6044.38020226913
IDA total,2024,5736.82650018978
IDA total,2023,5480.71341421774
IDA total,2022,5233.90210267334
IDA total,2021,4773.92168551026
IDA total,2020,4484.60914126436
IDA total,2019,4471.40790689188
IDA total,2018,4262.01562307117
IDA total,2017,4118.62497080602
IDA total,2016,3936.8435950964
IDA total,2015,3837.55848007475
IDA total,2014,3746.32688217288
IDA total,2013,3547.86418149291
IDA total,2012,3371.2905395492
IDA total,2011,3260.58972520009
IDA total,2010,3128.20012562947
IDA total,2009,2981.03703624732
IDA total,2008,2884.30977054003
IDA total,2007,2755.53991133473
IDA total,2006,2591.24151730124
IDA total,2005,2424.0380755347
IDA total,2004,2262.78528388808
IDA total,2003,2110.62567782041
IDA total,2002,2015.65473088644
IDA total,2001,1923.6492834428
IDA total,2000,1848.32400131415
IDA total,1999,1776.40690752245
IDA total,1998,1738.12971992748
IDA total,1997,1703.52309125496
IDA total,1996,1653.09003996932
IDA total,1995,1589.29817964748
IDA total,1994,1543.30120459152
IDA total,1993,1536.90908698494
IDA total,1992,1528.63844761487
IDA total,1991,1502.26565950346
IDA total,1990,1460.55754606161
IDA total,1989,
IDA total,1988,
IDA total,1987,
IDA total,1986,
IDA total,1985,
IDA total,1984,
IDA total,1983,
IDA total,1982,
IDA total,1981,
IDA total,1980,
IDA total,1979,
IDA total,1978,
IDA total,1977,
IDA total,1976,
IDA total,1975,
IDA total,1974,
IDA total,1973,
IDA total,1972,
IDA total,1971,
IDA total,1970,
IDA total,1969,
IDA total,1968,
IDA total,1967,
IDA total,1966,
IDA total,1965,
IDA total,1964,
IDA total,1963,
IDA total,1962,
IDA total,1961,
IDA total,1960,
Late-demographic dividend,2025,30341.9195453314
Late-demographic dividend,2024,28387.5107480613
Late-demographic dividend,2023,26493.0363633708
Late-demographic dividend,2022,24507.588755014
Late-demographic dividend,2021,22189.7622837471
Late-demographic dividend,2020,19505.7754934772
Late-demographic dividend,2019,19218.2518104829
Late-demographic dividend,2018,17905.342700049
Late-demographic dividend,2017,16562.7921410844
Late-demographic dividend,2016,15659.959825366
Late-demographic dividend,2015,15136.7777684968
Late-demographic dividend,2014,15041.7476596817
Late-demographic dividend,2013,14491.7139526302
Late-demographic dividend,2012,13704.9540308302
Late-demographic dividend,2011,12812.5421878132
Late-demographic dividend,2010,11732.3479969676
Late-demographic dividend,2009,10785.3825638959
Late-demographic dividend,2008,10391.697101599
Late-demographic dividend,2007,9441.09781045506
Late-demographic dividend,2006,8397.47376166628
Late-demographic dividend,2005,7377.1279799812
Late-demographic dividend,2004,6657.8967460224
Late-demographic dividend,2003,6030.05776104864
Late-demographic dividend,2002,5542.49903232906
Late-demographic dividend,2001,5164.15190315008
Late-demographic dividend,2000,4837.69951095113
Late-demographic dividend,1999,4450.28762435482
Late-demographic dividend,1998,4238.25304979663
Late-demographic dividend,1997,4123.83379007825
Late-demographic dividend,1996,3882.19930439388
Late-demographic dividend,1995,3658.60965056011
Late-demographic dividend,1994,3424.38833500818
Late-demographic dividend,1993,3238.00443505064
Late-demographic dividend,1992,3059.86537699678
Late-demographic dividend,1991,2992.16699416629
Late-demographic dividend,1990,2915.17325996961
Late-demographic dividend,1989,
Late-demographic dividend,1988,
Late-demographic dividend,1987,
Late-demographic dividend,1986,
Late-demographic dividend,1985,
Late-demographic dividend,1984,
Late-demographic dividend,1983,
Late-demographic dividend,1982,
Late-demographic dividend,1981,
Late-demographic dividend,1980,
Late-demographic dividend,1979,
Late-demographic dividend,1978,
Late-demographic dividend,1977,
Late-demographic dividend,1976,
Late-demographic dividend,1975,
Late-demographic dividend,1974,
Late-demographic dividend,1973,
Late-demographic dividend,1972,
Late-demographic dividend,1971,
Late-demographic dividend,1970,
Late-demographic dividend,1969,
Late-demographic dividend,1968,
Late-demographic dividend,1967,
Late-demographic dividend,1966,
Late-demographic dividend,1965,
Late-demographic dividend,1964,
Late-demographic dividend,1963,
Late-demographic dividend,1962,
Late-demographic dividend,1961,
Late-demographic dividend,1960,
Latin America & Caribbean,2025,23901.1707987798
Latin America & Caribbean,2024,23059.8669505445
Latin America & Caribbean,2023,22098.0252204992
Latin America & Caribbean,2022,20844.4102356927
Latin America & Caribbean,2021,18696.3210341683
Latin America & Caribbean,2020,16661.9080916866
Latin America & Caribbean,2019,17324.1729899166
Latin America & Caribbean,2018,16898.8640028537
Latin America & Caribbean,2017,16199.364491975
Latin America & Caribbean,2016,15549.1391285062
Latin America & Caribbean,2015,15285.773622415
Latin America & Caribbean,2014,15495.9060086098
Latin America & Caribbean,2013,15176.4504991539
Latin America & Caribbean,2012,14689.2309283944
Latin America & Caribbean,2011,14372.2616107159
Latin America & Caribbean,2010,13474.3226548085
Latin America & Caribbean,2009,12695.9042659059
Latin America & Caribbean,2008,12935.5894583279
Latin America & Caribbean,2007,12312.8580042348
Latin America & Caribbean,2006,11497.0974177744
Latin America & Caribbean,2005,10581.5620984946
Latin America & Caribbean,2004,9938.44726934199
Latin America & Caribbean,2003,9231.42033897216
Latin America & Caribbean,2002,9001.30540267757
Latin America & Caribbean,2001,8971.5576304128
Latin America & Caribbean,2000,8832.90037395523
Latin America & Caribbean,1999,8449.89538413744
Latin America & Caribbean,1998,8453.72826485532
Latin America & Caribbean,1997,8271.68446097449
Latin America & Caribbean,1996,7837.90149727224
Latin America & Caribbean,1995,7555.56638346055
Latin America & Caribbean,1994,7420.01217149392
Latin America & Caribbean,1993,7056.75635050274
Latin America & Caribbean,1992,6861.08227811904
Latin America & Caribbean,1991,6626.76466000288
Latin America & Caribbean,1990,6291.72067787817
Latin America & Caribbean,1989,
Latin America & Caribbean,1988,
Latin America & Caribbean,1987,
Latin America & Caribbean,1986,
Latin America & Caribbean,1985,
Latin America & Caribbean,1984,
Latin America & Caribbean,1983,
Latin America & Caribbean,1982,
Latin America & Caribbean,1981,
Latin America & Caribbean,1980,
Latin America & Caribbean,1979,
Latin America & Caribbean,1978,
Latin America & Caribbean,1977,
Latin America & Caribbean,1976,
Latin America & Caribbean,1975,
Latin America & Caribbean,1974,
Latin America & Caribbean,1973,
Latin America & Caribbean,1972,
Latin America & Caribbean,1971,
Latin America & Caribbean,1970,
Latin America & Caribbean,1969,
Latin America & Caribbean,1968,
Latin America & Caribbean,1967,
Latin America & Caribbean,1966,
Latin America & Caribbean,1965,
Latin America & Caribbean,1964,
Latin America & Caribbean,1963,
Latin America & Caribbean,1962,
Latin America & Caribbean,1961,
Latin America & Caribbean,1960,
Latin America & Caribbean (excluding high income),2025,22825.2477825485
Latin America & Caribbean (excluding high income),2024,22069.8710887458
Latin America & Caribbean (excluding high income),2023,21242.4747751205
Latin America & Caribbean (excluding high income),2022,20076.1307172179
Latin America & Caribbean (excluding high income),2021,17991.1283749974
Latin America & Caribbean (excluding high income),2020,16054.1366206643
Latin America & Caribbean (excluding high income),2019,16684.388146346
Latin America & Caribbean (excluding high income),2018,16293.062992205
Latin America & Caribbean (excluding high income),2017,15597.769702594
Latin America & Caribbean (excluding high income),2016,14977.4937919238
Latin America & Caribbean (excluding high income),2015,14757.6873661759
Latin America & Caribbean (excluding high income),2014,15005.1637128891
Latin America & Caribbean (excluding high income),2013,14710.2116615333
Latin America & Caribbean (excluding high income),2012,14246.3236927185
Latin America & Caribbean (excluding high income),2011,13972.23070999
Latin America & Caribbean (excluding high income),2010,13115.1019594764
Latin America & Caribbean (excluding high income),2009,12369.4210587193
Latin America & Caribbean (excluding high income),2008,12603.2768908247
Latin America & Caribbean (excluding high income),2007,11955.7376514642
Latin America & Caribbean (excluding high income),2006,11160.7423954558
Latin America & Caribbean (excluding high income),2005,10313.414095932
Latin America & Caribbean (excluding high income),2004,9684.55044340521
Latin America & Caribbean (excluding high income),2003,9001.7365548074
Latin America & Caribbean (excluding high income),2002,8791.60650266971
Latin America & Caribbean (excluding high income),2001,8777.04116929923
Latin America & Caribbean (excluding high income),2000,8660.4948062529
Latin America & Caribbean (excluding high income),1999,8287.08872829135
Latin America & Caribbean (excluding high income),1998,8308.08725198995
Latin America & Caribbean (excluding high income),1997,8146.9730455184
Latin America & Caribbean (excluding high income),1996,7728.19270714313
Latin America & Caribbean (excluding high income),1995,7462.65421555033
Latin America & Caribbean (excluding high income),1994,7354.8693688932
Latin America & Caribbean (excluding high income),1993,6998.77905053292
Latin America & Caribbean (excluding high income),1992,6822.21663676719
Latin America & Caribbean (excluding high income),1991,6614.56263086879
Latin America & Caribbean (excluding high income),1990,6285.47409945695
Latin America & Caribbean (excluding high income),1989,
Latin America & Caribbean (excluding high income),1988,
Latin America & Caribbean (excluding high income),1987,
Latin America & Caribbean (excluding high income),1986,
Latin America & Caribbean (excluding high income),1985,
Latin America & Caribbean (excluding high income),1984,
Latin America & Caribbean (excluding high income),1983,
Latin America & Caribbean (excluding high income),1982,
Latin America & Caribbean (excluding high income),1981,
Latin America & Caribbean (excluding high income),1980,
Latin America & Caribbean (excluding high income),1979,
Latin America & Caribbean (excluding high income),1978,
Latin America & Caribbean (excluding high income),1977,
Latin America & Caribbean (excluding high income),1976,
Latin America & Caribbean (excluding high income),1975,
Latin America & Caribbean (excluding high income),1974,
Latin America & Caribbean (excluding high income),1973,
Latin America & Caribbean (excluding high income),1972,
Latin America & Caribbean (excluding high income),1971,
Latin America & Caribbean (excluding high income),1970,
Latin America & Caribbean (excluding high income),1969,
Latin America & Caribbean (excluding high income),1968,
Latin America & Caribbean (excluding high income),1967,
Latin America & Caribbean (excluding high income),1966,
Latin America & Caribbean (excluding high income),1965,
Latin America & Caribbean (excluding high income),1964,
Latin America & Caribbean (excluding high income),1963,
Latin America & Caribbean (excluding high income),1962,
Latin America & Caribbean (excluding high income),1961,
Latin America & Caribbean (excluding high income),1960,
Latin America & the Caribbean (IDA & IBRD countries),2025,23773.0633533423
Latin America & the Caribbean (IDA & IBRD countries),2024,22938.8544443974
Latin America & the Caribbean (IDA & IBRD countries),2023,21989.4422117221
Latin America & the Caribbean (IDA & IBRD countries),2022,20743.0336304211
Latin America & the Caribbean (IDA & IBRD countries),2021,18609.1190317645
Latin America & the Caribbean (IDA & IBRD countries),2020,16583.0599942302
Latin America & the Caribbean (IDA & IBRD countries),2019,17246.6439522841
Latin America & the Caribbean (IDA & IBRD countries),2018,16835.0994009151
Latin America & the Caribbean (IDA & IBRD countries),2017,16139.0519900545
Latin America & the Caribbean (IDA & IBRD countries),2016,15481.5179391867
Latin America & the Caribbean (IDA & IBRD countries),2015,15215.4636356711
Latin America & the Caribbean (IDA & IBRD countries),2014,15428.7435739268
Latin America & the Caribbean (IDA & IBRD countries),2013,15108.0937491948
Latin America & the Caribbean (IDA & IBRD countries),2012,14616.3752927521
Latin America & the Caribbean (IDA & IBRD countries),2011,14296.9154016971
Latin America & the Caribbean (IDA & IBRD countries),2010,13394.2672119236
Latin America & the Caribbean (IDA & IBRD countries),2009,12609.8135458665
Latin America & the Caribbean (IDA & IBRD countries),2008,12848.5407793482
Latin America & the Caribbean (IDA & IBRD countries),2007,12220.2070752268
Latin America & the Caribbean (IDA & IBRD countries),2006,11400.3196854565
Latin America & the Caribbean (IDA & IBRD countries),2005,10479.0194336967
Latin America & the Caribbean (IDA & IBRD countries),2004,9831.73869943574
Latin America & the Caribbean (IDA & IBRD countries),2003,9138.20411717927
Latin America & the Caribbean (IDA & IBRD countries),2002,8909.03355195657
Latin America & the Caribbean (IDA & IBRD countries),2001,8884.23040963817
Latin America & the Caribbean (IDA & IBRD countries),2000,8759.65933703999
Latin America & the Caribbean (IDA & IBRD countries),1999,8382.36829692894
Latin America & the Caribbean (IDA & IBRD countries),1998,8398.46422758097
Latin America & the Caribbean (IDA & IBRD countries),1997,8224.99003607636
Latin America & the Caribbean (IDA & IBRD countries),1996,7795.19099927822
Latin America & the Caribbean (IDA & IBRD countries),1995,7515.33610457203
Latin America & the Caribbean (IDA & IBRD countries),1994,7387.68284546473
Latin America & the Caribbean (IDA & IBRD countries),1993,7027.93537172577
Latin America & the Caribbean (IDA & IBRD countries),1992,6838.32414427464
Latin America & the Caribbean (IDA & IBRD countries),1991,6608.20208274231
Latin America & the Caribbean (IDA & IBRD countries),1990,6273.92926430813
Latin America & the Caribbean (IDA & IBRD countries),1989,
Latin America & the Caribbean (IDA & IBRD countries),1988,
Latin America & the Caribbean (IDA & IBRD countries),1987,
Latin America & the Caribbean (IDA & IBRD countries),1986,
Latin America & the Caribbean (IDA & IBRD countries),1985,
Latin America & the Caribbean (IDA & IBRD countries),1984,
Latin America & the Caribbean (IDA & IBRD countries),1983,
Latin America & the Caribbean (IDA & IBRD countries),1982,
Latin America & the Caribbean (IDA & IBRD countries),1981,
Latin America & the Caribbean (IDA & IBRD countries),1980,
Latin America & the Caribbean (IDA & IBRD countries),1979,
Latin America & the Caribbean (IDA & IBRD countries),1978,
Latin America & the Caribbean (IDA & IBRD countries),1977,
Latin America & the Caribbean (IDA & IBRD countries),1976,
Latin America & the Caribbean (IDA & IBRD countries),1975,
Latin America & the Caribbean (IDA & IBRD countries),1974,
Latin America & the Caribbean (IDA & IBRD countries),1973,
Latin America & the Caribbean (IDA & IBRD countries),1972,
Latin America & the Caribbean (IDA & IBRD countries),1971,
Latin America & the Caribbean (IDA & IBRD countries),1970,
Latin America & the Caribbean (IDA & IBRD countries),1969,
Latin America & the Caribbean (IDA & IBRD countries),1968,
Latin America & the Caribbean (IDA & IBRD countries),1967,
Latin America & the Caribbean (IDA & IBRD countries),1966,
Latin America & the Caribbean (IDA & IBRD countries),1965,
Latin America & the Caribbean (IDA & IBRD countries),1964,
Latin America & the Caribbean (IDA & IBRD countries),1963,
Latin America & the Caribbean (IDA & IBRD countries),1962,
Latin America & the Caribbean (IDA & IBRD countries),1961,
Latin America & the Caribbean (IDA & IBRD countries),1960,
Least developed countries: UN classification,2025,4685.23358097877
Least developed countries: UN classification,2024,4468.51455719252
Least developed countries: UN classification,2023,4289.01547703069
Least developed countries: UN classification,2022,4093.48384874803
Least developed countries: UN classification,2021,3723.8118415625
Least developed countries: UN classification,2020,3497.11693341957
Least developed countries: UN classification,2019,3443.68736951097
Least developed countries: UN classification,2018,3246.95099345522
Least developed countries: UN classification,2017,3024.93057589483
Least developed countries: UN classification,2016,2896.67735160872
Least developed countries: UN classification,2015,2765.88867497381
Least developed countries: UN classification,2014,2702.2962858493
Least developed countries: UN classification,2013,2539.25421035997
Least developed countries: UN classification,2012,2410.42661530499
Least developed countries: UN classification,2011,2340.93014856146
Least developed countries: UN classification,2010,2263.19896345646
Least developed countries: UN classification,2009,2150.87508567573
Least developed countries: UN classification,2008,2094.80718902528
Least developed countries: UN classification,2007,1974.64335490705
Least developed countries: UN classification,2006,1831.79711571104
Least developed countries: UN classification,2005,1699.87740256992
Least developed countries: UN classification,2004,1570.59883742408
Least developed countries: UN classification,2003,1468.93336441181
Least developed countries: UN classification,2002,1399.17214976105
Least developed countries: UN classification,2001,1339.37463357988
Least developed countries: UN classification,2000,1275.72272978155
Least developed countries: UN classification,1999,1221.02075231042
Least developed countries: UN classification,1998,1182.8200065297
Least developed countries: UN classification,1997,1152.24475637457
Least developed countries: UN classification,1996,1099.96785180976
Least developed countries: UN classification,1995,1049.28349834469
Least developed countries: UN classification,1994,997.661767493018
Least developed countries: UN classification,1993,995.027410509441
Least developed countries: UN classification,1992,994.83217619697
Least developed countries: UN classification,1991,988.791981740275
Least developed countries: UN classification,1990,959.05596564605
Least developed countries: UN classification,1989,
Least developed countries: UN classification,1988,
Least developed countries: UN classification,1987,
Least developed countries: UN classification,1986,
Least developed countries: UN classification,1985,
Least developed countries: UN classification,1984,
Least developed countries: UN classification,1983,
Least developed countries: UN classification,1982,
Least developed countries: UN classification,1981,
Least developed countries: UN classification,1980,
Least developed countries: UN classification,1979,
Least developed countries: UN classification,1978,
Least developed countries: UN classification,1977,
Least developed countries: UN classification,1976,
Least developed countries: UN classification,1975,
Least developed countries: UN classification,1974,
Least developed countries: UN classification,1973,
Least developed countries: UN classification,1972,
Least developed countries: UN classification,1971,
Least developed countries: UN classification,1970,
Least developed countries: UN classification,1969,
Least developed countries: UN classification,1968,
Least developed countries: UN classification,1967,
Least developed countries: UN classification,1966,
Least developed countries: UN classification,1965,
Least developed countries: UN classification,1964,
Least developed countries: UN classification,1963,
Least developed countries: UN classification,1962,
Least developed countries: UN classification,1961,
Least developed countries: UN classification,1960,
Low & middle income,2025,16517.6822374018
Low & middle income,2024,15561.275392703
Low & middle income,2023,14678.6819432627
Low & middle income,2022,13642.9925221372
Low & middle income,2021,12281.3196390022
Low & middle income,2020,11034.820011849
Low & middle income,2019,11029.3134153796
Low & middle income,2018,10467.1783406202
Low & middle income,2017,9853.32966712243
Low & middle income,2016,9380.76664339474
Low & middle income,2015,9043.07606506986
Low & middle income,2014,8910.8697619141
Low & middle income,2013,8611.34857853396
Low & middle income,2012,8229.55349386559
Low & middle income,2011,7777.35437496483
Low & middle income,2010,7277.88239093077
Low & middle income,2009,6763.36624146292
Low & middle income,2008,6547.37622107022
Low & middle income,2007,6151.93873394938
Low & middle income,2006,5598.44490732204
Low & middle income,2005,5089.74566257407
Low & middle income,2004,4673.6967169624
Low & middle income,2003,4282.63537136327
Low & middle income,2002,4038.49750828777
Low & middle income,2001,3863.79856223874
Low & middle income,2000,3696.485603775
Low & middle income,1999,3479.08851872131
Low & middle income,1998,3362.16767418054
Low & middle income,1997,3328.77362831833
Low & middle income,1996,3161.74023645991
Low & middle income,1995,2981.37596511588
Low & middle income,1994,2837.9646601695
Low & middle income,1993,2718.65068070524
Low & middle income,1992,2614.28292319375
Low & middle income,1991,2508.02949531805
Low & middle income,1990,2391.92329415248
Low & middle income,1989,
Low & middle income,1988,
Low & middle income,1987,
Low & middle income,1986,
Low & middle income,1985,
Low & middle income,1984,
Low & middle income,1983,
Low & middle income,1982,
Low & middle income,1981,
Low & middle income,1980,
Low & middle income,1979,
Low & middle income,1978,
Low & middle income,1977,
Low & middle income,1976,
Low & middle income,1975,
Low & middle income,1974,
Low & middle income,1973,
Low & middle income,1972,
Low & middle income,1971,
Low & middle income,1970,
Low & middle income,1969,
Low & middle income,1968,
Low & middle income,1967,
Low & middle income,1966,
Low & middle income,1965,
Low & middle income,1964,
Low & middle income,1963,
Low & middle income,1962,
Low & middle income,1961,
Low & middle income,1960,
Low income,2025,2711.53101277943
Low income,2024,2547.25470760241
Low income,2023,2453.46986852421
Low income,2022,2396.78981484032
Low income,2021,2217.86921809681
Low income,2020,2081.01922060934
Low income,2019,2069.67273834445
Low income,2018,2001.57331274951
Low income,2017,1932.58884990173
Low income,2016,1886.60041466649
Low income,2015,1788.44563755319
Low income,2014,1717.98543238756
Low income,2013,1584.78602519103
Low income,2012,1515.70414728626
Low income,2011,1589.61646850695
Low income,2010,1584.7681214945
Low income,2009,1502.25810618222
Low income,2008,1484.65635693984
Low income,2007,1418.26146937231
Low income,2006,1334.91202123733
Low income,2005,1257.49475156533
Low income,2004,1175.21271696988
Low income,2003,1106.83635960713
Low income,2002,1062.33330439031
Low income,2001,1023.85597973934
Low income,2000,980.014431846958
Low income,1999,949.84098521522
Low income,1998,930.304286788157
Low income,1997,910.988898835085
Low income,1996,861.604621408512
Low income,1995,826.11954260314
Low income,1994,794.182459749255
Low income,1993,794.856001241436
Low income,1992,788.857849972047
Low income,1991,801.007283861538
Low income,1990,783.461961231878
Low income,1989,
Low income,1988,
Low income,1987,
Low income,1986,
Low income,1985,
Low income,1984,
Low income,1983,
Low income,1982,
Low income,1981,
Low income,1980,
Low income,1979,
Low income,1978,
Low income,1977,
Low income,1976,
Low income,1975,
Low income,1974,
Low income,1973,
Low income,1972,
Low income,1971,
Low income,1970,
Low income,1969,
Low income,1968,
Low income,1967,
Low income,1966,
Low income,1965,
Low income,1964,
Low income,1963,
Low income,1962,
Low income,1961,
Low income,1960,
Lower middle income,2025,10941.9039439899
Lower middle income,2024,10166.1166022825
Lower middle income,2023,9525.68442771831
Lower middle income,2022,8825.03085606193
Lower middle income,2021,7838.34718454926
Lower middle income,2020,7078.0049062502
Lower middle income,2019,7106.74199743091
Lower middle income,2018,6691.05669354036
Lower middle income,2017,6252.65610737314
Lower middle income,2016,5923.27230581353
Lower middle income,2015,5684.3213386285
Lower middle income,2014,5487.68139363351
Lower middle income,2013,5293.56522255538
Lower middle income,2012,5070.94744852453
Lower middle income,2011,4721.30708141167
Lower middle income,2010,4492.32366189027
Lower middle income,2009,4240.16748048689
Lower middle income,2008,4048.02172875408
Lower middle income,2007,3869.96395765652
Lower middle income,2006,3582.06972397844
Lower middle income,2005,3294.50281231752
Lower middle income,2004,3037.31059660026
Lower middle income,2003,2794.71271478898
Lower middle income,2002,2650.9251239473
Lower middle income,2001,2570.3103548024
Lower middle income,2000,2455.08947816836
Lower middle income,1999,2353.7725315489
Lower middle income,1998,2255.29707189605
Lower middle income,1997,2176.65729307633
Lower middle income,1996,2102.33971750908
Lower middle income,1995,1992.99981954869
Lower middle income,1994,1898.87742916422
Lower middle income,1993,1838.19891813586
Lower middle income,1992,1799.96115433315
Lower middle income,1991,1730.38991783696
Lower middle income,1990,1669.56232071479
Lower middle income,1989,
Lower middle income,1988,
Lower middle income,1987,
Lower middle income,1986,
Lower middle income,1985,
Lower middle income,1984,
Lower middle income,1983,
Lower middle income,1982,
Lower middle income,1981,
Lower middle income,1980,
Lower middle income,1979,
Lower middle income,1978,
Lower middle income,1977,
Lower middle income,1976,
Lower middle income,1975,
Lower middle income,1974,
Lower middle income,1973,
Lower middle income,1972,
Lower middle income,1971,
Lower middle income,1970,
Lower middle income,1969,
Lower middle income,1968,
Lower middle income,1967,
Lower middle income,1966,
Lower middle income,1965,
Lower middle income,1964,
Lower middle income,1963,
Lower middle income,1962,
Lower middle income,1961,
Lower middle income,1960,
"Middle East, North Africa, Afghanistan & Pakistan",2025,16920.6041192154
"Middle East, North Africa, Afghanistan & Pakistan",2024,16325.7848019477
"Middle East, North Africa, Afghanistan & Pakistan",2023,15835.6934912997
"Middle East, North Africa, Afghanistan & Pakistan",2022,15209.8028931552
"Middle East, North Africa, Afghanistan & Pakistan",2021,13587.0461822659
"Middle East, North Africa, Afghanistan & Pakistan",2020,12317.4334238378
"Middle East, North Africa, Afghanistan & Pakistan",2019,12993.5487745863
"Middle East, North Africa, Afghanistan & Pakistan",2018,12979.5651648011
"Middle East, North Africa, Afghanistan & Pakistan",2017,12291.2967053183
"Middle East, North Africa, Afghanistan & Pakistan",2016,11766.0537713669
"Middle East, North Africa, Afghanistan & Pakistan",2015,11858.737321371
"Middle East, North Africa, Afghanistan & Pakistan",2014,12854.9361932143
"Middle East, North Africa, Afghanistan & Pakistan",2013,12968.6273731577
"Middle East, North Africa, Afghanistan & Pakistan",2012,13018.2127398024
"Middle East, North Africa, Afghanistan & Pakistan",2011,12667.6916165826
"Middle East, North Africa, Afghanistan & Pakistan",2010,12217.971837712
"Middle East, North Africa, Afghanistan & Pakistan",2009,11769.3103062668
"Middle East, North Africa, Afghanistan & Pakistan",2008,11835.1375446537
"Middle East, North Africa, Afghanistan & Pakistan",2007,11427.6937478987
"Middle East, North Africa, Afghanistan & Pakistan",2006,10829.8292333899
"Middle East, North Africa, Afghanistan & Pakistan",2005,10187.5983628686
"Middle East, North Africa, Afghanistan & Pakistan",2004,9640.28416953485
"Middle East, North Africa, Afghanistan & Pakistan",2003,8892.03454203141
"Middle East, North Africa, Afghanistan & Pakistan",2002,8557.39133376433
"Middle East, North Africa, Afghanistan & Pakistan",2001,8413.83596901444
"Middle East, North Africa, Afghanistan & Pakistan",2000,8247.34523043646
"Middle East, North Africa, Afghanistan & Pakistan",1999,7764.66412272352
"Middle East, North Africa, Afghanistan & Pakistan",1998,7616.26432926557
"Middle East, North Africa, Afghanistan & Pakistan",1997,7396.39646169109
"Middle East, North Africa, Afghanistan & Pakistan",1996,7171.43436367167
"Middle East, North Africa, Afghanistan & Pakistan",1995,6869.29142345117
"Middle East, North Africa, Afghanistan & Pakistan",1994,6705.85524356615
"Middle East, North Africa, Afghanistan & Pakistan",1993,6586.44769397726
"Middle East, North Africa, Afghanistan & Pakistan",1992,6525.99847564791
"Middle East, North Africa, Afghanistan & Pakistan",1991,6234.06357170726
"Middle East, North Africa, Afghanistan & Pakistan",1990,5869.26948531759
"Middle East, North Africa, Afghanistan & Pakistan",1989,
"Middle East, North Africa, Afghanistan & Pakistan",1988,
"Middle East, North Africa, Afghanistan & Pakistan",1987,
"Middle East, North Africa, Afghanistan & Pakistan",1986,
"Middle East, North Africa, Afghanistan & Pakistan",1985,
"Middle East, North Africa, Afghanistan & Pakistan",1984,
"Middle East, North Africa, Afghanistan & Pakistan",1983,
"Middle East, North Africa, Afghanistan & Pakistan",1982,
"Middle East, North Africa, Afghanistan & Pakistan",1981,
"Middle East, North Africa, Afghanistan & Pakistan",1980,
"Middle East, North Africa, Afghanistan & Pakistan",1979,
"Middle East, North Africa, Afghanistan & Pakistan",1978,
"Middle East, North Africa, Afghanistan & Pakistan",1977,
"Middle East, North Africa, Afghanistan & Pakistan",1976,
"Middle East, North Africa, Afghanistan & Pakistan",1975,
"Middle East, North Africa, Afghanistan & Pakistan",1974,
"Middle East, North Africa, Afghanistan & Pakistan",1973,
"Middle East, North Africa, Afghanistan & Pakistan",1972,
"Middle East, North Africa, Afghanistan & Pakistan",1971,
"Middle East, North Africa, Afghanistan & Pakistan",1970,
"Middle East, North Africa, Afghanistan & Pakistan",1969,
"Middle East, North Africa, Afghanistan & Pakistan",1968,
"Middle East, North Africa, Afghanistan & Pakistan",1967,
"Middle East, North Africa, Afghanistan & Pakistan",1966,
"Middle East, North Africa, Afghanistan & Pakistan",1965,
"Middle East, North Africa, Afghanistan & Pakistan",1964,
"Middle East, North Africa, Afghanistan & Pakistan",1963,
"Middle East, North Africa, Afghanistan & Pakistan",1962,
"Middle East, North Africa, Afghanistan & Pakistan",1961,
"Middle East, North Africa, Afghanistan & Pakistan",1960,
"Middle East, North Africa, Afghanistan & Pakistan (excluding high income)",2025,11613.8367941991
"Middle East, North Africa, Afghanistan & Pakistan (excluding high income)",2024,11251.4824664853
"Middle East, North Africa, Afghanistan & Pakistan (excluding high income)",2023,10901.0467534385
"Middle East, North Africa, Afghanistan & Pakistan (excluding high income)",2022,10392.539527173
"Middle East, North Africa, Afghanistan & Pakistan (excluding high income)",2021,9431.95407996758
"Middle East, North Africa, Afghanistan & Pakistan (excluding high income)",2020,8908.77995047244
"Middle East, North Africa, Afghanistan & Pakistan (excluding high income)",2019,8778.03575397246
"Middle East, North Africa, Afghanistan & Pakistan (excluding high income)",2018,8758.88619048046
"Middle East, North Africa, Afghanistan & Pakistan (excluding high income)",2017,8422.84811875949
"Middle East, North Africa, Afghanistan & Pakistan (excluding high income)",2016,8092.10109141065
"Middle East, North Africa, Afghanistan & Pakistan (excluding high income)",2015,7983.20274158377
"Middle East, North Africa, Afghanistan & Pakistan (excluding high income)",2014,8288.28434058384
"Middle East, North Africa, Afghanistan & Pakistan (excluding high income)",2013,8395.01342234919
"Middle East, North Africa, Afghanistan & Pakistan (excluding high income)",2012,8417.7499831136
"Middle East, North Africa, Afghanistan & Pakistan (excluding high income)",2011,8241.04021838049
"Middle East, North Africa, Afghanistan & Pakistan (excluding high income)",2010,8211.396402405
"Middle East, North Africa, Afghanistan & Pakistan (excluding high income)",2009,7909.74085576682
"Middle East, North Africa, Afghanistan & Pakistan (excluding high income)",2008,7833.53408692181
"Middle East, North Africa, Afghanistan & Pakistan (excluding high income)",2007,7613.05432477067
"Middle East, North Africa, Afghanistan & Pakistan (excluding high income)",2006,7153.32093737919
"Middle East, North Africa, Afghanistan & Pakistan (excluding high income)",2005,6734.82402156812
"Middle East, North Africa, Afghanistan & Pakistan (excluding high income)",2004,6376.80670913032
"Middle East, North Africa, Afghanistan & Pakistan (excluding high income)",2003,5892.11011881641
"Middle East, North Africa, Afghanistan & Pakistan (excluding high income)",2002,5754.39269140302
"Middle East, North Africa, Afghanistan & Pakistan (excluding high income)",2001,5596.54164367815
"Middle East, North Africa, Afghanistan & Pakistan (excluding high income)",2000,5439.80446045573
"Middle East, North Africa, Afghanistan & Pakistan (excluding high income)",1999,5128.36357622462
"Middle East, North Africa, Afghanistan & Pakistan (excluding high income)",1998,4955.44903972197
"Middle East, North Africa, Afghanistan & Pakistan (excluding high income)",1997,4758.14109722793
"Middle East, North Africa, Afghanistan & Pakistan (excluding high income)",1996,4634.98388766708
"Middle East, North Africa, Afghanistan & Pakistan (excluding high income)",1995,4401.71521900418
"Middle East, North Africa, Afghanistan & Pakistan (excluding high income)",1994,4292.87420217386
"Middle East, North Africa, Afghanistan & Pakistan (excluding high income)",1993,4243.19564407887
"Middle East, North Africa, Afghanistan & Pakistan (excluding high income)",1992,4257.07182029485
"Middle East, North Africa, Afghanistan & Pakistan (excluding high income)",1991,4120.77552791807
"Middle East, North Africa, Afghanistan & Pakistan (excluding high income)",1990,3825.26496454429
"Middle East, North Africa, Afghanistan & Pakistan (excluding high income)",1989,
"Middle East, North Africa, Afghanistan & Pakistan (excluding high income)",1988,
"Middle East, North Africa, Afghanistan & Pakistan (excluding high income)",1987,
"Middle East, North Africa, Afghanistan & Pakistan (excluding high income)",1986,
"Middle East, North Africa, Afghanistan & Pakistan (excluding high income)",1985,
"Middle East, North Africa, Afghanistan & Pakistan (excluding high income)",1984,
"Middle East, North Africa, Afghanistan & Pakistan (excluding high income)",1983,
"Middle East, North Africa, Afghanistan & Pakistan (excluding high income)",1982,
"Middle East, North Africa, Afghanistan & Pakistan (excluding high income)",1981,
"Middle East, North Africa, Afghanistan & Pakistan (excluding high income)",1980,
"Middle East, North Africa, Afghanistan & Pakistan (excluding high income)",1979,
"Middle East, North Africa, Afghanistan & Pakistan (excluding high income)",1978,
"Middle East, North Africa, Afghanistan & Pakistan (excluding high income)",1977,
"Middle East, North Africa, Afghanistan & Pakistan (excluding high income)",1976,
"Middle East, North Africa, Afghanistan & Pakistan (excluding high income)",1975,
"Middle East, North Africa, Afghanistan & Pakistan (excluding high income)",1974,
"Middle East, North Africa, Afghanistan & Pakistan (excluding high income)",1973,
"Middle East, North Africa, Afghanistan & Pakistan (excluding high income)",1972,
"Middle East, North Africa, Afghanistan & Pakistan (excluding high income)",1971,
"Middle East, North Africa, Afghanistan & Pakistan (excluding high income)",1970,
"Middle East, North Africa, Afghanistan & Pakistan (excluding high income)",1969,
"Middle East, North Africa, Afghanistan & Pakistan (excluding high income)",1968,
"Middle East, North Africa, Afghanistan & Pakistan (excluding high income)",1967,
"Middle East, North Africa, Afghanistan & Pakistan (excluding high income)",1966,
"Middle East, North Africa, Afghanistan & Pakistan (excluding high income)",1965,
"Middle East, North Africa, Afghanistan & Pakistan (excluding high income)",1964,
"Middle East, North Africa, Afghanistan & Pakistan (excluding high income)",1963,
"Middle East, North Africa, Afghanistan & Pakistan (excluding high income)",1962,
"Middle East, North Africa, Afghanistan & Pakistan (excluding high income)",1961,
"Middle East, North Africa, Afghanistan & Pakistan (excluding high income)",1960,
"Middle East, North Africa, Afghanistan & Pakistan (IDA & IBRD)",2025,11663.1088560566
"Middle East, North Africa, Afghanistan & Pakistan (IDA & IBRD)",2024,11299.4554855773
"Middle East, North Africa, Afghanistan & Pakistan (IDA & IBRD)",2023,10935.8526423683
"Middle East, North Africa, Afghanistan & Pakistan (IDA & IBRD)",2022,10423.5410952844
"Middle East, North Africa, Afghanistan & Pakistan (IDA & IBRD)",2021,9459.39324551382
"Middle East, North Africa, Afghanistan & Pakistan (IDA & IBRD)",2020,8930.22848745875
"Middle East, North Africa, Afghanistan & Pakistan (IDA & IBRD)",2019,8794.54554024921
"Middle East, North Africa, Afghanistan & Pakistan (IDA & IBRD)",2018,8777.18379304779
"Middle East, North Africa, Afghanistan & Pakistan (IDA & IBRD)",2017,8439.42507416986
"Middle East, North Africa, Afghanistan & Pakistan (IDA & IBRD)",2016,8106.62351993508
"Middle East, North Africa, Afghanistan & Pakistan (IDA & IBRD)",2015,7998.90783225537
"Middle East, North Africa, Afghanistan & Pakistan (IDA & IBRD)",2014,8308.6884422822
"Middle East, North Africa, Afghanistan & Pakistan (IDA & IBRD)",2013,8416.69989829338
"Middle East, North Africa, Afghanistan & Pakistan (IDA & IBRD)",2012,8439.97755531866
"Middle East, North Africa, Afghanistan & Pakistan (IDA & IBRD)",2011,8266.76572678674
"Middle East, North Africa, Afghanistan & Pakistan (IDA & IBRD)",2010,8239.29386616177
"Middle East, North Africa, Afghanistan & Pakistan (IDA & IBRD)",2009,7936.62724782433
"Middle East, North Africa, Afghanistan & Pakistan (IDA & IBRD)",2008,7861.3508575963
"Middle East, North Africa, Afghanistan & Pakistan (IDA & IBRD)",2007,7640.7378116585
"Middle East, North Africa, Afghanistan & Pakistan (IDA & IBRD)",2006,7178.7229729019
"Middle East, North Africa, Afghanistan & Pakistan (IDA & IBRD)",2005,6757.28955458335
"Middle East, North Africa, Afghanistan & Pakistan (IDA & IBRD)",2004,6399.17673909667
"Middle East, North Africa, Afghanistan & Pakistan (IDA & IBRD)",2003,5914.75479234252
"Middle East, North Africa, Afghanistan & Pakistan (IDA & IBRD)",2002,5777.92698847184
"Middle East, North Africa, Afghanistan & Pakistan (IDA & IBRD)",2001,5616.80703285761
"Middle East, North Africa, Afghanistan & Pakistan (IDA & IBRD)",2000,5457.27849170709
"Middle East, North Africa, Afghanistan & Pakistan (IDA & IBRD)",1999,5142.03938760419
"Middle East, North Africa, Afghanistan & Pakistan (IDA & IBRD)",1998,4969.25689961124
"Middle East, North Africa, Afghanistan & Pakistan (IDA & IBRD)",1997,4772.69220421347
"Middle East, North Africa, Afghanistan & Pakistan (IDA & IBRD)",1996,4650.09197866013
"Middle East, North Africa, Afghanistan & Pakistan (IDA & IBRD)",1995,4414.87671669662
"Middle East, North Africa, Afghanistan & Pakistan (IDA & IBRD)",1994,4305.75496436769
"Middle East, North Africa, Afghanistan & Pakistan (IDA & IBRD)",1993,4255.44495167109
"Middle East, North Africa, Afghanistan & Pakistan (IDA & IBRD)",1992,4268.91998097529
"Middle East, North Africa, Afghanistan & Pakistan (IDA & IBRD)",1991,4131.84264028281
"Middle East, North Africa, Afghanistan & Pakistan (IDA & IBRD)",1990,3835.18279323614
"Middle East, North Africa, Afghanistan & Pakistan (IDA & IBRD)",1989,
"Middle East, North Africa, Afghanistan & Pakistan (IDA & IBRD)",1988,
"Middle East, North Africa, Afghanistan & Pakistan (IDA & IBRD)",1987,
"Middle East, North Africa, Afghanistan & Pakistan (IDA & IBRD)",1986,
"Middle East, North Africa, Afghanistan & Pakistan (IDA & IBRD)",1985,
"Middle East, North Africa, Afghanistan & Pakistan (IDA & IBRD)",1984,
"Middle East, North Africa, Afghanistan & Pakistan (IDA & IBRD)",1983,
"Middle East, North Africa, Afghanistan & Pakistan (IDA & IBRD)",1982,
"Middle East, North Africa, Afghanistan & Pakistan (IDA & IBRD)",1981,
"Middle East, North Africa, Afghanistan & Pakistan (IDA & IBRD)",1980,
"Middle East, North Africa, Afghanistan & Pakistan (IDA & IBRD)",1979,
"Middle East, North Africa, Afghanistan & Pakistan (IDA & IBRD)",1978,
"Middle East, North Africa, Afghanistan & Pakistan (IDA & IBRD)",1977,
"Middle East, North Africa, Afghanistan & Pakistan (IDA & IBRD)",1976,
"Middle East, North Africa, Afghanistan & Pakistan (IDA & IBRD)",1975,
"Middle East, North Africa, Afghanistan & Pakistan (IDA & IBRD)",1974,
"Middle East, North Africa, Afghanistan & Pakistan (IDA & IBRD)",1973,
"Middle East, North Africa, Afghanistan & Pakistan (IDA & IBRD)",1972,
"Middle East, North Africa, Afghanistan & Pakistan (IDA & IBRD)",1971,
"Middle East, North Africa, Afghanistan & Pakistan (IDA & IBRD)",1970,
"Middle East, North Africa, Afghanistan & Pakistan (IDA & IBRD)",1969,
"Middle East, North Africa, Afghanistan & Pakistan (IDA & IBRD)",1968,
"Middle East, North Africa, Afghanistan & Pakistan (IDA & IBRD)",1967,
"Middle East, North Africa, Afghanistan & Pakistan (IDA & IBRD)",1966,
"Middle East, North Africa, Afghanistan & Pakistan (IDA & IBRD)",1965,
"Middle East, North Africa, Afghanistan & Pakistan (IDA & IBRD)",1964,
"Middle East, North Africa, Afghanistan & Pakistan (IDA & IBRD)",1963,
"Middle East, North Africa, Afghanistan & Pakistan (IDA & IBRD)",1962,
"Middle East, North Africa, Afghanistan & Pakistan (IDA & IBRD)",1961,
"Middle East, North Africa, Afghanistan & Pakistan (IDA & IBRD)",1960,
Middle income,2025,18286.062189255
Middle income,2024,17196.0137583471
Middle income,2023,16185.7324491801
Middle income,2022,15004.3015492181
Middle income,2021,13477.1480288886
Middle income,2020,12079.8107551627
Middle income,2019,12055.2305751237
Middle income,2018,11419.0517766851
Middle income,2017,10729.0911624779
Middle income,2016,10196.7880995871
Middle income,2015,9820.72395143208
Middle income,2014,9671.00352305342
Middle income,2013,9343.61753474664
Middle income,2012,8920.43295740137
Middle income,2011,8405.54209423987
Middle income,2010,7847.34039032289
Middle income,2009,7281.52123758098
Middle income,2008,7038.25700804079
Middle income,2007,6603.72382713362
Middle income,2006,5998.81248300527
Middle income,2005,5443.81180339245
Middle income,2004,4991.97991984326
Middle income,2003,4567.36014337191
Middle income,2002,4301.10430467787
Middle income,2001,4110.53606517961
Middle income,2000,3929.53374562114
Middle income,1999,3693.6678908208
Middle income,1998,3565.83645318387
Middle income,1997,3528.59217767357
Middle income,1996,3349.43188123562
Middle income,1995,3155.05364651646
Middle income,1994,3000.7302386177
Middle income,1993,2870.14517775247
Middle income,1992,2756.07746686472
Middle income,1991,2639.4509623387
Middle income,1990,2515.04308461581
Middle income,1989,
Middle income,1988,
Middle income,1987,
Middle income,1986,
Middle income,1985,
Middle income,1984,
Middle income,1983,
Middle income,1982,
Middle income,1981,
Middle income,1980,
Middle income,1979,
Middle income,1978,
Middle income,1977,
Middle income,1976,
Middle income,1975,
Middle income,1974,
Middle income,1973,
Middle income,1972,
Middle income,1971,
Middle income,1970,
Middle income,1969,
Middle income,1968,
Middle income,1967,
Middle income,1966,
Middle income,1965,
Middle income,1964,
Middle income,1963,
Middle income,1962,
Middle income,1961,
Middle income,1960,
North America,2025,87503.8500858099
North America,2024,83936.752895039
North America,2023,80719.1784418153
North America,2022,76573.2242678601
North America,2021,69953.4846892959
North America,2020,62835.859730555
North America,2019,63726.4244981566
North America,2018,61572.5551251195
North America,2017,58871.9709502921
North America,2016,56828.1306348304
North America,2015,55636.5583277606
North America,2014,54217.981826617
North America,2013,52403.725561475
North America,2012,50775.2617739751
North America,2011,49199.8226266695
North America,2010,47801.4884124883
North America,2009,46376.85909556
North America,2008,47768.0865100656
North America,2007,47221.5547745164
North America,2006,45502.4100875449
North America,2005,43361.2792029452
North America,2004,40962.5557846408
North America,2003,38792.5514507872
North America,2002,37310.4547202608
North America,2001,36461.4030759889
North America,2000,35648.7675995575
North America,1999,33862.6450416767
North America,1998,32213.0908022263
North America,1997,30849.5938411351
North America,1996,29384.8044746072
North America,1995,28176.2872895697
North America,1994,27193.80135462
North America,1993,25897.2291459663
North America,1992,24943.2865760764
North America,1991,23933.3703734662
North America,1990,23525.4456557559
North America,1989,
North America,1988,
North America,1987,
North America,1986,
North America,1985,
North America,1984,
North America,1983,
North America,1982,
North America,1981,
North America,1980,
North America,1979,
North America,1978,
North America,1977,
North America,1976,
North America,1975,
North America,1974,
North America,1973,
North America,1972,
North America,1971,
North America,1970,
North America,1969,
North America,1968,
North America,1967,
North America,1966,
North America,1965,
North America,1964,
North America,1963,
North America,1962,
North America,1961,
North America,1960,
Not classified,2025,
Not classified,2024,
Not classified,2023,
Not classified,2022,
Not classified,2021,
Not classified,2020,
Not classified,2019,
Not classified,2018,
Not classified,2017,
Not classified,2016,
Not classified,2015,
Not classified,2014,
Not classified,2013,
Not classified,2012,
Not classified,2011,
Not classified,2010,
Not classified,2009,
Not classified,2008,
Not classified,2007,
Not classified,2006,
Not classified,2005,
Not classified,2004,
Not classified,2003,
Not classified,2002,
Not classified,2001,
Not classified,2000,
Not classified,1999,
Not classified,1998,
Not classified,1997,
Not classified,1996,
Not classified,1995,
Not classified,1994,
Not classified,1993,
Not classified,1992,
Not classified,1991,
Not classified,1990,
Not classified,1989,
Not classified,1988,
Not classified,1987,
Not classified,1986,
Not classified,1985,
Not classified,1984,
Not classified,1983,
Not classified,1982,
Not classified,1981,
Not classified,1980,
Not classified,1979,
Not classified,1978,
Not classified,1977,
Not classified,1976,
Not classified,1975,
Not classified,1974,
Not classified,1973,
Not classified,1972,
Not classified,1971,
Not classified,1970,
Not classified,1969,
Not classified,1968,
Not classified,1967,
Not classified,1966,
Not classified,1965,
Not classified,1964,
Not classified,1963,
Not classified,1962,
Not classified,1961,
Not classified,1960,
OECD members,2025,64192.5290195702
OECD members,2024,62344.5282358954
OECD members,2023,60110.0117808511
OECD members,2022,57187.962137387
OECD members,2021,51208.8336430486
OECD members,2020,46740.8086032469
OECD members,2019,47570.5817937553
OECD members,2018,45552.1691703746
OECD members,2017,43837.9941397017
OECD members,2016,42194.5993013631
OECD members,2015,40803.1637657329
OECD members,2014,39648.7998426481
OECD members,2013,38465.3652201016
OECD members,2012,37107.4730262367
OECD members,2011,36122.1426618791
OECD members,2010,34675.6181872949
OECD members,2009,33407.8184438825
OECD members,2008,34342.784484803
OECD members,2007,33465.0656058664
OECD members,2006,31891.3528629082
OECD members,2005,29890.8412865469
OECD members,2004,28537.4164548128
OECD members,2003,27102.5477553795
OECD members,2002,26327.8331056208
OECD members,2001,25539.4404047717
OECD members,2000,24765.5961728262
OECD members,1999,23313.2087066456
OECD members,1998,22438.0776330765
OECD members,1997,21875.7513348265
OECD members,1996,20922.6891483899
OECD members,1995,20034.6374037
OECD members,1994,19257.2833742194
OECD members,1993,18429.4527847198
OECD members,1992,17941.6917828055
OECD members,1991,17319.1156143361
OECD members,1990,16703.5943585174
OECD members,1989,
OECD members,1988,
OECD members,1987,
OECD members,1986,
OECD members,1985,
OECD members,1984,
OECD members,1983,
OECD members,1982,
OECD members,1981,
OECD members,1980,
OECD members,1979,
OECD members,1978,
OECD members,1977,
OECD members,1976,
OECD members,1975,
OECD members,1974,
OECD members,1973,
OECD members,1972,
OECD members,1971,
OECD members,1970,
OECD members,1969,
OECD members,1968,
OECD members,1967,
OECD members,1966,
OECD members,1965,
OECD members,1964,
OECD members,1963,
OECD members,1962,
OECD members,1961,
OECD members,1960,
Other small states,2025,30603.52331318
Other small states,2024,29435.9436697315
Other small states,2023,28078.9991073003
Other small states,2022,26366.0682220046
Other small states,2021,23632.4052569572
Other small states,2020,21325.8197228572
Other small states,2019,22412.7863144945
Other small states,2018,20741.7433269318
Other small states,2017,19691.3798753284
Other small states,2016,18493.8882839728
Other small states,2015,17488.4955632328
Other small states,2014,17531.7045830042
Other small states,2013,17088.6545364404
Other small states,2012,16773.9587930141
Other small states,2011,16379.809991745
Other small states,2010,15562.4261028105
Other small states,2009,15127.156771511
Other small states,2008,15648.2488983778
Other small states,2007,15121.7016460349
Other small states,2006,14070.4203678622
Other small states,2005,12889.6930458403
Other small states,2004,12189.6429304065
Other small states,2003,11535.492783061
Other small states,2002,10976.8629552718
Other small states,2001,10544.859770252
Other small states,2000,10105.0335912519
Other small states,1999,9382.15971917295
Other small states,1998,9064.11409688314
Other small states,1997,8914.7395476299
Other small states,1996,8360.89829200068
Other small states,1995,8101.69728699806
Other small states,1994,7670.17114123452
Other small states,1993,7377.03290867384
Other small states,1992,7199.61753689569
Other small states,1991,7262.43942060581
Other small states,1990,7145.45882145516
Other small states,1989,
Other small states,1988,
Other small states,1987,
Other small states,1986,
Other small states,1985,
Other small states,1984,
Other small states,1983,
Other small states,1982,
Other small states,1981,
Other small states,1980,
Other small states,1979,
Other small states,1978,
Other small states,1977,
Other small states,1976,
Other small states,1975,
Other small states,1974,
Other small states,1973,
Other small states,1972,
Other small states,1971,
Other small states,1970,
Other small states,1969,
Other small states,1968,
Other small states,1967,
Other small states,1966,
Other small states,1965,
Other small states,1964,
Other small states,1963,
Other small states,1962,
Other small states,1961,
Other small states,1960,
Pacific island small states,2025,8735.40490937936
Pacific island small states,2024,8326.23496459608
Pacific island small states,2023,7936.59949609073
Pacific island small states,2022,7180.81206636261
Pacific island small states,2021,6133.27337662878
Pacific island small states,2020,6252.22494912732
Pacific island small states,2019,7165.90094273522
Pacific island small states,2018,7139.03071502657
Pacific island small states,2017,7000.92315451758
Pacific island small states,2016,6692.51509338411
Pacific island small states,2015,6544.93295835299
Pacific island small states,2014,6149.29075354571
Pacific island small states,2013,5510.99169054014
Pacific island small states,2012,5256.92351947188
Pacific island small states,2011,5060.49851455894
Pacific island small states,2010,4851.29383542526
Pacific island small states,2009,4686.37753728037
Pacific island small states,2008,4738.58202185881
Pacific island small states,2007,4613.56419981001
Pacific island small states,2006,4547.02969463091
Pacific island small states,2005,4363.39256473373
Pacific island small states,2004,4192.53599730204
Pacific island small states,2003,3963.52439154155
Pacific island small states,2002,3867.52975374889
Pacific island small states,2001,3769.07015320478
Pacific island small states,2000,3690.05522752007
Pacific island small states,1999,3711.43120780568
Pacific island small states,1998,3529.86409176138
Pacific island small states,1997,3495.51772717232
Pacific island small states,1996,3538.39096176351
Pacific island small states,1995,3404.24791673808
Pacific island small states,1994,3248.06911237107
Pacific island small states,1993,3077.11014261763
Pacific island small states,1992,2990.56707834917
Pacific island small states,1991,2824.56165281618
Pacific island small states,1990,2802.58401634199
Pacific island small states,1989,
Pacific island small states,1988,
Pacific island small states,1987,
Pacific island small states,1986,
Pacific island small states,1985,
Pacific island small states,1984,
Pacific island small states,1983,
Pacific island small states,1982,
Pacific island small states,1981,
Pacific island small states,1980,
Pacific island small states,1979,
Pacific island small states,1978,
Pacific island small states,1977,
Pacific island small states,1976,
Pacific island small states,1975,
Pacific island small states,1974,
Pacific island small states,1973,
Pacific island small states,1972,
Pacific island small states,1971,
Pacific island small states,1970,
Pacific island small states,1969,
Pacific island small states,1968,
Pacific island small states,1967,
Pacific island small states,1966,
Pacific island small states,1965,
Pacific island small states,1964,
Pacific island small states,1963,
Pacific island small states,1962,
Pacific island small states,1961,
Pacific island small states,1960,
Post-demographic dividend,2025,70762.8697352539
Post-demographic dividend,2024,68602.7221788617
Post-demographic dividend,2023,66141.2204578245
Post-demographic dividend,2022,62753.8932833714
Post-demographic dividend,2021,56629.4428654399
Post-demographic dividend,2020,51537.373786735
Post-demographic dividend,2019,52370.2542762053
Post-demographic dividend,2018,49962.2979159075
Post-demographic dividend,2017,47917.2002572694
Post-demographic dividend,2016,46063.9050098288
Post-demographic dividend,2015,44546.0963862777
Post-demographic dividend,2014,43411.3900505967
Post-demographic dividend,2013,42229.5192425336
Post-demographic dividend,2012,40679.632317002
Post-demographic dividend,2011,39627.0579660884
Post-demographic dividend,2010,38188.4363057564
Post-demographic dividend,2009,36847.9455944635
Post-demographic dividend,2008,37903.2629589212
Post-demographic dividend,2007,36956.388815527
Post-demographic dividend,2006,35214.063091301
Post-demographic dividend,2005,33069.6550453256
Post-demographic dividend,2004,31524.0142994004
Post-demographic dividend,2003,29907.5100125021
Post-demographic dividend,2002,28966.5416708667
Post-demographic dividend,2001,28005.978922201
Post-demographic dividend,2000,27033.3864779464
Post-demographic dividend,1999,25413.3312663279
Post-demographic dividend,1998,24351.4857948773
Post-demographic dividend,1997,23580.9670468823
Post-demographic dividend,1996,22586.039317206
Post-demographic dividend,1995,21662.6850619481
Post-demographic dividend,1994,20787.7702100685
Post-demographic dividend,1993,19893.8200741984
Post-demographic dividend,1992,19372.4393094305
Post-demographic dividend,1991,18744.1736895906
Post-demographic dividend,1990,18083.8808461563
Post-demographic dividend,1989,
Post-demographic dividend,1988,
Post-demographic dividend,1987,
Post-demographic dividend,1986,
Post-demographic dividend,1985,
Post-demographic dividend,1984,
Post-demographic dividend,1983,
Post-demographic dividend,1982,
Post-demographic dividend,1981,
Post-demographic dividend,1980,
Post-demographic dividend,1979,
Post-demographic dividend,1978,
Post-demographic dividend,1977,
Post-demographic dividend,1976,
Post-demographic dividend,1975,
Post-demographic dividend,1974,
Post-demographic dividend,1973,
Post-demographic dividend,1972,
Post-demographic dividend,1971,
Post-demographic dividend,1970,
Post-demographic dividend,1969,
Post-demographic dividend,1968,
Post-demographic dividend,1967,
Post-demographic dividend,1966,
Post-demographic dividend,1965,
Post-demographic dividend,1964,
Post-demographic dividend,1963,
Post-demographic dividend,1962,
Post-demographic dividend,1961,
Post-demographic dividend,1960,
Pre-demographic dividend,2025,5479.27016520918
Pre-demographic dividend,2024,5273.74958372838
Pre-demographic dividend,2023,5104.66442026997
Pre-demographic dividend,2022,4928.85608108048
Pre-demographic dividend,2021,4513.80668611347
Pre-demographic dividend,2020,4218.05030973207
Pre-demographic dividend,2019,4352.82966303927
Pre-demographic dividend,2018,4176.86774565947
Pre-demographic dividend,2017,3989.14375352913
Pre-demographic dividend,2016,3896.2312231132
Pre-demographic dividend,2015,3913.25090988398
Pre-demographic dividend,2014,4093.62823738977
Pre-demographic dividend,2013,3973.57917729424
Pre-demographic dividend,2012,3809.53579847835
Pre-demographic dividend,2011,3736.47174224879
Pre-demographic dividend,2010,3612.79781877929
Pre-demographic dividend,2009,3444.58966672013
Pre-demographic dividend,2008,3360.52574428235
Pre-demographic dividend,2007,3187.36082539448
Pre-demographic dividend,2006,3010.61527312595
Pre-demographic dividend,2005,2830.78758343631
Pre-demographic dividend,2004,2671.48698458747
Pre-demographic dividend,2003,2370.8511079318
Pre-demographic dividend,2002,2434.87049766071
Pre-demographic dividend,2001,2336.32316057645
Pre-demographic dividend,2000,2252.38638492215
Pre-demographic dividend,1999,2133.6644951431
Pre-demographic dividend,1998,2066.82438299666
Pre-demographic dividend,1997,1950.83680148043
Pre-demographic dividend,1996,1842.57802916922
Pre-demographic dividend,1995,1756.91353400325
Pre-demographic dividend,1994,1722.98976842626
Pre-demographic dividend,1993,1750.3473365334
Pre-demographic dividend,1992,1806.33427817534
Pre-demographic dividend,1991,1795.26756282039
Pre-demographic dividend,1990,1765.04274737787
Pre-demographic dividend,1989,
Pre-demographic dividend,1988,
Pre-demographic dividend,1987,
Pre-demographic dividend,1986,
Pre-demographic dividend,1985,
Pre-demographic dividend,1984,
Pre-demographic dividend,1983,
Pre-demographic dividend,1982,
Pre-demographic dividend,1981,
Pre-demographic dividend,1980,
Pre-demographic dividend,1979,
Pre-demographic dividend,1978,
Pre-demographic dividend,1977,
Pre-demographic dividend,1976,
Pre-demographic dividend,1975,
Pre-demographic dividend,1974,
Pre-demographic dividend,1973,
Pre-demographic dividend,1972,
Pre-demographic dividend,1971,
Pre-demographic dividend,1970,
Pre-demographic dividend,1969,
Pre-demographic dividend,1968,
Pre-demographic dividend,1967,
Pre-demographic dividend,1966,
Pre-demographic dividend,1965,
Pre-demographic dividend,1964,
Pre-demographic dividend,1963,
Pre-demographic dividend,1962,
Pre-demographic dividend,1961,
Pre-demographic dividend,1960,
Small states,2025,30378.738821689
Small states,2024,28670.4071711442
Small states,2023,26458.0570471367
Small states,2022,24383.6349520917
Small states,2021,21262.5948218682
Small states,2020,19051.8795832025
Small states,2019,20323.7922400186
Small states,2018,19049.4199396395
Small states,2017,18258.768305634
Small states,2016,17272.5709423263
Small states,2015,16774.1299419601
Small states,2014,16893.6577903224
Small states,2013,16461.5609359913
Small states,2012,16190.8418672374
Small states,2011,15815.4362574453
Small states,2010,15170.6859759006
Small states,2009,14772.3087133628
Small states,2008,15260.5874394464
Small states,2007,14758.3321379689
Small states,2006,13815.4040371211
Small states,2005,12606.9011733043
Small states,2004,11847.4007828821
Small states,2003,11160.3662155184
Small states,2002,10527.8126366588
Small states,2001,10088.1607985194
Small states,2000,9690.97122034846
Small states,1999,9076.26471430429
Small states,1998,8706.26892071442
Small states,1997,8480.22060341309
Small states,1996,8003.87172378887
Small states,1995,7686.70277679377
Small states,1994,7309.37803260356
Small states,1993,7006.08755324025
Small states,1992,6845.18837303802
Small states,1991,6762.30367337347
Small states,1990,6618.05637079517
Small states,1989,
Small states,1988,
Small states,1987,
Small states,1986,
Small states,1985,
Small states,1984,
Small states,1983,
Small states,1982,
Small states,1981,
Small states,1980,
Small states,1979,
Small states,1978,
Small states,1977,
Small states,1976,
Small states,1975,
Small states,1974,
Small states,1973,
Small states,1972,
Small states,1971,
Small states,1970,
Small states,1969,
Small states,1968,
Small states,1967,
Small states,1966,
Small states,1965,
Small states,1964,
Small states,1963,
Small states,1962,
Small states,1961,
Small states,1960,
South Asia,2025,11562.1850810909
South Asia,2024,10594.5335959681
South Asia,2023,9771.04591690011
South Asia,2022,8899.31392332671
South Asia,2021,7815.21278442871
South Asia,2020,6796.23874125937
South Asia,2019,6910.69627919166
South Asia,2018,6482.04601810231
South Asia,2017,5925.07961165666
South Asia,2016,5584.92915657948
South Asia,2015,5218.51028720282
South Asia,2014,4988.74207154808
South Asia,2013,4798.77253358533
South Asia,2012,4593.44333450984
South Asia,2011,4226.19248438076
South Asia,2010,3980.51995442432
South Asia,2009,3683.93349968658
South Asia,2008,3454.17627818788
South Asia,2007,3321.40766242936
South Asia,2006,3050.31260916919
South Asia,2005,2783.81621073239
South Asia,2004,2546.01617952509
South Asia,2003,2342.72380135957
South Asia,2002,2173.4164798097
South Asia,2001,2099.09442340516
South Asia,2000,1998.62185716508
South Asia,1999,1913.53272382826
South Asia,1998,1776.07095787724
South Asia,1997,1689.14295024527
South Asia,1996,1625.24923661274
South Asia,1995,1519.72918318062
South Asia,1994,1416.16976097671
South Asia,1993,1329.89298495325
South Asia,1992,1265.49495344975
South Asia,1991,1198.64588325903
South Asia,1990,1167.19953808718
South Asia,1989,
South Asia,1988,
South Asia,1987,
South Asia,1986,
South Asia,1985,
South Asia,1984,
South Asia,1983,
South Asia,1982,
South Asia,1981,
South Asia,1980,
South Asia,1979,
South Asia,1978,
South Asia,1977,
South Asia,1976,
South Asia,1975,
South Asia,1974,
South Asia,1973,
South Asia,1972,
South Asia,1971,
South Asia,1970,
South Asia,1969,
South Asia,1968,
South Asia,1967,
South Asia,1966,
South Asia,1965,
South Asia,1964,
South Asia,1963,
South Asia,1962,
South Asia,1961,
South Asia,1960,
South Asia (IDA & IBRD),2025,11562.1850810909
South Asia (IDA & IBRD),2024,10594.5335959681
South Asia (IDA & IBRD),2023,9771.04591690011
South Asia (IDA & IBRD),2022,8899.31392332671
South Asia (IDA & IBRD),2021,7815.21278442871
South Asia (IDA & IBRD),2020,6796.23874125937
South Asia (IDA & IBRD),2019,6910.69627919166
South Asia (IDA & IBRD),2018,6482.04601810231
South Asia (IDA & IBRD),2017,5925.07961165666
South Asia (IDA & IBRD),2016,5584.92915657948
South Asia (IDA & IBRD),2015,5218.51028720282
South Asia (IDA & IBRD),2014,4988.74207154808
South Asia (IDA & IBRD),2013,4798.77253358533
South Asia (IDA & IBRD),2012,4593.44333450984
South Asia (IDA & IBRD),2011,4226.19248438076
South Asia (IDA & IBRD),2010,3980.51995442432
South Asia (IDA & IBRD),2009,3683.93349968658
South Asia (IDA & IBRD),2008,3454.17627818788
South Asia (IDA & IBRD),2007,3321.40766242936
South Asia (IDA & IBRD),2006,3050.31260916919
South Asia (IDA & IBRD),2005,2783.81621073239
South Asia (IDA & IBRD),2004,2546.01617952509
South Asia (IDA & IBRD),2003,2342.72380135957
South Asia (IDA & IBRD),2002,2173.4164798097
South Asia (IDA & IBRD),2001,2099.09442340516
South Asia (IDA & IBRD),2000,1998.62185716508
South Asia (IDA & IBRD),1999,1913.53272382826
South Asia (IDA & IBRD),1998,1776.07095787724
South Asia (IDA & IBRD),1997,1689.14295024527
South Asia (IDA & IBRD),1996,1625.24923661274
South Asia (IDA & IBRD),1995,1519.72918318062
South Asia (IDA & IBRD),1994,1416.16976097671
South Asia (IDA & IBRD),1993,1329.89298495325
South Asia (IDA & IBRD),1992,1265.49495344975
South Asia (IDA & IBRD),1991,1198.64588325903
South Asia (IDA & IBRD),1990,1167.19953808718
South Asia (IDA & IBRD),1989,
South Asia (IDA & IBRD),1988,
South Asia (IDA & IBRD),1987,
South Asia (IDA & IBRD),1986,
South Asia (IDA & IBRD),1985,
South Asia (IDA & IBRD),1984,
South Asia (IDA & IBRD),1983,
South Asia (IDA & IBRD),1982,
South Asia (IDA & IBRD),1981,
South Asia (IDA & IBRD),1980,
South Asia (IDA & IBRD),1979,
South Asia (IDA & IBRD),1978,
South Asia (IDA & IBRD),1977,
South Asia (IDA & IBRD),1976,
South Asia (IDA & IBRD),1975,
South Asia (IDA & IBRD),1974,
South Asia (IDA & IBRD),1973,
South Asia (IDA & IBRD),1972,
South Asia (IDA & IBRD),1971,
South Asia (IDA & IBRD),1970,
South Asia (IDA & IBRD),1969,
South Asia (IDA & IBRD),1968,
South Asia (IDA & IBRD),1967,
South Asia (IDA & IBRD),1966,
South Asia (IDA & IBRD),1965,
South Asia (IDA & IBRD),1964,
South Asia (IDA & IBRD),1963,
South Asia (IDA & IBRD),1962,
South Asia (IDA & IBRD),1961,
South Asia (IDA & IBRD),1960,
Sub-Saharan Africa,2025,5785.99485616741
Sub-Saharan Africa,2024,5525.75233957231
Sub-Saharan Africa,2023,5321.71824656475
Sub-Saharan Africa,2022,5116.63828770479
Sub-Saharan Africa,2021,4702.40563604418
Sub-Saharan Africa,2020,4403.53684898304
Sub-Saharan Africa,2019,4490.30405465511
Sub-Saharan Africa,2018,4322.1640935143
Sub-Saharan Africa,2017,4328.54321994519
Sub-Saharan Africa,2016,4182.68569754759
Sub-Saharan Africa,2015,4160.91431522566
Sub-Saharan Africa,2014,4169.294742664
Sub-Saharan Africa,2013,3982.34394141301
Sub-Saharan Africa,2012,3824.19195422946
Sub-Saharan Africa,2011,3815.62991052958
Sub-Saharan Africa,2010,3678.55231540358
Sub-Saharan Africa,2009,3518.38145407707
Sub-Saharan Africa,2008,3475.70366464761
Sub-Saharan Africa,2007,3328.65085652001
Sub-Saharan Africa,2006,3138.31172804675
Sub-Saharan Africa,2005,2950.51446135541
Sub-Saharan Africa,2004,2773.36587738569
Sub-Saharan Africa,2003,2598.22064195802
Sub-Saharan Africa,2002,2508.01222405277
Sub-Saharan Africa,2001,2376.95097184995
Sub-Saharan Africa,2000,2286.60171367586
Sub-Saharan Africa,1999,2216.67121457526
Sub-Saharan Africa,1998,2196.23808816664
Sub-Saharan Africa,1997,2173.6772727861
Sub-Saharan Africa,1996,2104.19632511011
Sub-Saharan Africa,1995,2018.02134460007
Sub-Saharan Africa,1994,1966.53993013983
Sub-Saharan Africa,1993,1959.41731175113
Sub-Saharan Africa,1992,1982.4467288401
Sub-Saharan Africa,1991,1991.48011355374
Sub-Saharan Africa,1990,1966.96174107388
Sub-Saharan Africa,1989,
Sub-Saharan Africa,1988,
Sub-Saharan Africa,1987,
Sub-Saharan Africa,1986,
Sub-Saharan Africa,1985,
Sub-Saharan Africa,1984,
Sub-Saharan Africa,1983,
Sub-Saharan Africa,1982,
Sub-Saharan Africa,1981,
Sub-Saharan Africa,1980,
Sub-Saharan Africa,1979,
Sub-Saharan Africa,1978,
Sub-Saharan Africa,1977,
Sub-Saharan Africa,1976,
Sub-Saharan Africa,1975,
Sub-Saharan Africa,1974,
Sub-Saharan Africa,1973,
Sub-Saharan Africa,1972,
Sub-Saharan Africa,1971,
Sub-Saharan Africa,1970,
Sub-Saharan Africa,1969,
Sub-Saharan Africa,1968,
Sub-Saharan Africa,1967,
Sub-Saharan Africa,1966,
Sub-Saharan Africa,1965,
Sub-Saharan Africa,1964,
Sub-Saharan Africa,1963,
Sub-Saharan Africa,1962,
Sub-Saharan Africa,1961,
Sub-Saharan Africa,1960,
Sub-Saharan Africa (excluding high income),2025,5783.20341637366
Sub-Saharan Africa (excluding high income),2024,5523.13654766133
Sub-Saharan Africa (excluding high income),2023,5319.19071695846
Sub-Saharan Africa (excluding high income),2022,5114.2870977928
Sub-Saharan Africa (excluding high income),2021,4700.31298645118
Sub-Saharan Africa (excluding high income),2020,4401.29051079121
Sub-Saharan Africa (excluding high income),2019,4487.75384887465
Sub-Saharan Africa (excluding high income),2018,4319.74082132637
Sub-Saharan Africa (excluding high income),2017,4326.20517226218
Sub-Saharan Africa (excluding high income),2016,4180.46925435658
Sub-Saharan Africa (excluding high income),2015,4158.97555168855
Sub-Saharan Africa (excluding high income),2014,4167.38905433612
Sub-Saharan Africa (excluding high income),2013,3980.63024861462
Sub-Saharan Africa (excluding high income),2012,3822.46886701026
Sub-Saharan Africa (excluding high income),2011,3813.92160443164
Sub-Saharan Africa (excluding high income),2010,3677.01688657279
Sub-Saharan Africa (excluding high income),2009,3516.88344760743
Sub-Saharan Africa (excluding high income),2008,3474.12145171032
Sub-Saharan Africa (excluding high income),2007,3326.98243500162
Sub-Saharan Africa (excluding high income),2006,3136.79406395103
Sub-Saharan Africa (excluding high income),2005,2949.14355851547
Sub-Saharan Africa (excluding high income),2004,2772.12795049353
Sub-Saharan Africa (excluding high income),2003,2596.92506760447
Sub-Saharan Africa (excluding high income),2002,2506.60430144062
Sub-Saharan Africa (excluding high income),2001,2375.52709875959
Sub-Saharan Africa (excluding high income),2000,2285.1262281191
Sub-Saharan Africa (excluding high income),1999,2215.2564782926
Sub-Saharan Africa (excluding high income),1998,2194.83270670714
Sub-Saharan Africa (excluding high income),1997,2172.28594822022
Sub-Saharan Africa (excluding high income),1996,2102.96762732254
Sub-Saharan Africa (excluding high income),1995,2016.90917352579
Sub-Saharan Africa (excluding high income),1994,1965.42267165731
Sub-Saharan Africa (excluding high income),1993,1958.25692572078
Sub-Saharan Africa (excluding high income),1992,1981.382486126
Sub-Saharan Africa (excluding high income),1991,1990.50645536943
Sub-Saharan Africa (excluding high income),1990,1966.0292992755
Sub-Saharan Africa (excluding high income),1989,
Sub-Saharan Africa (excluding high income),1988,
Sub-Saharan Africa (excluding high income),1987,
Sub-Saharan Africa (excluding high income),1986,
Sub-Saharan Africa (excluding high income),1985,
Sub-Saharan Africa (excluding high income),1984,
Sub-Saharan Africa (excluding high income),1983,
Sub-Saharan Africa (excluding high income),1982,
Sub-Saharan Africa (excluding high income),1981,
Sub-Saharan Africa (excluding high income),1980,
Sub-Saharan Africa (excluding high income),1979,
Sub-Saharan Africa (excluding high income),1978,
Sub-Saharan Africa (excluding high income),1977,
Sub-Saharan Africa (excluding high income),1976,
Sub-Saharan Africa (excluding high income),1975,
Sub-Saharan Africa (excluding high income),1974,
Sub-Saharan Africa (excluding high income),1973,
Sub-Saharan Africa (excluding high income),1972,
Sub-Saharan Africa (excluding high income),1971,
Sub-Saharan Africa (excluding high income),1970,
Sub-Saharan Africa (excluding high income),1969,
Sub-Saharan Africa (excluding high income),1968,
Sub-Saharan Africa (excluding high income),1967,
Sub-Saharan Africa (excluding high income),1966,
Sub-Saharan Africa (excluding high income),1965,
Sub-Saharan Africa (excluding high income),1964,
Sub-Saharan Africa (excluding high income),1963,
Sub-Saharan Africa (excluding high income),1962,
Sub-Saharan Africa (excluding high income),1961,
Sub-Saharan Africa (excluding high income),1960,
Sub-Saharan Africa (IDA & IBRD countries),2025,5785.99485616742
Sub-Saharan Africa (IDA & IBRD countries),2024,5525.75233957231
Sub-Saharan Africa (IDA & IBRD countries),2023,5321.71824656475
Sub-Saharan Africa (IDA & IBRD countries),2022,5116.63828770479
Sub-Saharan Africa (IDA & IBRD countries),2021,4702.40563604418
Sub-Saharan Africa (IDA & IBRD countries),2020,4403.53684898304
Sub-Saharan Africa (IDA & IBRD countries),2019,4490.30405465511
Sub-Saharan Africa (IDA & IBRD countries),2018,4322.1640935143
Sub-Saharan Africa (IDA & IBRD countries),2017,4328.54321994519
Sub-Saharan Africa (IDA & IBRD countries),2016,4182.68569754759
Sub-Saharan Africa (IDA & IBRD countries),2015,4160.91431522566
Sub-Saharan Africa (IDA & IBRD countries),2014,4169.294742664
Sub-Saharan Africa (IDA & IBRD countries),2013,3982.34394141301
Sub-Saharan Africa (IDA & IBRD countries),2012,3824.19195422946
Sub-Saharan Africa (IDA & IBRD countries),2011,3815.62991052959
Sub-Saharan Africa (IDA & IBRD countries),2010,3678.55231540359
Sub-Saharan Africa (IDA & IBRD countries),2009,3518.38145407707
Sub-Saharan Africa (IDA & IBRD countries),2008,3475.70366464762
Sub-Saharan Africa (IDA & IBRD countries),2007,3328.65085652001
Sub-Saharan Africa (IDA & IBRD countries),2006,3138.31172804675
Sub-Saharan Africa (IDA & IBRD countries),2005,2950.51446135541
Sub-Saharan Africa (IDA & IBRD countries),2004,2773.36587738569
Sub-Saharan Africa (IDA & IBRD countries),2003,2598.22064195803
Sub-Saharan Africa (IDA & IBRD countries),2002,2508.01222405278
Sub-Saharan Africa (IDA & IBRD countries),2001,2376.95097184996
Sub-Saharan Africa (IDA & IBRD countries),2000,2286.60171367586
Sub-Saharan Africa (IDA & IBRD countries),1999,2216.67121457526
Sub-Saharan Africa (IDA & IBRD countries),1998,2196.23808816664
Sub-Saharan Africa (IDA & IBRD countries),1997,2173.6772727861
Sub-Saharan Africa (IDA & IBRD countries),1996,2104.19632511011
Sub-Saharan Africa (IDA & IBRD countries),1995,2018.02134460007
Sub-Saharan Africa (IDA & IBRD countries),1994,1966.53993013984
Sub-Saharan Africa (IDA & IBRD countries),1993,1959.41731175113
Sub-Saharan Africa (IDA & IBRD countries),1992,1982.4467288401
Sub-Saharan Africa (IDA & IBRD countries),1991,1991.48011355374
Sub-Saharan Africa (IDA & IBRD countries),1990,1966.96174107388
Sub-Saharan Africa (IDA & IBRD countries),1989,
Sub-Saharan Africa (IDA & IBRD countries),1988,
Sub-Saharan Africa (IDA & IBRD countries),1987,
Sub-Saharan Africa (IDA & IBRD countries),1986,
Sub-Saharan Africa (IDA & IBRD countries),1985,
Sub-Saharan Africa (IDA & IBRD countries),1984,
Sub-Saharan Africa (IDA & IBRD countries),1983,
Sub-Saharan Africa (IDA & IBRD countries),1982,
Sub-Saharan Africa (IDA & IBRD countries),1981,
Sub-Saharan Africa (IDA & IBRD countries),1980,
Sub-Saharan Africa (IDA & IBRD countries),1979,
Sub-Saharan Africa (IDA & IBRD countries),1978,
Sub-Saharan Africa (IDA & IBRD countries),1977,
Sub-Saharan Africa (IDA & IBRD countries),1976,
Sub-Saharan Africa (IDA & IBRD countries),1975,
Sub-Saharan Africa (IDA & IBRD countries),1974,
Sub-Saharan Africa (IDA & IBRD countries),1973,
Sub-Saharan Africa (IDA & IBRD countries),1972,
Sub-Saharan Africa (IDA & IBRD countries),1971,
Sub-Saharan Africa (IDA & IBRD countries),1970,
Sub-Saharan Africa (IDA & IBRD countries),1969,
Sub-Saharan Africa (IDA & IBRD countries),1968,
Sub-Saharan Africa (IDA & IBRD countries),1967,
Sub-Saharan Africa (IDA & IBRD countries),1966,
Sub-Saharan Africa (IDA & IBRD countries),1965,
Sub-Saharan Africa (IDA & IBRD countries),1964,
Sub-Saharan Africa (IDA & IBRD countries),1963,
Sub-Saharan Africa (IDA & IBRD countries),1962,
Sub-Saharan Africa (IDA & IBRD countries),1961,
Sub-Saharan Africa (IDA & IBRD countries),1960,
Upper middle income,2025,25523.4542028292
Upper middle income,2024,24046.0225883619
Upper middle income,2023,22608.3773484032
Upper middle income,2022,20898.6897141198
Upper middle income,2021,18796.441497948
Upper middle income,2020,16761.8731146221
Upper middle income,2019,16654.0194892017
Upper middle income,2018,15780.4555891274
Upper middle income,2017,14830.2224805465
Upper middle income,2016,14086.1229268017
Upper middle income,2015,13559.0980655369
Upper middle income,2014,13420.0071448156
Upper middle income,2013,12948.5020840703
Upper middle income,2012,12323.7210162732
Upper middle income,2011,11635.2126974059
Upper middle income,2010,10765.8005009499
Upper middle income,2009,9905.45865461531
Upper middle income,2008,9595.25336333651
Upper middle income,2007,8922.49228190732
Upper middle income,2006,8030.6450990273
Upper middle income,2005,7235.34369761318
Upper middle income,2004,6606.5732950119
Upper middle income,2003,6017.80938784559
Upper middle income,2002,5638.5223713966
Upper middle income,2001,5347.05873237346
Upper middle income,2000,5101.3483304504
Upper middle income,1999,4749.18133453977
Upper middle income,1998,4588.36178670158
Upper middle income,1997,4572.76623535159
Upper middle income,1996,4304.58232805757
Upper middle income,1995,4037.23474794771
Upper middle income,1994,3829.66554451908
Upper middle income,1993,3639.80885140051
Upper middle income,1992,3463.44376950807
Upper middle income,1991,3306.67098116596
Upper middle income,1990,3130.98343082671
Upper middle income,1989,
Upper middle income,1988,
Upper middle income,1987,
Upper middle income,1986,
Upper middle income,1985,
Upper middle income,1984,
Upper middle income,1983,
Upper middle income,1982,
Upper middle income,1981,
Upper middle income,1980,
Upper middle income,1979,
Upper middle income,1978,
Upper middle income,1977,
Upper middle income,1976,
Upper middle income,1975,
Upper middle income,1974,
Upper middle income,1973,
Upper middle income,1972,
Upper middle income,1971,
Upper middle income,1970,
Upper middle income,1969,
Upper middle income,1968,
Upper middle income,1967,
Upper middle income,1966,
Upper middle income,1965,
Upper middle income,1964,
Upper middle income,1963,
Upper middle income,1962,
Upper middle income,1961,
Upper middle income,1960,
World,2025,25703.7416091769
World,2024,24544.4750035019
World,2023,23381.6927256577
World,2022,22005.9139557162
World,2021,19865.9266203614
World,2020,17910.1867404411
World,2019,18132.2535880815
World,2018,17293.9495577393
World,2017,16429.0103801342
World,2016,15735.7039704622
World,2015,15282.0825133037
World,2014,15115.2509558725
World,2013,14712.1789510363
World,2012,14177.238982459
World,2011,13634.3936960401
World,2010,12946.1468466689
World,2009,12295.2044194852
World,2008,12342.5675904847
World,2007,11800.946146547
World,2006,11034.516531845
World,2005,10201.869417688
World,2004,9587.35098389116
World,2003,8981.25314314513
World,2002,8614.12924496173
World,2001,8323.42028544492
World,2000,8043.46946492281
World,1999,7584.5720864725
World,1998,7326.40279604383
World,1997,7195.40138387502
World,1996,6899.80715899713
World,1995,6609.81891285709
World,1994,6354.56794749494
World,1993,6122.00671435061
World,1992,5965.27761156708
World,1991,5800.34477652698
World,1990,5611.76363595299
World,1989,
World,1988,
World,1987,
World,1986,
World,1985,
World,1984,
World,1983,
World,1982,
World,1981,
World,1980,
World,1979,
World,1978,
World,1977,
World,1976,
World,1975,
World,1974,
World,1973,
World,1972,
World,1971,
World,1970,
World,1969,
World,1968,
World,1967,
World,1966,
World,1965,
World,1964,
World,1963,
World,1962,
World,1961,
World,1960,
Afghanistan,2025,
Afghanistan,2024,2236.19907311431
Afghanistan,2023,2203.53761869487
Afghanistan,2022,2122.65936199211
Afghanistan,2021,2144.16657002819
Afghanistan,2020,2561.98176058622
Afghanistan,2019,2583.48533239877
Afghanistan,2018,2432.27670083336
Afghanistan,2017,2335.79586234454
Afghanistan,2016,2213.1814410479
Afghanistan,2015,2284.07584789349
Afghanistan,2014,2224.49074815215
Afghanistan,2013,2133.24127098647
Afghanistan,2012,1988.42930381554
Afghanistan,2011,1744.06062321558
Afghanistan,2010,1765.53802824846
Afghanistan,2009,1570.69814519525
Afghanistan,2008,1333.74726657191
Afghanistan,2007,1286.94984307286
Afghanistan,2006,1121.83447078394
Afghanistan,2005,1076.08735259986
Afghanistan,2004,971.633503054244
Afghanistan,2003,966.962032048704
Afghanistan,2002,926.507940992004
Afghanistan,2001,747.688045498158
Afghanistan,2000,813.550255961333
Afghanistan,1999,
Afghanistan,1998,
Afghanistan,1997,
Afghanistan,1996,
Afghanistan,1995,
Afghanistan,1994,
Afghanistan,1993,
Afghanistan,1992,
Afghanistan,1991,
Afghanistan,1990,
Afghanistan,1989,
Afghanistan,1988,
Afghanistan,1987,
Afghanistan,1986,
Afghanistan,1985,
Afghanistan,1984,
Afghanistan,1983,
Afghanistan,1982,
Afghanistan,1981,
Afghanistan,1980,
Afghanistan,1979,
Afghanistan,1978,
Afghanistan,1977,
Afghanistan,1976,
Afghanistan,1975,
Afghanistan,1974,
Afghanistan,1973,
Afghanistan,1972,
Afghanistan,1971,
Afghanistan,1970,
Afghanistan,1969,
Afghanistan,1968,
Afghanistan,1967,
Afghanistan,1966,
Afghanistan,1965,
Afghanistan,1964,
Afghanistan,1963,
Afghanistan,1962,
Afghanistan,1961,
Afghanistan,1960,
Albania,2025,28220.7950617158
Albania,2024,26701.7649330157
Albania,2023,24847.5057998051
Albania,2022,22138.4966146921
Albania,2021,18212.794718288
Albania,2020,16287.6136733864
Albania,2019,16442.0254754945
Albania,2018,15055.3473824585
Albania,2017,14110.6720568255
Albania,2016,13055.8912586429
Albania,2015,12386.6003347481
Albania,2014,11787.8702732821
Albania,2013,10882.042303638
Albania,2012,10608.7790745201
Albania,2011,10273.4276843078
Albania,2010,9754.86619784549
Albania,2009,9030.61738450029
Albania,2008,8469.28996108484
Albania,2007,7584.67436194396
Albania,2006,6752.91540163161
Albania,2005,6014.3155961528
Albania,2004,5594.81688580464
Albania,2003,5169.16314519267
Albania,2002,4840.35854588098
Albania,2001,4450.51135060139
Albania,2000,3977.79315842068
Albania,1999,3549.28222938864
Albania,1998,3085.7889135935
Albania,1997,2760.07854881264
Albania,1996,3054.04979549208
Albania,1995,2776.84207952747
Albania,1994,2385.29097470741
Albania,1993,2143.18631250435
Albania,1992,1899.2679420508
Albania,1991,1988.65011115524
Albania,1990,2655.68581919275
Albania,1989,
Albania,1988,
Albania,1987,
Albania,1986,
Albania,1985,
Albania,1984,
Albania,1983,
Albania,1982,
Albania,1981,
Albania,1980,
Albania,1979,
Albania,1978,
Albania,1977,
Albania,1976,
Albania,1975,
Albania,1974,
Albania,1973,
Albania,1972,
Albania,1971,
Albania,1970,
Albania,1969,
Albania,1968,
Albania,1967,
Albania,1966,
Albania,1965,
Albania,1964,
Albania,1963,
Albania,1962,
Albania,1961,
Albania,1960,
Algeria,2025,18586.2607480579
Algeria,2024,17646.332598878
Algeria,2023,16838.3550419037
Algeria,2022,15833.5847271335
Algeria,2021,14496.8654697299
Algeria,2020,12676.5130564294
Algeria,2019,13892.5333446205
Algeria,2018,13727.1266357859
Algeria,2017,13493.560749484
Algeria,2016,13437.8460232169
Algeria,2015,13807.3515841478
Algeria,2014,14694.143827383
Algeria,2013,14370.820661674
Algeria,2012,14441.3293398806
Algeria,2011,14639.8779436268
Algeria,2010,14201.3659902328
Algeria,2009,13651.4472996412
Algeria,2008,13666.2181955713
Algeria,2007,13320.9641203453
Algeria,2006,12791.3412606709
Algeria,2005,12246.2692242607
Algeria,2004,11431.6856716317
Algeria,2003,10802.7506702336
Algeria,2002,10080.1825001843
Algeria,2001,9543.52035392293
Algeria,2000,9186.81590310948
Algeria,1999,8776.44209452164
Algeria,1998,8502.88835906933
Algeria,1997,8128.79891386767
Algeria,1996,8052.76856679082
Algeria,1995,7746.71683858206
Algeria,1994,7462.64758776193
Algeria,1993,7537.93868247743
Algeria,1992,7704.51644334888
Algeria,1991,7582.07194408856
Algeria,1990,7602.18725707323
Algeria,1989,
Algeria,1988,
Algeria,1987,
Algeria,1986,
Algeria,1985,
Algeria,1984,
Algeria,1983,
Algeria,1982,
Algeria,1981,
Algeria,1980,
Algeria,1979,
Algeria,1978,
Algeria,1977,
Algeria,1976,
Algeria,1975,
Algeria,1974,
Algeria,1973,
Algeria,1972,
Algeria,1971,
Algeria,1970,
Algeria,1969,
Algeria,1968,
Algeria,1967,
Algeria,1966,
Algeria,1965,
Algeria,1964,
Algeria,1963,
Algeria,1962,
Algeria,1961,
Algeria,1960,
American Samoa,2025,
American Samoa,2024,
American Samoa,2023,
American Samoa,2022,
American Samoa,2021,
American Samoa,2020,
American Samoa,2019,
American Samoa,2018,
American Samoa,2017,
American Samoa,2016,
American Samoa,2015,
American Samoa,2014,
American Samoa,2013,
American Samoa,2012,
American Samoa,2011,
American Samoa,2010,
American Samoa,2009,
American Samoa,2008,
American Samoa,2007,
American Samoa,2006,
American Samoa,2005,
American Samoa,2004,
American Samoa,2003,
American Samoa,2002,
American Samoa,2001,
American Samoa,2000,
American Samoa,1999,
American Samoa,1998,
American Samoa,1997,
American Samoa,1996,
American Samoa,1995,
American Samoa,1994,
American Samoa,1993,
American Samoa,1992,
American Samoa,1991,
American Samoa,1990,
American Samoa,1989,
American Samoa,1988,
American Samoa,1987,
American Samoa,1986,
American Samoa,1985,
American Samoa,1984,
American Samoa,1983,
American Samoa,1982,
American Samoa,1981,
American Samoa,1980,
American Samoa,1979,
American Samoa,1978,
American Samoa,1977,
American Samoa,1976,
American Samoa,1975,
American Samoa,1974,
American Samoa,1973,
American Samoa,1972,
American Samoa,1971,
American Samoa,1970,
American Samoa,1969,
American Samoa,1968,
American Samoa,1967,
American Samoa,1966,
American Samoa,1965,
American Samoa,1964,
American Samoa,1963,
American Samoa,1962,
American Samoa,1961,
American Samoa,1960,
Andorra,2025,79566.7925868466
Andorra,2024,75394.8581564469
Andorra,2023,71789.7907855414
Andorra,2022,68459.2247863103
Andorra,2021,59332.2029100127
Andorra,2020,52095.8414004627
Andorra,2019,57475.0692842215
Andorra,2018,55244.6554088177
Andorra,2017,53084.8639640903
Andorra,2016,53110.1426260689
Andorra,2015,50733.2390023674
Andorra,2014,48505.6017355504
Andorra,2013,45609.2307235645
Andorra,2012,45503.0444828745
Andorra,2011,46436.1158609322
Andorra,2010,43853.1712383454
Andorra,2009,42522.9945655822
Andorra,2008,44838.9949989065
Andorra,2007,47501.4309285593
Andorra,2006,46852.658391836
Andorra,2005,44577.819335205
Andorra,2004,42717.2377750894
Andorra,2003,41147.8806964122
Andorra,2002,38787.0522537689
Andorra,2001,36895.4402467371
Andorra,2000,33458.118162292
Andorra,1999,31589.9582427169
Andorra,1998,30072.7272717637
Andorra,1997,29121.6037073902
Andorra,1996,26541.5814454663
Andorra,1995,24934.3827738116
Andorra,1994,23509.4599848368
Andorra,1993,22958.3257825271
Andorra,1992,23816.8404717388
Andorra,1991,24510.2460811008
Andorra,1990,24908.8709451477
Andorra,1989,
Andorra,1988,
Andorra,1987,
Andorra,1986,
Andorra,1985,
Andorra,1984,
Andorra,1983,
Andorra,1982,
Andorra,1981,
Andorra,1980,
Andorra,1979,
Andorra,1978,
Andorra,1977,
Andorra,1976,
Andorra,1975,
Andorra,1974,
Andorra,1973,
Andorra,1972,
Andorra,1971,
Andorra,1970,
Andorra,1969,
Andorra,1968,
Andorra,1967,
Andorra,1966,
Andorra,1965,
Andorra,1964,
Andorra,1963,
Andorra,1962,
Andorra,1961,
Andorra,1960,
Angola,2025,10251.3457063657
Angola,2024,9963.59020874287
Angola,2023,9549.79313920752
Angola,2022,9373.4083091956
Angola,2021,8720.18768742123
Angola,2020,7782.15153413853
Angola,2019,8621.65930812477
Angola,2018,8370.22875787099
Angola,2017,8125.70639391928
Angola,2016,7882.51370525255
Angola,2015,8067.48584683702
Angola,2014,9017.69018159709
Angola,2013,8504.09532069445
Angola,2012,8246.36081151609
Angola,2011,7537.59656406157
Angola,2010,7411.6546086217
Angola,2009,7227.5636424754
Angola,2008,7315.60233033586
Angola,2007,6727.96328831171
Angola,2006,6017.8181625822
Angola,2005,5415.6121201567
Angola,2004,4770.6880256896
Angola,2003,4322.19773213187
Angola,2002,4241.29150149177
Angola,2001,3801.63313378492
Angola,2000,3689.53780832477
Angola,1999,3618.7760817528
Angola,1998,3609.09297806456
Angola,1997,3525.08342952059
Angola,1996,3341.91188796502
Angola,1995,2989.76137990043
Angola,1994,2632.88819941256
Angola,1993,2627.58810062274
Angola,1992,3486.20686709389
Angola,1991,3740.35083457511
Angola,1990,3704.86317733921
Angola,1989,
Angola,1988,
Angola,1987,
Angola,1986,
Angola,1985,
Angola,1984,
Angola,1983,
Angola,1982,
Angola,1981,
Angola,1980,
Angola,1979,
Angola,1978,
Angola,1977,
Angola,1976,
Angola,1975,
Angola,1974,
Angola,1973,
Angola,1972,
Angola,1971,
Angola,1970,
Angola,1969,
Angola,1968,
Angola,1967,
Angola,1966,
Angola,1965,
Angola,1964,
Angola,1963,
Angola,1962,
Angola,1961,
Angola,1960,
Antigua and Barbuda,2025,35832.4795485115
Antigua and Barbuda,2024,33351.5904481886
Antigua and Barbuda,2023,31892.5519402733
Antigua and Barbuda,2022,29761.8058055292
Antigua and Barbuda,2021,25745.4958067746
Antigua and Barbuda,2020,22370.0918693813
Antigua and Barbuda,2019,26550.589844733
Antigua and Barbuda,2018,24524.2137953887
Antigua and Barbuda,2017,21422.0021576627
Antigua and Barbuda,2016,21320.4375067809
Antigua and Barbuda,2015,20985.4388292177
Antigua and Barbuda,2014,21671.4737856616
Antigua and Barbuda,2013,21760.5232864254
Antigua and Barbuda,2012,23011.7386611366
Antigua and Barbuda,2011,23804.0790107696
Antigua and Barbuda,2010,24071.0297948617
Antigua and Barbuda,2009,26156.915171859
Antigua and Barbuda,2008,29978.2095850517
Antigua and Barbuda,2007,29850.5675722136
Antigua and Barbuda,2006,26949.4085822897
Antigua and Barbuda,2005,23484.8001049759
Antigua and Barbuda,2004,21628.6836543361
Antigua and Barbuda,2003,20127.3455720216
Antigua and Barbuda,2002,18812.782776674
Antigua and Barbuda,2001,18568.6799147938
Antigua and Barbuda,2000,19318.8965773002
Antigua and Barbuda,1999,18088.3822350332
Antigua and Barbuda,1998,17496.1487507415
Antigua and Barbuda,1997,16836.0619448278
Antigua and Barbuda,1996,16016.9331935371
Antigua and Barbuda,1995,15062.3522444683
Antigua and Barbuda,1994,15736.1681151797
Antigua and Barbuda,1993,14719.5095220593
Antigua and Barbuda,1992,13908.4512649546
Antigua and Barbuda,1991,13658.4986135183
Antigua and Barbuda,1990,12996.0453532218
Antigua and Barbuda,1989,
Antigua and Barbuda,1988,
Antigua and Barbuda,1987,
Antigua and Barbuda,1986,
Antigua and Barbuda,1985,
Antigua and Barbuda,1984,
Antigua and Barbuda,1983,
Antigua and Barbuda,1982,
Antigua and Barbuda,1981,
Antigua and Barbuda,1980,
Antigua and Barbuda,1979,
Antigua and Barbuda,1978,
Antigua and Barbuda,1977,
Antigua and Barbuda,1976,
Antigua and Barbuda,1975,
Antigua and Barbuda,1974,
Antigua and Barbuda,1973,
Antigua and Barbuda,1972,
Antigua and Barbuda,1971,
Antigua and Barbuda,1970,
Antigua and Barbuda,1969,
Antigua and Barbuda,1968,
Antigua and Barbuda,1967,
Antigua and Barbuda,1966,
Antigua and Barbuda,1965,
Antigua and Barbuda,1964,
Antigua and Barbuda,1963,
Antigua and Barbuda,1962,
Antigua and Barbuda,1961,
Antigua and Barbuda,1960,
Argentina,2025,32586.6312086783
Argentina,2024,30475.3876517556
Argentina,2023,30246.4069577192
Argentina,2022,29804.0832363731
Argentina,2021,26300.274261175
Argentina,2020,22393.3479575353
Argentina,2019,23516.8261980886
Argentina,2018,24410.3919063335
Argentina,2017,23385.0740904917
Argentina,2016,20105.761359796
Argentina,2015,19899.1499275245
Argentina,2014,19487.4181748868
Argentina,2013,19928.989490167
Argentina,2012,19430.4178068112
Argentina,2011,19104.9909405228
Argentina,2010,17847.6110367346
Argentina,2009,16182.0753479301
Argentina,2008,17276.757088071
Argentina,2007,16455.1129794785
Argentina,2006,14843.5778660497
Argentina,2005,13464.8128469454
Argentina,2004,12117.6797424042
Argentina,2003,10933.3925490794
Argentina,2002,9953.46492859756
Argentina,2001,11117.7549238724
Argentina,2000,11499.9827998519
Argentina,1999,11463.8533079175
Argentina,1998,11835.6769863617
Argentina,1997,11403.4807925877
Argentina,1996,10495.8392448735
Argentina,1995,9890.92470880422
Argentina,1994,10103.029741744
Argentina,1993,9472.44509959632
Argentina,1992,8667.85280375707
Argentina,1991,7960.97843974615
Argentina,1990,7158.30849175961
Argentina,1989,
Argentina,1988,
Argentina,1987,
Argentina,1986,
Argentina,1985,
Argentina,1984,
Argentina,1983,
Argentina,1982,
Argentina,1981,
Argentina,1980,
Argentina,1979,
Argentina,1978,
Argentina,1977,
Argentina,1976,
Argentina,1975,
Argentina,1974,
Argentina,1973,
Argentina,1972,
Argentina,1971,
Argentina,1970,
Argentina,1969,
Argentina,1968,
Argentina,1967,
Argentina,1966,
Argentina,1965,
Argentina,1964,
Argentina,1963,
Argentina,1962,
Argentina,1961,
Argentina,1960,
Armenia,2025,24754.2118320452
Armenia,2024,22856.32510991
Armenia,2023,21551.7793903081
Armenia,2022,19158.3333506542
Armenia,2021,15921.705281964
Armenia,2020,14706.3173043422
Armenia,2019,14975.7539538157
Armenia,2018,12877.4937543553
Armenia,2017,12066.0043093819
Armenia,2016,10570.2720413936
Armenia,2015,9756.84084836026
Armenia,2014,9736.2349746279
Armenia,2013,9454.87852836557
Armenia,2012,8942.63537897164
Armenia,2011,7624.26772626905
Armenia,2010,7095.21267955823
Armenia,2009,6811.69247966418
Armenia,2008,7827.31666718878
Armenia,2007,7136.75405490071
Armenia,2006,6072.7592448335
Armenia,2005,5172.21892098698
Armenia,2004,4377.22759685965
Armenia,2003,3836.22556765865
Armenia,2002,3282.11706330412
Armenia,2001,2844.36266369194
Armenia,2000,2530.74394648393
Armenia,1999,2376.51916938104
Armenia,1998,2239.42758307653
Armenia,1997,2039.78832277741
Armenia,1996,1921.54998897848
Armenia,1995,1766.910147533
Armenia,1994,1591.47883516404
Armenia,1993,1440.39367768672
Armenia,1992,1491.61267172421
Armenia,1991,2476.60309191379
Armenia,1990,2760.24950031896
Armenia,1989,
Armenia,1988,
Armenia,1987,
Armenia,1986,
Armenia,1985,
Armenia,1984,
Armenia,1983,
Armenia,1982,
Armenia,1981,
Armenia,1980,
Armenia,1979,
Armenia,1978,
Armenia,1977,
Armenia,1976,
Armenia,1975,
Armenia,1974,
Armenia,1973,
Armenia,1972,
Armenia,1971,
Armenia,1970,
Armenia,1969,
Armenia,1968,
Armenia,1967,
Armenia,1966,
Armenia,1965,
Armenia,1964,
Armenia,1963,
Armenia,1962,
Armenia,1961,
Armenia,1960,
Aruba,2025,
Aruba,2024,51712.1531358934
Aruba,2023,47521.8765471843
Aruba,2022,41863.2739964163
Aruba,2021,35207.1709088639
Aruba,2020,28733.6045108643
Aruba,2019,38554.7167828184
Aruba,2018,39287.0597126122
Aruba,2017,37524.9149203557
Aruba,2016,36117.5352619835
Aruba,2015,35972.8596619304
Aruba,2014,35657.287197053
Aruba,2013,35901.6459605583
Aruba,2012,34095.6471714416
Aruba,2011,35324.0720643325
Aruba,2010,33729.5119094006
Aruba,2009,34339.9391562976
Aruba,2008,38904.9992470918
Aruba,2007,37768.566012654
Aruba,2006,35937.5946558537
Aruba,2005,35098.7976688541
Aruba,2004,35059.2730978445
Aruba,2003,32507.0843145945
Aruba,2002,31888.5087362839
Aruba,2001,31920.2390734772
Aruba,2000,30245.7069728754
Aruba,1999,27765.6532566124
Aruba,1998,27412.7551918027
Aruba,1997,27240.8027892417
Aruba,1996,26004.4956266985
Aruba,1995,26254.7428025884
Aruba,1994,25791.0431794686
Aruba,1993,24575.6606600794
Aruba,1992,23889.0450175623
Aruba,1991,23099.9400840597
Aruba,1990,21732.8583153842
Aruba,1989,
Aruba,1988,
Aruba,1987,
Aruba,1986,
Aruba,1985,
Aruba,1984,
Aruba,1983,
Aruba,1982,
Aruba,1981,
Aruba,1980,
Aruba,1979,
Aruba,1978,
Aruba,1977,
Aruba,1976,
Aruba,1975,
Aruba,1974,
Aruba,1973,
Aruba,1972,
Aruba,1971,
Aruba,1970,
Aruba,1969,
Aruba,1968,
Aruba,1967,
Aruba,1966,
Aruba,1965,
Aruba,1964,
Aruba,1963,
Aruba,1962,
Aruba,1961,
Aruba,1960,
Australia,2025,71934.4033931263
Australia,2024,72117.8826659555
Australia,2023,72272.7092136683
Australia,2022,66103.1797066957
Australia,2021,58327.4146842325
Australia,2020,54184.1614486854
Australia,2019,52885.8313816377
Australia,2018,50371.233830782
Australia,2017,48564.8286592372
Australia,2016,47446.2103030951
Australia,2015,46464.5867627929
Australia,2014,47108.5906459966
Australia,2013,46123.4750962848
Australia,2012,43007.2697824131
Australia,2011,42152.816179831
Australia,2010,39504.361082784
Australia,2009,40434.4890899118
Australia,2008,37616.0112400482
Australia,2007,36708.1660067256
Australia,2006,34890.2248136693
Australia,2005,33089.7023501837
Australia,2004,31814.504982852
Australia,2003,30167.241365541
Australia,2002,29080.0439286946
Australia,2001,27687.7587444103
Australia,2000,26584.8191965725
Australia,1999,25530.8859233341
Australia,1998,24386.3255539195
Australia,1997,23141.8588888881
Australia,1996,22133.8442785709
Australia,1995,21049.6150181971
Australia,1994,20173.6335372371
Australia,1993,19220.342291254
Australia,1992,18258.7234358128
Australia,1991,17839.0574706042
Australia,1990,17385.4985419393
Australia,1989,
Australia,1988,
Australia,1987,
Australia,1986,
Australia,1985,
Australia,1984,
Australia,1983,
Australia,1982,
Australia,1981,
Australia,1980,
Australia,1979,
Australia,1978,
Australia,1977,
Australia,1976,
Australia,1975,
Australia,1974,
Australia,1973,
Australia,1972,
Australia,1971,
Australia,1970,
Australia,1969,
Australia,1968,
Australia,1967,
Australia,1966,
Australia,1965,
Australia,1964,
Australia,1963,
Australia,1962,
Australia,1961,
Australia,1960,
Austria,2025,76777.5421537618
Austria,2024,75774.4136543206
Austria,2023,74261.1961105071
Austria,2022,72286.6352565355
Austria,2021,62968.8538770186
Austria,2020,58523.0337816246
Austria,2019,60354.9279422121
Austria,2018,56636.4953030542
Austria,2017,53869.8321183556
Austria,2016,52397.8635176674
Austria,2015,49549.3162311441
Austria,2014,48355.4977624407
Austria,2013,47519.8522796571
Austria,2012,46156.4832073037
Austria,2011,44171.5618687028
Austria,2010,41735.4574798744
Austria,2009,40686.6736355681
Austria,2008,41046.7900352112
Austria,2007,39192.372452379
Austria,2006,37388.0795380765
Austria,2005,34776.6699535218
Austria,2004,33518.5160023521
Austria,2003,31958.8592412083
Austria,2002,30952.1708232398
Austria,2001,29553.2333509767
Austria,2000,29220.9853040358
Austria,1999,27500.084954534
Austria,1998,26530.9354041171
Austria,1997,25300.6439049694
Austria,1996,24426.7640962842
Austria,1995,23604.0281966141
Austria,1994,22553.0074289088
Austria,1993,21646.6833009529
Austria,1992,21208.8392210406
Austria,1991,20535.8247267043
Austria,1990,19395.859898704
Austria,1989,
Austria,1988,
Austria,1987,
Austria,1986,
Austria,1985,
Austria,1984,
Austria,1983,
Austria,1982,
Austria,1981,
Austria,1980,
Austria,1979,
Austria,1978,
Austria,1977,
Austria,1976,
Austria,1975,
Austria,1974,
Austria,1973,
Austria,1972,
Austria,1971,
Austria,1970,
Austria,1969,
Austria,1968,
Austria,1967,
Austria,1966,
Austria,1965,
Austria,1964,
Austria,1963,
Austria,1962,
Austria,1961,
Austria,1960,
Azerbaijan,2025,26112.5306828203
Azerbaijan,2024,25146.3588844273
Azerbaijan,2023,23671.0936895744
Azerbaijan,2022,22548.5145929929
Azerbaijan,2021,20111.3756952109
Azerbaijan,2020,15163.5703327282
Azerbaijan,2019,16675.3179361558
Azerbaijan,2018,15282.9995232298
Azerbaijan,2017,14315.9296431061
Azerbaijan,2016,14535.8020210633
Azerbaijan,2015,15075.2726347911
Azerbaijan,2014,17563.6122454385
Azerbaijan,2013,17267.5118919538
Azerbaijan,2012,15994.1466501837
Azerbaijan,2011,14804.5744507911
Azerbaijan,2010,14930.4099923544
Azerbaijan,2009,14245.503536762
Azerbaijan,2008,13216.8434969769
Azerbaijan,2007,11973.9596318522
Azerbaijan,2006,9398.01324799672
Azerbaijan,2005,6854.93618773207
Azerbaijan,2004,5247.53834369248
Azerbaijan,2003,4718.42112335948
Azerbaijan,2002,4230.40590205106
Azerbaijan,2001,3834.89815909361
Azerbaijan,2000,3439.14442860365
Azerbaijan,1999,3051.94233344022
Azerbaijan,1998,2826.70693420813
Azerbaijan,1997,2565.40828176667
Azerbaijan,1996,2406.77231610436
Azerbaijan,1995,2356.89780137075
Azerbaijan,1994,2647.76538429984
Azerbaijan,1993,3272.23795033519
Azerbaijan,1992,4220.14637286529
Azerbaijan,1991,5412.09760160681
Azerbaijan,1990,5342.57081589788
Azerbaijan,1989,
Azerbaijan,1988,
Azerbaijan,1987,
Azerbaijan,1986,
Azerbaijan,1985,
Azerbaijan,1984,
Azerbaijan,1983,
Azerbaijan,1982,
Azerbaijan,1981,
Azerbaijan,1980,
Azerbaijan,1979,
Azerbaijan,1978,
Azerbaijan,1977,
Azerbaijan,1976,
Azerbaijan,1975,
Azerbaijan,1974,
Azerbaijan,1973,
Azerbaijan,1972,
Azerbaijan,1971,
Azerbaijan,1970,
Azerbaijan,1969,
Azerbaijan,1968,
Azerbaijan,1967,
Azerbaijan,1966,
Azerbaijan,1965,
Azerbaijan,1964,
Azerbaijan,1963,
Azerbaijan,1962,
Azerbaijan,1961,
Azerbaijan,1960,
"Bahamas, The",2025,
"Bahamas, The",2024,41257.7650774105
"Bahamas, The",2023,39122.340470849
"Bahamas, The",2022,36785.5703317271
"Bahamas, The",2021,31064.6822166194
"Bahamas, The",2020,27204.625909518
"Bahamas, The",2019,36116.0002025353
"Bahamas, The",2018,35227.7619063243
"Bahamas, The",2017,34282.1710357791
"Bahamas, The",2016,32285.2760366069
"Bahamas, The",2015,32137.5784729905
"Bahamas, The",2014,31726.1740873862
"Bahamas, The",2013,30294.4768305201
"Bahamas, The",2012,31035.5500568874
"Bahamas, The",2011,30073.6769305961
"Bahamas, The",2010,29624.9753841279
"Bahamas, The",2009,29196.6178477223
"Bahamas, The",2008,30678.6265520661
"Bahamas, The",2007,31232.1313711332
"Bahamas, The",2006,30401.5076893706
"Bahamas, The",2005,29142.9002174362
"Bahamas, The",2004,27659.5379542056
"Bahamas, The",2003,27030.8969354897
"Bahamas, The",2002,27171.3084127781
"Bahamas, The",2001,26351.0760259828
"Bahamas, The",2000,25421.6229391467
"Bahamas, The",1999,24183.5876628418
"Bahamas, The",1998,22555.7881895298
"Bahamas, The",1997,21606.2453220551
"Bahamas, The",1996,21287.3553867048
"Bahamas, The",1995,20377.3363151648
"Bahamas, The",1994,19440.9244519724
"Bahamas, The",1993,18780.8853883185
"Bahamas, The",1992,18635.9143045547
"Bahamas, The",1991,19296.1239123134
"Bahamas, The",1990,19817.3559357473
"Bahamas, The",1989,
"Bahamas, The",1988,
"Bahamas, The",1987,
"Bahamas, The",1986,
"Bahamas, The",1985,
"Bahamas, The",1984,
"Bahamas, The",1983,
"Bahamas, The",1982,
"Bahamas, The",1981,
"Bahamas, The",1980,
"Bahamas, The",1979,
"Bahamas, The",1978,
"Bahamas, The",1977,
"Bahamas, The",1976,
"Bahamas, The",1975,
"Bahamas, The",1974,
"Bahamas, The",1973,
"Bahamas, The",1972,
"Bahamas, The",1971,
"Bahamas, The",1970,
"Bahamas, The",1969,
"Bahamas, The",1968,
"Bahamas, The",1967,
"Bahamas, The",1966,
"Bahamas, The",1965,
"Bahamas, The",1964,
"Bahamas, The",1963,
"Bahamas, The",1962,
"Bahamas, The",1961,
"Bahamas, The",1960,
Bahrain,2025,70996.7821254802
Bahrain,2024,67230.1000247874
Bahrain,2023,64223.977053306
Bahrain,2022,61667.8791526737
Bahrain,2021,54954.6757895532
Bahrain,2020,53436.0316999712
Bahrain,2019,56599.5214364411
Bahrain,2018,51993.1307818652
Bahrain,2017,50184.5005767301
Bahrain,2016,47428.9018907649
Bahrain,2015,48034.2468880503
Bahrain,2014,54299.0564613228
Bahrain,2013,56310.3117458189
Bahrain,2012,56712.5692656153
Bahrain,2011,52677.4511190668
Bahrain,2010,49254.5770068143
Bahrain,2009,48625.6569236478
Bahrain,2008,50330.3248604766
Bahrain,2007,49347.4946175489
Bahrain,2006,48009.4917424269
Bahrain,2005,47268.2721608302
Bahrain,2004,46317.0284807634
Bahrain,2003,45426.9345929614
Bahrain,2002,45091.4894209096
Bahrain,2001,46161.5758467837
Bahrain,2000,45687.521738976
Bahrain,1999,43560.5377451819
Bahrain,1998,42281.2952040049
Bahrain,1997,40965.3457277475
Bahrain,1996,40105.8476937871
Bahrain,1995,38839.4365166273
Bahrain,1994,37579.1686465305
Bahrain,1993,37869.5046372954
Bahrain,1992,33648.2268722111
Bahrain,1991,31657.3640421277
Bahrain,1990,26902.0611465257
Bahrain,1989,
Bahrain,1988,
Bahrain,1987,
Bahrain,1986,
Bahrain,1985,
Bahrain,1984,
Bahrain,1983,
Bahrain,1982,
Bahrain,1981,
Bahrain,1980,
Bahrain,1979,
Bahrain,1978,
Bahrain,1977,
Bahrain,1976,
Bahrain,1975,
Bahrain,1974,
Bahrain,1973,
Bahrain,1972,
Bahrain,1971,
Bahrain,1970,
Bahrain,1969,
Bahrain,1968,
Bahrain,1967,
Bahrain,1966,
Bahrain,1965,
Bahrain,1964,
Bahrain,1963,
Bahrain,1962,
Bahrain,1961,
Bahrain,1960,
Bangladesh,2025,10153.7083791829
Bangladesh,2024,9660.77962818873
Bangladesh,2023,9155.31731992295
Bangladesh,2022,8449.20977931373
Bangladesh,2021,7441.06913961254
Bangladesh,2020,6640.58437331062
Bangladesh,2019,6047.12401504125
Bangladesh,2018,5490.15881865179
Bangladesh,2017,4882.60692615639
Bangladesh,2016,4579.13228682862
Bangladesh,2015,4212.23578089428
Bangladesh,2014,3972.50647733491
Bangladesh,2013,3691.10431102117
Bangladesh,2012,3434.27815090447
Bangladesh,2011,3051.26983271811
Bangladesh,2010,2833.69544359604
Bangladesh,2009,2675.2594592947
Bangladesh,2008,2554.85788229705
Bangladesh,2007,2388.10025150358
Bangladesh,2006,2195.29485462256
Bangladesh,2005,2019.73839561771
Bangladesh,2004,1861.51256286906
Bangladesh,2003,1746.12725781019
Bangladesh,2002,1658.80230931052
Bangladesh,2001,1597.58740615663
Bangladesh,2000,1511.90500583586
Bangladesh,1999,1429.98645246751
Bangladesh,1998,1372.95383928336
Bangladesh,1997,1315.46923328946
Bangladesh,1996,1260.7548951696
Bangladesh,1995,1206.36646699769
Bangladesh,1994,1145.11016610355
Bangladesh,1993,1099.38588805752
Bangladesh,1992,1044.89188611749
Bangladesh,1991,987.313199393388
Bangladesh,1990,940.654470863744
Bangladesh,1989,
Bangladesh,1988,
Bangladesh,1987,
Bangladesh,1986,
Bangladesh,1985,
Bangladesh,1984,
Bangladesh,1983,
Bangladesh,1982,
Bangladesh,1981,
Bangladesh,1980,
Bangladesh,1979,
Bangladesh,1978,
Bangladesh,1977,
Bangladesh,1976,
Bangladesh,1975,
Bangladesh,1974,
Bangladesh,1973,
Bangladesh,1972,
Bangladesh,1971,
Bangladesh,1970,
Bangladesh,1969,
Bangladesh,1968,
Bangladesh,1967,
Bangladesh,1966,
Bangladesh,1965,
Bangladesh,1964,
Bangladesh,1963,
Bangladesh,1962,
Bangladesh,1961,
Bangladesh,1960,
Barbados,2025,25893.8676913012
Barbados,2024,24539.6254147583
Barbados,2023,23176.0027148492
Barbados,2022,21952.2087434223
Barbados,2021,17686.7469386289
Barbados,2020,16543.717996277
Barbados,2019,19986.8728665755
Barbados,2018,19774.263591082
Barbados,2017,18969.5916506588
Barbados,2016,19190.5381580991
Barbados,2015,19190.4652295469
Barbados,2014,18807.6302608779
Barbados,2013,19008.4857500321
Barbados,2012,18669.4209201611
Barbados,2011,19957.7665291481
Barbados,2010,19632.5640041978
Barbados,2009,21188.2510948423
Barbados,2008,22285.2809141626
Barbados,2007,21840.5992783129
Barbados,2006,20930.5852268232
Barbados,2005,19234.7083934436
Barbados,2004,18034.8270532807
Barbados,2003,17417.2670045363
Barbados,2002,16819.4177450601
Barbados,2001,16540.5451095219
Barbados,2000,16591.1066572259
Barbados,1999,15505.9729199046
Barbados,1998,15243.3163260102
Barbados,1997,14534.5192480478
Barbados,1996,13647.1235110052
Barbados,1995,12901.2826047947
Barbados,1994,12406.7049792152
Barbados,1993,11934.9457803506
Barbados,1992,11600.642053962
Barbados,1991,12068.2521657871
Barbados,1990,12184.3651909874
Barbados,1989,
Barbados,1988,
Barbados,1987,
Barbados,1986,
Barbados,1985,
Barbados,1984,
Barbados,1983,
Barbados,1982,
Barbados,1981,
Barbados,1980,
Barbados,1979,
Barbados,1978,
Barbados,1977,
Barbados,1976,
Barbados,1975,
Barbados,1974,
Barbados,1973,
Barbados,1972,
Barbados,1971,
Barbados,1970,
Barbados,1969,
Barbados,1968,
Barbados,1967,
Barbados,1966,
Barbados,1965,
Barbados,1964,
Barbados,1963,
Barbados,1962,
Barbados,1961,
Barbados,1960,
Belarus,2025,34715.9778689211
Belarus,2024,33166.3827902975
Belarus,2023,30859.5916206484
Belarus,2022,28424.9893656867
Belarus,2021,27611.1801135157
Belarus,2020,24872.3066744528
Belarus,2019,22301.5932411839
Belarus,2018,20025.9815543598
Belarus,2017,18413.747563367
Belarus,2016,17832.4778855815
Belarus,2015,18133.5313085883
Belarus,2014,19037.8847440186
Belarus,2013,19014.0529737698
Belarus,2012,18114.7508606708
Belarus,2011,16563.2014078209
Belarus,2010,15339.099903096
Belarus,2009,14034.1911205907
Belarus,2008,13886.1314067667
Belarus,2007,12320.0240259124
Belarus,2006,10994.5981291674
Belarus,2005,9636.8911237784
Belarus,2004,8482.92020705117
Belarus,2003,7361.72161065634
Belarus,2002,6697.15436179409
Belarus,2001,6238.09862377549
Belarus,2000,5795.65223553703
Belarus,1999,5331.41743551712
Belarus,1998,5061.33499051658
Belarus,1997,4596.48615920875
Belarus,1996,4039.34042551581
Belarus,1995,3845.70682017681
Belarus,1994,4190.32389055528
Belarus,1993,4640.85663766813
Belarus,1992,4917.12115637312
Belarus,1991,5329.79780882023
Belarus,1990,5220.47473057813
Belarus,1989,
Belarus,1988,
Belarus,1987,
Belarus,1986,
Belarus,1985,
Belarus,1984,
Belarus,1983,
Belarus,1982,
Belarus,1981,
Belarus,1980,
Belarus,1979,
Belarus,1978,
Belarus,1977,
Belarus,1976,
Belarus,1975,
Belarus,1974,
Belarus,1973,
Belarus,1972,
Belarus,1971,
Belarus,1970,
Belarus,1969,
Belarus,1968,
Belarus,1967,
Belarus,1966,
Belarus,1965,
Belarus,1964,
Belarus,1963,
Belarus,1962,
Belarus,1961,
Belarus,1960,
Belgium,2025,74675.607672673
Belgium,2024,74224.5510568017
Belgium,2023,72629.6179311762
Belgium,2022,68878.9167847285
Belgium,2021,60669.2137746534
Belgium,2020,56120.0958420466
Belgium,2019,56712.469571978
Belgium,2018,52466.7330784599
Belgium,2017,50256.0631772784
Belgium,2016,48414.5518065681
Belgium,2015,46071.914889496
Belgium,2014,45147.6429534057
Belgium,2013,43864.1204196838
Belgium,2012,42483.5250666788
Belgium,2011,41244.8495035213
Belgium,2010,39839.9772772918
Belgium,2009,37905.658312629
Belgium,2008,37883.3319417819
Belgium,2007,36798.1918857259
Belgium,2006,35251.4450697593
Belgium,2005,33177.8909458158
Belgium,2004,32059.6878637798
Belgium,2003,30930.6283334744
Belgium,2002,30282.2886450283
Belgium,2001,28793.5142643594
Belgium,2000,27794.0511630862
Belgium,1999,25440.8411888638
Belgium,1998,24370.3723671522
Belgium,1997,23733.4493485094
Belgium,1996,22745.2145866007
Belgium,1995,22446.2748072391
Belgium,1994,21518.2541385756
Belgium,1993,20472.777919689
Belgium,1992,20272.01785535
Belgium,1991,19600.8963598198
Belgium,1990,18687.7257960975
Belgium,1989,
Belgium,1988,
Belgium,1987,
Belgium,1986,
Belgium,1985,
Belgium,1984,
Belgium,1983,
Belgium,1982,
Belgium,1981,
Belgium,1980,
Belgium,1979,
Belgium,1978,
Belgium,1977,
Belgium,1976,
Belgium,1975,
Belgium,1974,
Belgium,1973,
Belgium,1972,
Belgium,1971,
Belgium,1970,
Belgium,1969,
Belgium,1968,
Belgium,1967,
Belgium,1966,
Belgium,1965,
Belgium,1964,
Belgium,1963,
Belgium,1962,
Belgium,1961,
Belgium,1960,
Belize,2025,14965.7521203147
Belize,2024,14367.3539278152
Belize,2023,13741.2085585188
Belize,2022,13459.0765078205
Belize,2021,11716.3267818656
Belize,2020,9638.89513695889
Belize,2019,10499.962073199
Belize,2018,9497.23480443418
Belize,2017,9120.65338346029
Belize,2016,9399.03567052789
Belize,2015,9538.38691146009
Belize,2014,9489.91221371385
Belize,2013,9525.83089030578
Belize,2012,9303.37857455225
Belize,2011,9721.88084559988
Belize,2010,9747.82562162734
Belize,2009,9727.98868519133
Belize,2008,9975.08124320174
Belize,2007,10225.9867304698
Belize,2006,9909.68014446483
Belize,2005,9466.14274446232
Belize,2004,9244.91166163699
Belize,2003,8849.64628933067
Belize,2002,8153.66392605997
Belize,2001,7851.62162862706
Belize,2000,7543.7344715229
Belize,1999,6790.43061574796
Belize,1998,6333.37021330463
Belize,1997,6242.5169843014
Belize,1996,6087.14882996654
Belize,1995,6090.8796358529
Belize,1994,6072.66003749058
Belize,1993,6074.89478693453
Belize,1992,5705.79064925176
Belize,1991,5052.73723358692
Belize,1990,4467.10939550704
Belize,1989,
Belize,1988,
Belize,1987,
Belize,1986,
Belize,1985,
Belize,1984,
Belize,1983,
Belize,1982,
Belize,1981,
Belize,1980,
Belize,1979,
Belize,1978,
Belize,1977,
Belize,1976,
Belize,1975,
Belize,1974,
Belize,1973,
Belize,1972,
Belize,1971,
Belize,1970,
Belize,1969,
Belize,1968,
Belize,1967,
Belize,1966,
Belize,1965,
Belize,1964,
Belize,1963,
Belize,1962,
Belize,1961,
Belize,1960,
Benin,2025,4816.87504692826
Benin,2024,4441.00443511982
Benin,2023,4133.3701351778
Benin,2022,3843.54493453525
Benin,2021,3464.2886286745
Benin,2020,3244.58772756805
Benin,2019,3148.97969597838
Benin,2018,2965.30628143664
Benin,2017,2885.89383987721
Benin,2016,2842.0246258376
Benin,2015,2725.33724817144
Benin,2014,2670.41561399187
Benin,2013,2511.65309588333
Benin,2012,2346.08416204547
Benin,2011,2264.84186926384
Benin,2010,2220.32854604233
Benin,2009,2213.32895623031
Benin,2008,2215.35163851726
Benin,2007,2135.53787864779
Benin,2006,2020.60567735886
Benin,2005,1945.56414050696
Benin,2004,1915.34644347874
Benin,2003,1841.60297282525
Benin,2002,1799.88269635683
Benin,2001,1745.98256229037
Benin,2000,1671.35725167042
Benin,1999,1592.13782133769
Benin,1998,1537.14382545624
Benin,1997,1507.92415400204
Benin,1996,1443.96771275148
Benin,1995,1395.26644437794
Benin,1994,1316.24432541007
Benin,1993,1311.34449341145
Benin,1992,1265.25241873489
Benin,1991,1239.22499727865
Benin,1990,1186.11606905745
Benin,1989,
Benin,1988,
Benin,1987,
Benin,1986,
Benin,1985,
Benin,1984,
Benin,1983,
Benin,1982,
Benin,1981,
Benin,1980,
Benin,1979,
Benin,1978,
Benin,1977,
Benin,1976,
Benin,1975,
Benin,1974,
Benin,1973,
Benin,1972,
Benin,1971,
Benin,1970,
Benin,1969,
Benin,1968,
Benin,1967,
Benin,1966,
Benin,1965,
Benin,1964,
Benin,1963,
Benin,1962,
Benin,1961,
Benin,1960,
Bermuda,2025,
Bermuda,2024,118727.973294368
Bermuda,2023,113596.12110365
Bermuda,2022,104909.257552793
Bermuda,2021,92319.6714861222
Bermuda,2020,85146.4006275696
Bermuda,2019,90984.4576708318
Bermuda,2018,85978.2177227009
Bermuda,2017,85680.9701917217
Bermuda,2016,80412.1834895484
Bermuda,2015,75943.4642970922
Bermuda,2014,71988.5383627822
Bermuda,2013,71519.6398526584
Bermuda,2012,69149.0500342682
Bermuda,2011,70911.542318725
Bermuda,2010,72188.6928280995
Bermuda,2009,73336.9875158911
Bermuda,2008,77556.4350011564
Bermuda,2007,77894.0646181229
Bermuda,2006,73590.1160706496
Bermuda,2005,67771.4683750573
Bermuda,2004,64790.2739203112
Bermuda,2003,61829.3240112369
Bermuda,2002,58862.6907974314
Bermuda,2001,59092.8759709214
Bermuda,2000,54176.3777464718
Bermuda,1999,48798.9050110483
Bermuda,1998,46915.8458343657
Bermuda,1997,44995.7854569908
Bermuda,1996,42545.1202171852
Bermuda,1995,40917.6104128119
Bermuda,1994,38603.8538843317
Bermuda,1993,37812.998492577
Bermuda,1992,36109.7328567623
Bermuda,1991,35583.9918568249
Bermuda,1990,35944.5383512255
Bermuda,1989,
Bermuda,1988,
Bermuda,1987,
Bermuda,1986,
Bermuda,1985,
Bermuda,1984,
Bermuda,1983,
Bermuda,1982,
Bermuda,1981,
Bermuda,1980,
Bermuda,1979,
Bermuda,1978,
Bermuda,1977,
Bermuda,1976,
Bermuda,1975,
Bermuda,1974,
Bermuda,1973,
Bermuda,1972,
Bermuda,1971,
Bermuda,1970,
Bermuda,1969,
Bermuda,1968,
Bermuda,1967,
Bermuda,1966,
Bermuda,1965,
Bermuda,1964,
Bermuda,1963,
Bermuda,1962,
Bermuda,1961,
Bermuda,1960,
Bhutan,2025,19594.0028382994
Bhutan,2024,17762.4053956096
Bhutan,2023,16228.5169143762
Bhutan,2022,15061.4232582306
Bhutan,2021,13458.812666743
Bhutan,2020,12475.048003428
Bhutan,2019,12909.1009840399
Bhutan,2018,11969.5615003305
Bhutan,2017,11677.4142659974
Bhutan,2016,11273.2823807676
Bhutan,2015,10213.8139608922
Bhutan,2014,9323.39448941386
Bhutan,2013,8666.91063590069
Bhutan,2012,8577.40731901004
Bhutan,2011,7935.46760973088
Bhutan,2010,7245.77263498729
Bhutan,2009,6466.09744922318
Bhutan,2008,6035.21741126562
Bhutan,2007,5728.91569447034
Bhutan,2006,4860.27017153899
Bhutan,2005,4523.3597064081
Bhutan,2004,4172.78217123102
Bhutan,2003,3942.28144577161
Bhutan,2002,3662.80907169835
Bhutan,2001,3338.49246896013
Bhutan,2000,3113.04543915575
Bhutan,1999,3017.48876242907
Bhutan,1998,2818.99572514355
Bhutan,1997,2682.59478150123
Bhutan,1996,2547.83812193851
Bhutan,1995,2373.56846703293
Bhutan,1994,2145.74566749103
Bhutan,1993,2001.13467173197
Bhutan,1992,1840.0903477341
Bhutan,1991,1656.84173567546
Bhutan,1990,1637.87181215348
Bhutan,1989,
Bhutan,1988,
Bhutan,1987,
Bhutan,1986,
Bhutan,1985,
Bhutan,1984,
Bhutan,1983,
Bhutan,1982,
Bhutan,1981,
Bhutan,1980,
Bhutan,1979,
Bhutan,1978,
Bhutan,1977,
Bhutan,1976,
Bhutan,1975,
Bhutan,1974,
Bhutan,1973,
Bhutan,1972,
Bhutan,1971,
Bhutan,1970,
Bhutan,1969,
Bhutan,1968,
Bhutan,1967,
Bhutan,1966,
Bhutan,1965,
Bhutan,1964,
Bhutan,1963,
Bhutan,1962,
Bhutan,1961,
Bhutan,1960,
Bolivia,2025,12873.0394876629
Bolivia,2024,12896.3370149215
Bolivia,2023,12902.7509503368
Bolivia,2022,12304.7789380156
Bolivia,2021,11202.4409836707
Bolivia,2020,9580.98962081658
Bolivia,2019,11005.3541169156
Bolivia,2018,10758.4075594003
Bolivia,2017,10420.3923250933
Bolivia,2016,9242.02728323222
Bolivia,2015,8757.31777115049
Bolivia,2014,8628.94266128246
Bolivia,2013,8068.72017230447
Bolivia,2012,7183.82602451812
Bolivia,2011,6597.96217604598
Bolivia,2010,6245.33863119202
Bolivia,2009,6024.0594735432
Bolivia,2008,5889.94338960454
Bolivia,2007,5536.56815519329
Bolivia,2006,5244.16021215452
Bolivia,2005,4937.86997722405
Bolivia,2004,4662.97077720958
Bolivia,2003,4432.92085263259
Bolivia,2002,4303.83514776836
Bolivia,2001,4204.93622757902
Bolivia,2000,4113.04245069199
Bolivia,1999,3991.49666234309
Bolivia,1998,3988.09230664001
Bolivia,1997,3821.80736614735
Bolivia,1996,3644.90018483123
Bolivia,1995,3493.83709243514
Bolivia,1994,3331.48694362074
Bolivia,1993,3177.296403982
Bolivia,1992,3036.28011820204
Bolivia,1991,2980.73517752931
Bolivia,1990,2796.65827602754
Bolivia,1989,
Bolivia,1988,
Bolivia,1987,
Bolivia,1986,
Bolivia,1985,
Bolivia,1984,
Bolivia,1983,
Bolivia,1982,
Bolivia,1981,
Bolivia,1980,
Bolivia,1979,
Bolivia,1978,
Bolivia,1977,
Bolivia,1976,
Bolivia,1975,
Bolivia,1974,
Bolivia,1973,
Bolivia,1972,
Bolivia,1971,
Bolivia,1970,
Bolivia,1969,
Bolivia,1968,
Bolivia,1967,
Bolivia,1966,
Bolivia,1965,
Bolivia,1964,
Bolivia,1963,
Bolivia,1962,
Bolivia,1961,
Bolivia,1960,
Bosnia and Herzegovina,2025,25814.2641520511
Bosnia and Herzegovina,2024,25148.0128390147
Bosnia and Herzegovina,2023,23376.3069324282
Bosnia and Herzegovina,2022,21651.3043527017
Bosnia and Herzegovina,2021,18286.6614977175
Bosnia and Herzegovina,2020,16369.9392465531
Bosnia and Herzegovina,2019,16428.7132755213
Bosnia and Herzegovina,2018,14858.6247595644
Bosnia and Herzegovina,2017,13627.0836811249
Bosnia and Herzegovina,2016,12899.4451443422
Bosnia and Herzegovina,2015,11845.4600112171
Bosnia and Herzegovina,2014,11167.8524537099
Bosnia and Herzegovina,2013,10808.2876334613
Bosnia and Herzegovina,2012,10121.1278081174
Bosnia and Herzegovina,2011,9761.48356644998
Bosnia and Herzegovina,2010,9085.76474744316
Bosnia and Herzegovina,2009,8698.14260939833
Bosnia and Herzegovina,2008,8586.80554963258
Bosnia and Herzegovina,2007,7686.11364644569
Bosnia and Herzegovina,2006,6869.04034776665
Bosnia and Herzegovina,2005,5955.82808939622
Bosnia and Herzegovina,2004,5407.4522119455
Bosnia and Herzegovina,2003,4917.21777082528
Bosnia and Herzegovina,2002,4664.69546442128
Bosnia and Herzegovina,2001,4306.64968956652
Bosnia and Herzegovina,2000,4147.94229943506
Bosnia and Herzegovina,1999,3875.18606412754
Bosnia and Herzegovina,1998,3523.85059716872
Bosnia and Herzegovina,1997,3041.05824973134
Bosnia and Herzegovina,1996,2268.57503141056
Bosnia and Herzegovina,1995,1506.8369809703
Bosnia and Herzegovina,1994,1269.30431712302
Bosnia and Herzegovina,1993,1066.99458313119
Bosnia and Herzegovina,1992,982.462194591148
Bosnia and Herzegovina,1991,975.137778258081
Bosnia and Herzegovina,1990,1042.7726218427
Bosnia and Herzegovina,1989,
Bosnia and Herzegovina,1988,
Bosnia and Herzegovina,1987,
Bosnia and Herzegovina,1986,
Bosnia and Herzegovina,1985,
Bosnia and Herzegovina,1984,
Bosnia and Herzegovina,1983,
Bosnia and Herzegovina,1982,
Bosnia and Herzegovina,1981,
Bosnia and Herzegovina,1980,
Bosnia and Herzegovina,1979,
Bosnia and Herzegovina,1978,
Bosnia and Herzegovina,1977,
Bosnia and Herzegovina,1976,
Bosnia and Herzegovina,1975,
Bosnia and Herzegovina,1974,
Bosnia and Herzegovina,1973,
Bosnia and Herzegovina,1972,
Bosnia and Herzegovina,1971,
Bosnia and Herzegovina,1970,
Bosnia and Herzegovina,1969,
Bosnia and Herzegovina,1968,
Bosnia and Herzegovina,1967,
Bosnia and Herzegovina,1966,
Bosnia and Herzegovina,1965,
Bosnia and Herzegovina,1964,
Bosnia and Herzegovina,1963,
Bosnia and Herzegovina,1962,
Bosnia and Herzegovina,1961,
Bosnia and Herzegovina,1960,
Botswana,2025,20697.9104661898
Botswana,2024,20612.4785435561
Botswana,2023,21029.4218686605
Botswana,2022,19973.6684436048
Botswana,2021,17960.6254447437
Botswana,2020,15292.2624673252
Botswana,2019,15960.0156143903
Botswana,2018,15785.819633781
Botswana,2017,15700.6650479641
Botswana,2016,16228.1231235664
Botswana,2015,14143.6940733728
Botswana,2014,15003.3197518349
Botswana,2013,13621.1494726695
Botswana,2012,12736.5833891004
Botswana,2011,13635.4267666146
Botswana,2010,12753.306633595
Botswana,2009,11686.184664083
Botswana,2008,13810.3555256487
Botswana,2007,13388.7379132869
Botswana,2006,12562.9649933446
Botswana,2005,11458.2270967026
Botswana,2004,10818.158650401
Botswana,2003,10438.7580332684
Botswana,2002,9957.74055914038
Botswana,2001,9419.79390751025
Botswana,2000,9380.37607221346
Botswana,1999,9187.6456633773
Botswana,1998,8441.28347001187
Botswana,1997,8496.76665169874
Botswana,1996,7890.35144177734
Botswana,1995,7502.77894204846
Botswana,1994,7048.51653945169
Botswana,1993,6846.70638346972
Botswana,1992,6753.03249122904
Botswana,1991,6598.44339907162
Botswana,1990,6103.61612161488
Botswana,1989,
Botswana,1988,
Botswana,1987,
Botswana,1986,
Botswana,1985,
Botswana,1984,
Botswana,1983,
Botswana,1982,
Botswana,1981,
Botswana,1980,
Botswana,1979,
Botswana,1978,
Botswana,1977,
Botswana,1976,
Botswana,1975,
Botswana,1974,
Botswana,1973,
Botswana,1972,
Botswana,1971,
Botswana,1970,
Botswana,1969,
Botswana,1968,
Botswana,1967,
Botswana,1966,
Botswana,1965,
Botswana,1964,
Botswana,1963,
Botswana,1962,
Botswana,1961,
Botswana,1960,
Brazil,2025,23433.2897595431
Brazil,2024,22370.9182253225
Brazil,2023,21193.0721417478
Brazil,2022,19873.7032623309
Brazil,2021,18075.7060049068
Brazil,2020,16101.6183063466
Brazil,2019,16069.8380152627
Brazil,2018,15463.7426393889
Brazil,2017,14559.0488897004
Brazil,2016,14309.2061489274
Brazil,2015,14821.4383174534
Brazil,2014,15827.3081625514
Brazil,2013,15722.3335242901
Brazil,2012,15198.0863308622
Brazil,2011,15211.7920391654
Brazil,2010,14451.7158384913
Brazil,2009,13390.6831316005
Brazil,2008,13445.2454693961
Brazil,2007,12672.5051154867
Brazil,2006,11750.5312440894
Brazil,2005,11081.2474734851
Brazil,2004,10525.7113784174
Brazil,2003,9801.96212457649
Brazil,2002,9616.59485480438
Brazil,2001,9303.64529209523
Brazil,2000,9091.76851342904
Brazil,1999,8634.60784538726
Brazil,1998,8598.80569176942
Brazil,1997,8601.60903056861
Brazil,1996,8300.63414117184
Brazil,1995,8096.91149152154
Brazil,1994,7727.24541745244
Brazil,1993,7259.9888570692
Brazil,1992,6869.41000558486
Brazil,1991,6866.63038029024
Brazil,1990,6687.92294863479
Brazil,1989,
Brazil,1988,
Brazil,1987,
Brazil,1986,
Brazil,1985,
Brazil,1984,
Brazil,1983,
Brazil,1982,
Brazil,1981,
Brazil,1980,
Brazil,1979,
Brazil,1978,
Brazil,1977,
Brazil,1976,
Brazil,1975,
Brazil,1974,
Brazil,1973,
Brazil,1972,
Brazil,1971,
Brazil,1970,
Brazil,1969,
Brazil,1968,
Brazil,1967,
Brazil,1966,
Brazil,1965,
Brazil,1964,
Brazil,1963,
Brazil,1962,
Brazil,1961,
Brazil,1960,
British Virgin Islands,2025,
British Virgin Islands,2024,
British Virgin Islands,2023,
British Virgin Islands,2022,
British Virgin Islands,2021,
British Virgin Islands,2020,
British Virgin Islands,2019,
British Virgin Islands,2018,
British Virgin Islands,2017,
British Virgin Islands,2016,
British Virgin Islands,2015,
British Virgin Islands,2014,
British Virgin Islands,2013,
British Virgin Islands,2012,
British Virgin Islands,2011,
British Virgin Islands,2010,
British Virgin Islands,2009,
British Virgin Islands,2008,
British Virgin Islands,2007,
British Virgin Islands,2006,
British Virgin Islands,2005,
British Virgin Islands,2004,
British Virgin Islands,2003,
British Virgin Islands,2002,
British Virgin Islands,2001,
British Virgin Islands,2000,
British Virgin Islands,1999,
British Virgin Islands,1998,
British Virgin Islands,1997,
British Virgin Islands,1996,
British Virgin Islands,1995,
British Virgin Islands,1994,
British Virgin Islands,1993,
British Virgin Islands,1992,
British Virgin Islands,1991,
British Virgin Islands,1990,
British Virgin Islands,1989,
British Virgin Islands,1988,
British Virgin Islands,1987,
British Virgin Islands,1986,
British Virgin Islands,1985,
British Virgin Islands,1984,
British Virgin Islands,1983,
British Virgin Islands,1982,
British Virgin Islands,1981,
British Virgin Islands,1980,
British Virgin Islands,1979,
British Virgin Islands,1978,
British Virgin Islands,1977,
British Virgin Islands,1976,
British Virgin Islands,1975,
British Virgin Islands,1974,
British Virgin Islands,1973,
British Virgin Islands,1972,
British Virgin Islands,1971,
British Virgin Islands,1970,
British Virgin Islands,1969,
British Virgin Islands,1968,
British Virgin Islands,1967,
British Virgin Islands,1966,
British Virgin Islands,1965,
British Virgin Islands,1964,
British Virgin Islands,1963,
British Virgin Islands,1962,
British Virgin Islands,1961,
British Virgin Islands,1960,
Brunei Darussalam,2025,92429.9262686398
Brunei Darussalam,2024,90009.8912498003
Brunei Darussalam,2023,85102.6867427911
Brunei Darussalam,2022,81788.7819525501
Brunei Darussalam,2021,78248.797127611
Brunei Darussalam,2020,69787.9632795717
Brunei Darussalam,2019,69353.6799514849
Brunei Darussalam,2018,65148.8264035521
Brunei Darussalam,2017,61657.6802725444
Brunei Darussalam,2016,56679.5185221407
Brunei Darussalam,2015,62707.8264437741
Brunei Darussalam,2014,81225.5485449793
Brunei Darussalam,2013,83237.1470879654
Brunei Darussalam,2012,87256.0422369454
Brunei Darussalam,2011,82735.3914480561
Brunei Darussalam,2010,79542.6779405687
Brunei Darussalam,2009,77957.1442771923
Brunei Darussalam,2008,80476.7247547419
Brunei Darussalam,2007,83693.3213712687
Brunei Darussalam,2006,86114.3370632595
Brunei Darussalam,2005,81534.1715392597
Brunei Darussalam,2004,80403.7579100256
Brunei Darussalam,2003,79632.172233043
Brunei Darussalam,2002,76838.175763664
Brunei Darussalam,2001,74253.8817845554
Brunei Darussalam,2000,73086.9318232104
Brunei Darussalam,1999,70584.6095362251
Brunei Darussalam,1998,68256.8699889816
Brunei Darussalam,1997,73980.4112442843
Brunei Darussalam,1996,70007.6412853687
Brunei Darussalam,1995,70440.0221083464
Brunei Darussalam,1994,69778.5771264144
Brunei Darussalam,1993,69387.2563795308
Brunei Darussalam,1992,70015.7710244829
Brunei Darussalam,1991,72609.8061320442
Brunei Darussalam,1990,70200.7406445138
Brunei Darussalam,1989,
Brunei Darussalam,1988,
Brunei Darussalam,1987,
Brunei Darussalam,1986,
Brunei Darussalam,1985,
Brunei Darussalam,1984,
Brunei Darussalam,1983,
Brunei Darussalam,1982,
Brunei Darussalam,1981,
Brunei Darussalam,1980,
Brunei Darussalam,1979,
Brunei Darussalam,1978,
Brunei Darussalam,1977,
Brunei Darussalam,1976,
Brunei Darussalam,1975,
Brunei Darussalam,1974,
Brunei Darussalam,1973,
Brunei Darussalam,1972,
Brunei Darussalam,1971,
Brunei Darussalam,1970,
Brunei Darussalam,1969,
Brunei Darussalam,1968,
Brunei Darussalam,1967,
Brunei Darussalam,1966,
Brunei Darussalam,1965,
Brunei Darussalam,1964,
Brunei Darussalam,1963,
Brunei Darussalam,1962,
Brunei Darussalam,1961,
Brunei Darussalam,1960,
Bulgaria,2025,44451.1001576913
Bulgaria,2024,41969.595471884
Bulgaria,2023,38829.297423161
Bulgaria,2022,36320.2814407535
Bulgaria,2021,30958.9830238332
Bulgaria,2020,27351.8659900682
Bulgaria,2019,26765.556194772
Bulgaria,2018,23997.7941525242
Bulgaria,2017,22317.2366242463
Bulgaria,2016,20745.9250164072
Bulgaria,2015,18896.1145714262
Bulgaria,2014,17990.7860607342
Bulgaria,2013,16893.7939132873
Bulgaria,2012,16327.2363246359
Bulgaria,2011,15747.3599553305
Bulgaria,2010,14954.2908464673
Bulgaria,2009,14188.1172172749
Bulgaria,2008,14346.9225493653
Bulgaria,2007,12821.8132298505
Bulgaria,2006,11405.6124506198
Bulgaria,2005,10291.425046769
Bulgaria,2004,9200.52324783377
Bulgaria,2003,8416.36583467588
Bulgaria,2002,7786.44622722748
Bulgaria,2001,6960.28122943009
Bulgaria,2000,6424.18073656561
Bulgaria,1999,5807.8155273908
Bulgaria,1998,6178.0630122544
Bulgaria,1997,5750.70569611569
Bulgaria,1996,6848.99114845627
Bulgaria,1995,7742.82359995101
Bulgaria,1994,7337.16390641898
Bulgaria,1993,7031.58721302407
Bulgaria,1992,6916.58328308184
Bulgaria,1991,7214.94446128522
Bulgaria,1990,7547.56931142519
Bulgaria,1989,
Bulgaria,1988,
Bulgaria,1987,
Bulgaria,1986,
Bulgaria,1985,
Bulgaria,1984,
Bulgaria,1983,
Bulgaria,1982,
Bulgaria,1981,
Bulgaria,1980,
Bulgaria,1979,
Bulgaria,1978,
Bulgaria,1977,
Bulgaria,1976,
Bulgaria,1975,
Bulgaria,1974,
Bulgaria,1973,
Bulgaria,1972,
Bulgaria,1971,
Bulgaria,1970,
Bulgaria,1969,
Bulgaria,1968,
Bulgaria,1967,
Bulgaria,1966,
Bulgaria,1965,
Bulgaria,1964,
Bulgaria,1963,
Bulgaria,1962,
Bulgaria,1961,
Bulgaria,1960,
Burkina Faso,2025,3071.62546744866
Burkina Faso,2024,2901.04214238045
Burkina Faso,2023,2761.57633646549
Burkina Faso,2022,2644.82146127902
Burkina Faso,2021,2486.43093147762
Burkina Faso,2020,2380.72282781802
Burkina Faso,2019,2232.16282016585
Burkina Faso,2018,2073.3235382155
Burkina Faso,2017,2042.40295259917
Burkina Faso,2016,1881.75893134407
Burkina Faso,2015,1691.57935387408
Burkina Faso,2014,1661.31773793757
Burkina Faso,2013,1642.89213125776
Burkina Faso,2012,1571.83884477315
Burkina Faso,2011,1531.34338243982
Burkina Faso,2010,1449.42216378185
Burkina Faso,2009,1359.69224908667
Burkina Faso,2008,1351.36041564366
Burkina Faso,2007,1290.49951012021
Burkina Faso,2006,1244.00243845036
Burkina Faso,2005,1171.76432318624
Burkina Faso,2004,1079.00009143593
Burkina Faso,2003,1037.83799373892
Burkina Faso,2002,973.98393336257
Burkina Faso,2001,947.919374684239
Burkina Faso,2000,896.477481479636
Burkina Faso,1999,886.434090619295
Burkina Faso,1998,838.079355251121
Burkina Faso,1997,793.970841434338
Burkina Faso,1996,753.309166713067
Burkina Faso,1995,683.639151550497
Burkina Faso,1994,649.842407608131
Burkina Faso,1993,644.035464372433
Burkina Faso,1992,623.384995284716
Burkina Faso,1991,623.26800167387
Burkina Faso,1990,566.944147306781
Burkina Faso,1989,
Burkina Faso,1988,
Burkina Faso,1987,
Burkina Faso,1986,
Burkina Faso,1985,
Burkina Faso,1984,
Burkina Faso,1983,
Burkina Faso,1982,
Burkina Faso,1981,
Burkina Faso,1980,
Burkina Faso,1979,
Burkina Faso,1978,
Burkina Faso,1977,
Burkina Faso,1976,
Burkina Faso,1975,
Burkina Faso,1974,
Burkina Faso,1973,
Burkina Faso,1972,
Burkina Faso,1971,
Burkina Faso,1970,
Burkina Faso,1969,
Burkina Faso,1968,
Burkina Faso,1967,
Burkina Faso,1966,
Burkina Faso,1965,
Burkina Faso,1964,
Burkina Faso,1963,
Burkina Faso,1962,
Burkina Faso,1961,
Burkina Faso,1960,
Burundi,2025,1248.05425025467
Burundi,2024,1193.03528498996
Burundi,2023,1147.42440486734
Burundi,2022,1101.23579609841
Burundi,2021,1032.38274081999
Burundi,2020,946.413218223156
Burundi,2019,868.423731660834
Burundi,2018,823.013102241659
Burundi,2017,791.393494929898
Burundi,2016,764.282221636915
Burundi,2015,722.032898379933
Burundi,2014,724.371954183273
Burundi,2013,687.370968311715
Burundi,2012,637.247080191101
Burundi,2011,628.665448296178
Burundi,2010,613.695880029834
Burundi,2009,604.588154086318
Burundi,2008,609.042906440331
Burundi,2007,593.56073450487
Burundi,2006,579.707804427125
Burundi,2005,553.047973755317
Burundi,2004,551.562209247904
Burundi,2003,531.812612190661
Burundi,2002,544.922790005505
Burundi,2001,528.435573417498
Burundi,2000,519.23730664752
Burundi,1999,522.875578653004
Burundi,1998,533.471289499134
Burundi,1997,513.333205389365
Burundi,1996,512.745181413803
Burundi,1995,547.689757571979
Burundi,1994,618.519709029567
Burundi,1993,633.812420479332
Burundi,1992,639.876865842107
Burundi,1991,636.146440137122
Burundi,1990,598.30504600995
Burundi,1989,
Burundi,1988,
Burundi,1987,
Burundi,1986,
Burundi,1985,
Burundi,1984,
Burundi,1983,
Burundi,1982,
Burundi,1981,
Burundi,1980,
Burundi,1979,
Burundi,1978,
Burundi,1977,
Burundi,1976,
Burundi,1975,
Burundi,1974,
Burundi,1973,
Burundi,1972,
Burundi,1971,
Burundi,1970,
Burundi,1969,
Burundi,1968,
Burundi,1967,
Burundi,1966,
Burundi,1965,
Burundi,1964,
Burundi,1963,
Burundi,1962,
Burundi,1961,
Burundi,1960,
Cabo Verde,2025,12165.2989335356
Cabo Verde,2024,11184.7207350908
Cabo Verde,2023,10250.5950245626
Cabo Verde,2022,9479.57079016694
Cabo Verde,2021,7685.41921393669
Cabo Verde,2020,6852.57669930355
Cabo Verde,2019,8645.75646859343
Cabo Verde,2018,7916.42115326174
Cabo Verde,2017,7935.76176281072
Cabo Verde,2016,7350.75358726727
Cabo Verde,2015,6773.48679969386
Cabo Verde,2014,6416.83301150977
Cabo Verde,2013,6367.28001322501
Cabo Verde,2012,6318.06108723364
Cabo Verde,2011,6384.22844090415
Cabo Verde,2010,6038.58525635932
Cabo Verde,2009,5900.66086535065
Cabo Verde,2008,6010.85136826265
Cabo Verde,2007,5566.76949078274
Cabo Verde,2006,4758.37704998417
Cabo Verde,2005,4324.20232451084
Cabo Verde,2004,3968.65691707182
Cabo Verde,2003,3551.46384346209
Cabo Verde,2002,3388.44814445091
Cabo Verde,2001,3216.64651199074
Cabo Verde,2000,3124.49488344157
Cabo Verde,1999,2714.09656002652
Cabo Verde,1998,2443.03655586379
Cabo Verde,1997,2181.78140098455
Cabo Verde,1996,1962.92102496674
Cabo Verde,1995,1762.15888390098
Cabo Verde,1994,1540.21758347527
Cabo Verde,1993,1291.31053136939
Cabo Verde,1992,1185.58087886449
Cabo Verde,1991,1068.86738478329
Cabo Verde,1990,1044.45752448963
Cabo Verde,1989,
Cabo Verde,1988,
Cabo Verde,1987,
Cabo Verde,1986,
Cabo Verde,1985,
Cabo Verde,1984,
Cabo Verde,1983,
Cabo Verde,1982,
Cabo Verde,1981,
Cabo Verde,1980,
Cabo Verde,1979,
Cabo Verde,1978,
Cabo Verde,1977,
Cabo Verde,1976,
Cabo Verde,1975,
Cabo Verde,1974,
Cabo Verde,1973,
Cabo Verde,1972,
Cabo Verde,1971,
Cabo Verde,1970,
Cabo Verde,1969,
Cabo Verde,1968,
Cabo Verde,1967,
Cabo Verde,1966,
Cabo Verde,1965,
Cabo Verde,1964,
Cabo Verde,1963,
Cabo Verde,1962,
Cabo Verde,1961,
Cabo Verde,1960,
Cambodia,2025,8542.6965378612
Cambodia,2024,7981.50816402382
Cambodia,2023,7436.85544015287
Cambodia,2022,6917.7197730003
Cambodia,2021,6225.53265474741
Cambodia,2020,5942.45380373929
Cambodia,2019,6153.99439528427
Cambodia,2018,5616.98087023303
Cambodia,2017,5050.06356615113
Cambodia,2016,4748.12428521528
Cambodia,2015,4433.64393500572
Cambodia,2014,4117.78868309006
Cambodia,2013,3890.94841205221
Cambodia,2012,3583.48229739437
Cambodia,2011,3223.10209351638
Cambodia,2010,2988.5040142969
Cambodia,2009,2854.03288379414
Cambodia,2008,2768.79237607907
Cambodia,2007,2566.1475972181
Cambodia,2006,2296.76857876595
Cambodia,2005,2038.14598623445
Cambodia,2004,1769.76235026624
Cambodia,2003,1597.88226445116
Cambodia,2002,1442.46481426786
Cambodia,2001,1357.42611107308
Cambodia,2000,1255.64037838005
Cambodia,1999,1134.16464009993
Cambodia,1998,1009.34761565267
Cambodia,1997,993.637345416691
Cambodia,1996,1006.0903245457
Cambodia,1995,1005.87609536834
Cambodia,1994,972.056304539513
Cambodia,1993,1565.42989298105
Cambodia,1992,1560.1077135815
Cambodia,1991,1504.35829429344
Cambodia,1990,1409.71391692067
Cambodia,1989,
Cambodia,1988,
Cambodia,1987,
Cambodia,1986,
Cambodia,1985,
Cambodia,1984,
Cambodia,1983,
Cambodia,1982,
Cambodia,1981,
Cambodia,1980,
Cambodia,1979,
Cambodia,1978,
Cambodia,1977,
Cambodia,1976,
Cambodia,1975,
Cambodia,1974,
Cambodia,1973,
Cambodia,1972,
Cambodia,1971,
Cambodia,1970,
Cambodia,1969,
Cambodia,1968,
Cambodia,1967,
Cambodia,1966,
Cambodia,1965,
Cambodia,1964,
Cambodia,1963,
Cambodia,1962,
Cambodia,1961,
Cambodia,1960,
Cameroon,2025,5787.85440270861
Cameroon,2024,5597.10321648993
Cameroon,2023,5415.22890256369
Cameroon,2022,5188.15515765322
Cameroon,2021,4793.55628200196
Cameroon,2020,4365.44704128392
Cameroon,2019,4241.11174920592
Cameroon,2018,4010.76360069526
Cameroon,2017,3767.43072883824
Cameroon,2016,3626.99932028578
Cameroon,2015,3497.66067563959
Cameroon,2014,3422.26128158344
Cameroon,2013,3238.86829843733
Cameroon,2012,3059.64226568251
Cameroon,2011,2988.8172872551
Cameroon,2010,2913.94292746083
Cameroon,2009,2878.95143889027
Cameroon,2008,2870.44106856479
Cameroon,2007,2817.72228106581
Cameroon,2006,2704.43739801933
Cameroon,2005,2597.68039891083
Cameroon,2004,2532.64744426189
Cameroon,2003,2368.10119475634
Cameroon,2002,2263.05519669558
Cameroon,2001,2190.8964072585
Cameroon,2000,2108.49454952417
Cameroon,1999,2038.66378891726
Cameroon,1998,1975.15598930667
Cameroon,1997,1915.11760711188
Cameroon,1996,1849.50650029323
Cameroon,1995,1790.33914975601
Cameroon,1994,1751.68522974171
Cameroon,1993,1731.40873129448
Cameroon,1992,1890.09253102181
Cameroon,1991,1962.54063755215
Cameroon,1990,2031.90998850633
Cameroon,1989,
Cameroon,1988,
Cameroon,1987,
Cameroon,1986,
Cameroon,1985,
Cameroon,1984,
Cameroon,1983,
Cameroon,1982,
Cameroon,1981,
Cameroon,1980,
Cameroon,1979,
Cameroon,1978,
Cameroon,1977,
Cameroon,1976,
Cameroon,1975,
Cameroon,1974,
Cameroon,1973,
Cameroon,1972,
Cameroon,1971,
Cameroon,1970,
Cameroon,1969,
Cameroon,1968,
Cameroon,1967,
Cameroon,1966,
Cameroon,1965,
Cameroon,1964,
Cameroon,1963,
Cameroon,1962,
Cameroon,1961,
Cameroon,1960,
Canada,2025,66745.8248561648
Canada,2024,65482.9454728344
Canada,2023,64962.1919440095
Canada,2022,64217.0443455227
Canada,2021,56995.0952020711
Canada,2020,48590.748859725
Canada,2019,50499.0822425462
Canada,2018,49982.6446255492
Canada,2017,48317.500303004
Canada,2016,46470.6925239685
Canada,2015,44668.1361640155
Canada,2014,45758.1466048816
Canada,2013,44300.7302100096
Canada,2012,42291.8109156785
Canada,2011,41667.0488390843
Canada,2010,40103.2558649524
Canada,2009,38863.3227540035
Canada,2008,40376.1857492114
Canada,2007,39572.9304428478
Canada,2006,38123.41278744
Canada,2005,36328.6856550606
Canada,2004,33929.3190847041
Canada,2003,32349.9345219415
Canada,2002,30963.9737651341
Canada,2001,30241.0326530827
Canada,2000,29347.7879802126
Canada,1999,27841.4362176516
Canada,1998,26323.6001266109
Canada,1997,25263.8967272873
Canada,1996,24054.9166185572
Canada,1995,23474.2003753947
Canada,1994,22624.4150818403
Canada,1993,21432.2129617831
Canada,1992,20619.2992538247
Canada,1991,20219.8839262023
Canada,1990,20225.9601080799
Canada,1989,
Canada,1988,
Canada,1987,
Canada,1986,
Canada,1985,
Canada,1984,
Canada,1983,
Canada,1982,
Canada,1981,
Canada,1980,
Canada,1979,
Canada,1978,
Canada,1977,
Canada,1976,
Canada,1975,
Canada,1974,
Canada,1973,
Canada,1972,
Canada,1971,
Canada,1970,
Canada,1969,
Canada,1968,
Canada,1967,
Canada,1966,
Canada,1965,
Canada,1964,
Canada,1963,
Canada,1962,
Canada,1961,
Canada,1960,
Cayman Islands,2025,
Cayman Islands,2024,92201.086358256
Cayman Islands,2023,88395.1826392376
Cayman Islands,2022,82193.1801927387
Cayman Islands,2021,74160.4914000191
Cayman Islands,2020,66118.6540859028
Cayman Islands,2019,72697.3672861884
Cayman Islands,2018,71811.8917405219
Cayman Islands,2017,68017.6758327335
Cayman Islands,2016,65680.0748270553
Cayman Islands,2015,64009.3167970419
Cayman Islands,2014,63560.5141777232
Cayman Islands,2013,63648.2539137692
Cayman Islands,2012,64726.5311142894
Cayman Islands,2011,66629.1626966291
Cayman Islands,2010,66325.4574289968
Cayman Islands,2009,69254.1810240192
Cayman Islands,2008,76297.4581547649
Cayman Islands,2007,77337.1870547225
Cayman Islands,2006,75190.6600828578
Cayman Islands,2005,
Cayman Islands,2004,
Cayman Islands,2003,
Cayman Islands,2002,
Cayman Islands,2001,
Cayman Islands,2000,
Cayman Islands,1999,
Cayman Islands,1998,
Cayman Islands,1997,
Cayman Islands,1996,
Cayman Islands,1995,
Cayman Islands,1994,
Cayman Islands,1993,
Cayman Islands,1992,
Cayman Islands,1991,
Cayman Islands,1990,
Cayman Islands,1989,
Cayman Islands,1988,
Cayman Islands,1987,
Cayman Islands,1986,
Cayman Islands,1985,
Cayman Islands,1984,
Cayman Islands,1983,
Cayman Islands,1982,
Cayman Islands,1981,
Cayman Islands,1980,
Cayman Islands,1979,
Cayman Islands,1978,
Cayman Islands,1977,
Cayman Islands,1976,
Cayman Islands,1975,
Cayman Islands,1974,
Cayman Islands,1973,
Cayman Islands,1972,
Cayman Islands,1971,
Cayman Islands,1970,
Cayman Islands,1969,
Cayman Islands,1968,
Cayman Islands,1967,
Cayman Islands,1966,
Cayman Islands,1965,
Cayman Islands,1964,
Cayman Islands,1963,
Cayman Islands,1962,
Cayman Islands,1961,
Cayman Islands,1960,
Central African Republic,2025,1313.8765680523
Central African Republic,2024,1264.93671692975
Central African Republic,2023,1258.13048389217
Central African Republic,2022,1217.6567661451
Central African Republic,2021,1128.55237996459
Central African Republic,2020,1066.29005423151
Central African Republic,2019,984.843183678857
Central African Republic,2018,905.817788941094
Central African Republic,2017,883.810734876066
Central African Republic,2016,826.013301383169
Central African Republic,2015,768.870887999174
Central African Republic,2014,698.963738923072
Central African Republic,2013,709.853481245446
Central African Republic,2012,1062.06809941049
Central African Republic,2011,980.185520951852
Central African Republic,2010,936.485497340864
Central African Republic,2009,877.252131113683
Central African Republic,2008,797.652806137934
Central African Republic,2007,783.35544524813
Central African Republic,2006,743.287480213261
Central African Republic,2005,702.460624585457
Central African Republic,2004,690.426514033138
Central African Republic,2003,648.193215392582
Central African Republic,2002,688.180451074132
Central African Republic,2001,668.445939288611
Central African Republic,2000,639.836997000015
Central African Republic,1999,659.524563023438
Central African Republic,1998,645.129994385424
Central African Republic,1997,626.078453834553
Central African Republic,1996,600.7729678429
Central African Republic,1995,630.691681361423
Central African Republic,1994,592.185437590371
Central African Republic,1993,570.245637857174
Central African Republic,1992,573.150589280287
Central African Republic,1991,618.179517900084
Central African Republic,1990,620.391176521568
Central African Republic,1989,
Central African Republic,1988,
Central African Republic,1987,
Central African Republic,1986,
Central African Republic,1985,
Central African Republic,1984,
Central African Republic,1983,
Central African Republic,1982,
Central African Republic,1981,
Central African Republic,1980,
Central African Republic,1979,
Central African Republic,1978,
Central African Republic,1977,
Central African Republic,1976,
Central African Republic,1975,
Central African Republic,1974,
Central African Republic,1973,
Central African Republic,1972,
Central African Republic,1971,
Central African Republic,1970,
Central African Republic,1969,
Central African Republic,1968,
Central African Republic,1967,
Central African Republic,1966,
Central African Republic,1965,
Central African Republic,1964,
Central African Republic,1963,
Central African Republic,1962,
Central African Republic,1961,
Central African Republic,1960,
Chad,2025,2902.7406157583
Chad,2024,2766.98134913811
Chad,2023,2703.06889886705
Chad,2022,2623.702025997
Chad,2021,2435.07274651099
Chad,2020,2185.99034173537
Chad,2019,2351.65339767739
Chad,2018,2227.81335372611
Chad,2017,2097.14425483604
Chad,2016,2120.08751553857
Chad,2015,2377.51137185751
Chad,2014,2133.18441198787
Chad,2013,2110.24705136988
Chad,2012,2435.1240819184
Chad,2011,2388.16512149441
Chad,2010,2319.68883177376
Chad,2009,2087.14718680647
Chad,2008,2180.51680425434
Chad,2007,2149.25986043836
Chad,2006,2078.6016703773
Chad,2005,2101.69135977726
Chad,2004,1808.21202175821
Chad,2003,1377.7465956477
Chad,2002,1225.70701159859
Chad,2001,1151.92026849157
Chad,2000,1043.54539990343
Chad,1999,1065.71837948073
Chad,1998,1095.90587059923
Chad,1997,1048.75331848442
Chad,1996,1010.08078596421
Chad,1995,1014.37923885135
Chad,1994,1025.62743945934
Chad,1993,932.984522250415
Chad,1992,1107.04264034943
Chad,1991,1045.62639275266
Chad,1990,966.594360674154
Chad,1989,
Chad,1988,
Chad,1987,
Chad,1986,
Chad,1985,
Chad,1984,
Chad,1983,
Chad,1982,
Chad,1981,
Chad,1980,
Chad,1979,
Chad,1978,
Chad,1977,
Chad,1976,
Chad,1975,
Chad,1974,
Chad,1973,
Chad,1972,
Chad,1971,
Chad,1970,
Chad,1969,
Chad,1968,
Chad,1967,
Chad,1966,
Chad,1965,
Chad,1964,
Chad,1963,
Chad,1962,
Chad,1961,
Chad,1960,
Channel Islands,2025,
Channel Islands,2024,
Channel Islands,2023,
Channel Islands,2022,
Channel Islands,2021,
Channel Islands,2020,
Channel Islands,2019,
Channel Islands,2018,
Channel Islands,2017,
Channel Islands,2016,
Channel Islands,2015,
Channel Islands,2014,
Channel Islands,2013,
Channel Islands,2012,
Channel Islands,2011,
Channel Islands,2010,
Channel Islands,2009,
Channel Islands,2008,
Channel Islands,2007,
Channel Islands,2006,
Channel Islands,2005,
Channel Islands,2004,
Channel Islands,2003,
Channel Islands,2002,
Channel Islands,2001,
Channel Islands,2000,
Channel Islands,1999,
Channel Islands,1998,
Channel Islands,1997,
Channel Islands,1996,
Channel Islands,1995,
Channel Islands,1994,
Channel Islands,1993,
Channel Islands,1992,
Channel Islands,1991,
Channel Islands,1990,
Channel Islands,1989,
Channel Islands,1988,
Channel Islands,1987,
Channel Islands,1986,
Channel Islands,1985,
Channel Islands,1984,
Channel Islands,1983,
Channel Islands,1982,
Channel Islands,1981,
Channel Islands,1980,
Channel Islands,1979,
Channel Islands,1978,
Channel Islands,1977,
Channel Islands,1976,
Channel Islands,1975,
Channel Islands,1974,
Channel Islands,1973,
Channel Islands,1972,
Channel Islands,1971,
Channel Islands,1970,
Channel Islands,1969,
Channel Islands,1968,
Channel Islands,1967,
Channel Islands,1966,
Channel Islands,1965,
Channel Islands,1964,
Channel Islands,1963,
Channel Islands,1962,
Channel Islands,1961,
Channel Islands,1960,
Chile,2025,37774.0879069903
Chile,2024,36070.892945837
Chile,2023,33173.5278418356
Chile,2022,30918.9258262719
Chile,2021,29106.6356522053
Chile,2020,25357.0056990873
Chile,2019,25613.9095717623
Chile,2018,25305.0903462611
Chile,2017,24295.223766602
Chile,2016,23256.5036042211
Chile,2015,22468.3125745547
Chile,2014,22553.6161787372
Chile,2013,22201.0660684337
Chile,2012,21366.1771264909
Chile,2011,20121.6834214209
Chile,2010,17917.8951217097
Chile,2009,15951.3304877878
Chile,2008,16375.9648536011
Chile,2007,16697.5160217416
Chile,2006,15510.7700739452
Chile,2005,12550.4348007645
Chile,2004,11612.4368780779
Chile,2003,10708.3644963118
Chile,2002,10132.9107703924
Chile,2001,9775.51016241925
Chile,2000,9375.65991088758
Chile,1999,8838.86154672993
Chile,1998,8850.08106066969
Chile,1997,8510.4138008287
Chile,1996,7895.19827576749
Chile,1995,7231.59000885119
Chile,1994,6475.54252568003
Chile,1993,6060.80624589525
Chile,1992,5563.18125485069
Chile,1991,4885.5152251195
Chile,1990,4444.4667266396
Chile,1989,
Chile,1988,
Chile,1987,
Chile,1986,
Chile,1985,
Chile,1984,
Chile,1983,
Chile,1982,
Chile,1981,
Chile,1980,
Chile,1979,
Chile,1978,
Chile,1977,
Chile,1976,
Chile,1975,
Chile,1974,
Chile,1973,
Chile,1972,
Chile,1971,
Chile,1970,
Chile,1969,
Chile,1968,
Chile,1967,
Chile,1966,
Chile,1965,
Chile,1964,
Chile,1963,
Chile,1962,
Chile,1961,
Chile,1960,
China,2025,29333.3311051433
China,2024,27139.5181633767
China,2023,25200.068112272
China,2022,23028.4517927066
China,2021,20843.2978347377
China,2020,18267.4783455827
China,2019,17600.8907568493
China,2018,16298.2050619109
China,2017,15022.4371883124
China,2016,14157.2514988004
China,2015,13463.3331511105
China,2014,12941.5964809146
China,2013,12228.3736084197
China,2012,11420.2527051141
China,2011,10456.7916826113
China,2010,9411.07660848621
China,2009,8448.27749022094
China,2008,7712.87538816599
China,2007,6935.38510367109
China,2006,5946.34819286615
China,2005,5148.20803892204
China,2004,4505.14251370017
China,2003,4006.97738785418
China,2002,3590.78456452765
China,2001,3258.63807179774
China,2000,2963.43487212206
China,1999,2690.08161492996
China,1998,2483.36881628708
China,1997,2297.41065691704
China,1996,2087.60088528202
China,1995,1883.79343690494
China,1994,1680.18456719956
China,1993,1471.2754807734
China,1992,1276.11380951562
China,1991,1105.06746480665
China,1990,990.717285163772
China,1989,
China,1988,
China,1987,
China,1986,
China,1985,
China,1984,
China,1983,
China,1982,
China,1981,
China,1980,
China,1979,
China,1978,
China,1977,
China,1976,
China,1975,
China,1974,
China,1973,
China,1972,
China,1971,
China,1970,
China,1969,
China,1968,
China,1967,
China,1966,
China,1965,
China,1964,
China,1963,
China,1962,
China,1961,
China,1960,
Colombia,2025,22640.4224606513
Colombia,2024,22439.4001359818
Colombia,2023,21281.7475207548
Colombia,2022,20854.002999162
Colombia,2021,17383.0901728295
Colombia,2020,15519.2101694656
Colombia,2019,16181.5908990662
Colombia,2018,15239.4049488277
Colombia,2017,14400.6139849314
Colombia,2016,14026.8399931053
Colombia,2015,13332.0555048211
Colombia,2014,13355.3624162195
Colombia,2013,12779.8865818318
Colombia,2012,12093.0754939172
Colombia,2011,11707.4614624747
Colombia,2010,10841.1279797769
Colombia,2009,10367.3489558559
Colombia,2008,10307.0649875218
Colombia,2007,9909.29031362274
Colombia,2006,9154.0892620178
Colombia,2005,8432.33329071381
Colombia,2004,7909.34635161862
Colombia,2003,7420.46008359846
Colombia,2002,7108.8239027086
Colombia,2001,6934.88284343922
Colombia,2000,6775.93064395245
Colombia,1999,6543.86721140076
Colombia,1998,6853.84143985228
Colombia,1997,6861.09186357451
Colombia,1996,6638.83973601592
Colombia,1995,6505.56526192075
Colombia,1994,6173.63611488144
Colombia,1993,5826.18344431689
Colombia,1992,5509.36464904622
Colombia,1991,5280.77779744064
Colombia,1990,5109.42000129613
Colombia,1989,
Colombia,1988,
Colombia,1987,
Colombia,1986,
Colombia,1985,
Colombia,1984,
Colombia,1983,
Colombia,1982,
Colombia,1981,
Colombia,1980,
Colombia,1979,
Colombia,1978,
Colombia,1977,
Colombia,1976,
Colombia,1975,
Colombia,1974,
Colombia,1973,
Colombia,1972,
Colombia,1971,
Colombia,1970,
Colombia,1969,
Colombia,1968,
Colombia,1967,
Colombia,1966,
Colombia,1965,
Colombia,1964,
Colombia,1963,
Colombia,1962,
Colombia,1961,
Colombia,1960,
Comoros,2025,4238.26133409182
Comoros,2024,4047.95264193561
Comoros,2023,3896.71858176845
Comoros,2022,3712.34821507981
Comoros,2021,3449.0435745318
Comoros,2020,3261.59496762747
Comoros,2019,3312.74957050545
Comoros,2018,3304.54845189026
Comoros,2017,3347.45652997484
Comoros,2016,3139.05160740463
Comoros,2015,2949.47342240993
Comoros,2014,2937.61167612379
Comoros,2013,2832.52867837395
Comoros,2012,2678.70108782095
Comoros,2011,2471.79015172258
Comoros,2010,2372.41645109334
Comoros,2009,2303.95435180676
Comoros,2008,2262.50189462777
Comoros,2007,2177.93140727587
Comoros,2006,2145.92386088087
Comoros,2005,2162.0751711044
Comoros,2004,2024.85565604244
Comoros,2003,1949.14105948513
Comoros,2002,1911.61541107513
Comoros,2001,1838.10987721484
Comoros,2000,1740.65205989809
Comoros,1999,1752.74085336511
Comoros,1998,1713.14516020636
Comoros,1997,1723.10053798106
Comoros,1996,1650.51993712995
Comoros,1995,1657.45772363749
Comoros,1994,1563.70124488455
Comoros,1993,1623.05862231635
Comoros,1992,1574.57772726146
Comoros,1991,1464.0654174194
Comoros,1990,1546.45342683109
Comoros,1989,
Comoros,1988,
Comoros,1987,
Comoros,1986,
Comoros,1985,
Comoros,1984,
Comoros,1983,
Comoros,1982,
Comoros,1981,
Comoros,1980,
Comoros,1979,
Comoros,1978,
Comoros,1977,
Comoros,1976,
Comoros,1975,
Comoros,1974,
Comoros,1973,
Comoros,1972,
Comoros,1971,
Comoros,1970,
Comoros,1969,
Comoros,1968,
Comoros,1967,
Comoros,1966,
Comoros,1965,
Comoros,1964,
Comoros,1963,
Comoros,1962,
Comoros,1961,
Comoros,1960,
"Congo, Dem. Rep.",2025,1919.82250200565
"Congo, Dem. Rep.",2024,1823.27705135453
"Congo, Dem. Rep.",2023,1732.04870835091
"Congo, Dem. Rep.",2022,1589.91203243059
"Congo, Dem. Rep.",2021,1402.38560295221
"Congo, Dem. Rep.",2020,1088.7890035637
"Congo, Dem. Rep.",2019,1056.17206659241
"Congo, Dem. Rep.",2018,1048.86502855672
"Congo, Dem. Rep.",2017,990.545051394781
"Congo, Dem. Rep.",2016,950.022298158597
"Congo, Dem. Rep.",2015,910.393131638657
"Congo, Dem. Rep.",2014,859.356816141236
"Congo, Dem. Rep.",2013,760.64987993962
"Congo, Dem. Rep.",2012,647.801733284929
"Congo, Dem. Rep.",2011,643.764679093976
"Congo, Dem. Rep.",2010,654.422746562432
"Congo, Dem. Rep.",2009,614.541156103233
"Congo, Dem. Rep.",2008,626.55447365632
"Congo, Dem. Rep.",2007,589.69748891543
"Congo, Dem. Rep.",2006,544.998536636085
"Congo, Dem. Rep.",2005,518.744750801354
"Congo, Dem. Rep.",2004,488.682547555091
"Congo, Dem. Rep.",2003,459.166393285914
"Congo, Dem. Rep.",2002,439.130292981472
"Congo, Dem. Rep.",2001,433.064313522016
"Congo, Dem. Rep.",2000,446.533836075084
"Congo, Dem. Rep.",1999,484.349826383474
"Congo, Dem. Rep.",1998,515.933885038077
"Congo, Dem. Rep.",1997,532.90643319508
"Congo, Dem. Rep.",1996,564.041511399401
"Congo, Dem. Rep.",1995,570.488714844815
"Congo, Dem. Rep.",1994,578.408875377525
"Congo, Dem. Rep.",1993,617.861846550156
"Congo, Dem. Rep.",1992,722.88268669659
"Congo, Dem. Rep.",1991,816.827349865796
"Congo, Dem. Rep.",1990,891.965374385992
"Congo, Dem. Rep.",1989,
"Congo, Dem. Rep.",1988,
"Congo, Dem. Rep.",1987,
"Congo, Dem. Rep.",1986,
"Congo, Dem. Rep.",1985,
"Congo, Dem. Rep.",1984,
"Congo, Dem. Rep.",1983,
"Congo, Dem. Rep.",1982,
"Congo, Dem. Rep.",1981,
"Congo, Dem. Rep.",1980,
"Congo, Dem. Rep.",1979,
"Congo, Dem. Rep.",1978,
"Congo, Dem. Rep.",1977,
"Congo, Dem. Rep.",1976,
"Congo, Dem. Rep.",1975,
"Congo, Dem. Rep.",1974,
"Congo, Dem. Rep.",1973,
"Congo, Dem. Rep.",1972,
"Congo, Dem. Rep.",1971,
"Congo, Dem. Rep.",1970,
"Congo, Dem. Rep.",1969,
"Congo, Dem. Rep.",1968,
"Congo, Dem. Rep.",1967,
"Congo, Dem. Rep.",1966,
"Congo, Dem. Rep.",1965,
"Congo, Dem. Rep.",1964,
"Congo, Dem. Rep.",1963,
"Congo, Dem. Rep.",1962,
"Congo, Dem. Rep.",1961,
"Congo, Dem. Rep.",1960,
"Congo, Rep.",2025,7248.44439070757
"Congo, Rep.",2024,7003.66225819816
"Congo, Rep.",2023,6855.92386613313
"Congo, Rep.",2022,6646.44331964568
"Congo, Rep.",2021,6263.21161292636
"Congo, Rep.",2020,4770.96449758365
"Congo, Rep.",2019,5719.59977338291
"Congo, Rep.",2018,5593.19370578686
"Congo, Rep.",2017,4444.63900215824
"Congo, Rep.",2016,4016.04908525318
"Congo, Rep.",2015,4715.13431581624
"Congo, Rep.",2014,5733.18393561256
"Congo, Rep.",2013,5833.86336651436
"Congo, Rep.",2012,6058.06449417412
"Congo, Rep.",2011,5175.20439089036
"Congo, Rep.",2010,5125.06991326895
"Congo, Rep.",2009,4800.90159811421
"Congo, Rep.",2008,4448.33261698559
"Congo, Rep.",2007,4242.61126828237
"Congo, Rep.",2006,4588.10924901106
"Congo, Rep.",2005,4278.92538737802
"Congo, Rep.",2004,3991.51124732875
"Congo, Rep.",2003,3886.99206792786
"Congo, Rep.",2002,3888.16402335103
"Congo, Rep.",2001,3748.44674934437
"Congo, Rep.",2000,3667.42487253582
"Congo, Rep.",1999,3463.85452972548
"Congo, Rep.",1998,3602.03351919848
"Congo, Rep.",1997,3509.99889494178
"Congo, Rep.",1996,3547.21353923952
"Congo, Rep.",1995,3434.06784047341
"Congo, Rep.",1994,3326.98140024327
"Congo, Rep.",1993,3550.38579364471
"Congo, Rep.",1992,3607.67111200854
"Congo, Rep.",1991,3536.08004967767
"Congo, Rep.",1990,3436.74969814714
"Congo, Rep.",1989,
"Congo, Rep.",1988,
"Congo, Rep.",1987,
"Congo, Rep.",1986,
"Congo, Rep.",1985,
"Congo, Rep.",1984,
"Congo, Rep.",1983,
"Congo, Rep.",1982,
"Congo, Rep.",1981,
"Congo, Rep.",1980,
"Congo, Rep.",1979,
"Congo, Rep.",1978,
"Congo, Rep.",1977,
"Congo, Rep.",1976,
"Congo, Rep.",1975,
"Congo, Rep.",1974,
"Congo, Rep.",1973,
"Congo, Rep.",1972,
"Congo, Rep.",1971,
"Congo, Rep.",1970,
"Congo, Rep.",1969,
"Congo, Rep.",1968,
"Congo, Rep.",1967,
"Congo, Rep.",1966,
"Congo, Rep.",1965,
"Congo, Rep.",1964,
"Congo, Rep.",1963,
"Congo, Rep.",1962,
"Congo, Rep.",1961,
"Congo, Rep.",1960,
Costa Rica,2025,33814.7696296148
Costa Rica,2024,31552.1489834288
Costa Rica,2023,29247.8937202355
Costa Rica,2022,26891.9730070246
Costa Rica,2021,24083.5988182437
Costa Rica,2020,22245.4328793441
Costa Rica,2019,23461.2875330597
Costa Rica,2018,21548.8700973441
Costa Rica,2017,20499.3442145104
Costa Rica,2016,19201.7453161516
Costa Rica,2015,17525.1404835991
Costa Rica,2014,16393.8095308303
Costa Rica,2013,15232.0771293804
Costa Rica,2012,14463.7404635027
Costa Rica,2011,13614.2604272802
Costa Rica,2010,12927.5646212416
Costa Rica,2009,12273.8604285282
Costa Rica,2008,12471.6723620711
Costa Rica,2007,11841.9011937472
Costa Rica,2006,10799.5114129333
Costa Rica,2005,9898.92922976345
Costa Rica,2004,9365.32779294015
Costa Rica,2003,8862.99414194044
Costa Rica,2002,8460.65230461961
Costa Rica,2001,8190.07443666868
Costa Rica,2000,7879.47795721388
Costa Rica,1999,7568.10014535745
Costa Rica,1998,7315.4329950614
Costa Rica,1997,6903.32978355709
Costa Rica,1996,6580.99120738627
Costa Rica,1995,6527.78266951645
Costa Rica,1994,6288.23842667313
Costa Rica,1993,6036.97557767542
Costa Rica,1992,5645.8467295042
Costa Rica,1991,5184.51660887371
Costa Rica,1990,5030.22635162131
Costa Rica,1989,
Costa Rica,1988,
Costa Rica,1987,
Costa Rica,1986,
Costa Rica,1985,
Costa Rica,1984,
Costa Rica,1983,
Costa Rica,1982,
Costa Rica,1981,
Costa Rica,1980,
Costa Rica,1979,
Costa Rica,1978,
Costa Rica,1977,
Costa Rica,1976,
Costa Rica,1975,
Costa Rica,1974,
Costa Rica,1973,
Costa Rica,1972,
Costa Rica,1971,
Costa Rica,1970,
Costa Rica,1969,
Costa Rica,1968,
Costa Rica,1967,
Costa Rica,1966,
Costa Rica,1965,
Costa Rica,1964,
Costa Rica,1963,
Costa Rica,1962,
Costa Rica,1961,
Costa Rica,1960,
Cote d'Ivoire,2025,8208.90898574972
Cote d'Ivoire,2024,7680.36980823038
Cote d'Ivoire,2023,7243.14676270142
Cote d'Ivoire,2022,6718.37891572875
Cote d'Ivoire,2021,6045.20480490881
Cote d'Ivoire,2020,5543.85096318939
Cote d'Ivoire,2019,5516.39055126829
Cote d'Ivoire,2018,4945.62520575915
Cote d'Ivoire,2017,4690.17801861096
Cote d'Ivoire,2016,4530.64849808487
Cote d'Ivoire,2015,4403.64296618998
Cote d'Ivoire,2014,4074.21445539789
Cote d'Ivoire,2013,3619.01790854865
Cote d'Ivoire,2012,3290.72306949457
Cote d'Ivoire,2011,3175.9192237076
Cote d'Ivoire,2010,3360.54408815073
Cote d'Ivoire,2009,3176.63242423806
Cote d'Ivoire,2008,3115.83789176753
Cote d'Ivoire,2007,2984.53472149065
Cote d'Ivoire,2006,2941.82141170605
Cote d'Ivoire,2005,2841.82308795836
Cote d'Ivoire,2004,2794.17325721544
Cote d'Ivoire,2003,2701.74168485872
Cote d'Ivoire,2002,2851.03041350791
Cote d'Ivoire,2001,2961.76287276493
Cote d'Ivoire,2000,3040.57593174788
Cote d'Ivoire,1999,3064.79944782813
Cote d'Ivoire,1998,3086.12766369107
Cote d'Ivoire,1997,3039.52473895099
Cote d'Ivoire,1996,2831.79903700796
Cote d'Ivoire,1995,2683.32097616165
Cote d'Ivoire,1994,2550.99222452083
Cote d'Ivoire,1993,2576.99340154112
Cote d'Ivoire,1992,2624.52422266923
Cote d'Ivoire,1991,2677.07471986612
Cote d'Ivoire,1990,2693.36146607667
Cote d'Ivoire,1989,
Cote d'Ivoire,1988,
Cote d'Ivoire,1987,
Cote d'Ivoire,1986,
Cote d'Ivoire,1985,
Cote d'Ivoire,1984,
Cote d'Ivoire,1983,
Cote d'Ivoire,1982,
Cote d'Ivoire,1981,
Cote d'Ivoire,1980,
Cote d'Ivoire,1979,
Cote d'Ivoire,1978,
Cote d'Ivoire,1977,
Cote d'Ivoire,1976,
Cote d'Ivoire,1975,
Cote d'Ivoire,1974,
Cote d'Ivoire,1973,
Cote d'Ivoire,1972,
Cote d'Ivoire,1971,
Cote d'Ivoire,1970,
Cote d'Ivoire,1969,
Cote d'Ivoire,1968,
Cote d'Ivoire,1967,
Cote d'Ivoire,1966,
Cote d'Ivoire,1965,
Cote d'Ivoire,1964,
Cote d'Ivoire,1963,
Cote d'Ivoire,1962,
Cote d'Ivoire,1961,
Cote d'Ivoire,1960,
Croatia,2025,50946.1671131832
Croatia,2024,49550.8073348367
Croatia,2023,47759.6272293173
Croatia,2022,42125.1926231817
Croatia,2021,36930.076102199
Croatia,2020,31594.0082486835
Croatia,2019,33063.9987060793
Croatia,2018,29789.4340021154
Croatia,2017,27887.4600052514
Croatia,2016,25802.8242312486
Croatia,2015,23749.8280957224
Croatia,2014,22706.2761364179
Croatia,2013,22430.1102453055
Croatia,2012,21618.4587267283
Croatia,2011,21190.7772144927
Croatia,2010,20139.3171606116
Croatia,2009,20358.153970121
Croatia,2008,21018.1356310998
Croatia,2007,19567.4938073523
Croatia,2006,17628.7718376804
Croatia,2005,15450.6908485826
Croatia,2004,14686.1082157283
Croatia,2003,13691.2872092509
Croatia,2002,12774.6551389152
Croatia,2001,11653.0274945787
Croatia,2000,10674.4181187112
Croatia,1999,9942.599551566
Croatia,1998,9889.44049303294
Croatia,1997,9535.64248083246
Croatia,1996,8805.7877779071
Croatia,1995,8051.72131393667
Croatia,1994,7336.9097417069
Croatia,1993,6861.25063171896
Croatia,1992,7326.4729973385
Croatia,1991,7917.72183131854
Croatia,1990,9525.99430234074
Croatia,1989,
Croatia,1988,
Croatia,1987,
Croatia,1986,
Croatia,1985,
Croatia,1984,
Croatia,1983,
Croatia,1982,
Croatia,1981,
Croatia,1980,
Croatia,1979,
Croatia,1978,
Croatia,1977,
Croatia,1976,
Croatia,1975,
Croatia,1974,
Croatia,1973,
Croatia,1972,
Croatia,1971,
Croatia,1970,
Croatia,1969,
Croatia,1968,
Croatia,1967,
Croatia,1966,
Croatia,1965,
Croatia,1964,
Croatia,1963,
Croatia,1962,
Croatia,1961,
Croatia,1960,
Cuba,2025,
Cuba,2024,
Cuba,2023,
Cuba,2022,
Cuba,2021,
Cuba,2020,
Cuba,2019,
Cuba,2018,
Cuba,2017,
Cuba,2016,
Cuba,2015,
Cuba,2014,
Cuba,2013,
Cuba,2012,
Cuba,2011,
Cuba,2010,
Cuba,2009,
Cuba,2008,
Cuba,2007,
Cuba,2006,
Cuba,2005,
Cuba,2004,
Cuba,2003,
Cuba,2002,
Cuba,2001,
Cuba,2000,
Cuba,1999,
Cuba,1998,
Cuba,1997,
Cuba,1996,
Cuba,1995,
Cuba,1994,
Cuba,1993,
Cuba,1992,
Cuba,1991,
Cuba,1990,
Cuba,1989,
Cuba,1988,
Cuba,1987,
Cuba,1986,
Cuba,1985,
Cuba,1984,
Cuba,1983,
Cuba,1982,
Cuba,1981,
Cuba,1980,
Cuba,1979,
Cuba,1978,
Cuba,1977,
Cuba,1976,
Cuba,1975,
Cuba,1974,
Cuba,1973,
Cuba,1972,
Cuba,1971,
Cuba,1970,
Cuba,1969,
Cuba,1968,
Cuba,1967,
Cuba,1966,
Cuba,1965,
Cuba,1964,
Cuba,1963,
Cuba,1962,
Cuba,1961,
Cuba,1960,
Curacao,2025,
Curacao,2024,32740.7736763943
Curacao,2023,30676.8522403072
Curacao,2022,28636.1483744106
Curacao,2021,24905.7684266978
Curacao,2020,21722.0174102902
Curacao,2019,25396.9967729561
Curacao,2018,24623.0413085512
Curacao,2017,24321.7467432044
Curacao,2016,23649.5914937775
Curacao,2015,24037.6486252583
Curacao,2014,24347.7604866101
Curacao,2013,24821.7962782173
Curacao,2012,25105.9924749835
Curacao,2011,26251.3627992366
Curacao,2010,25956.8107577135
Curacao,2009,25950.395037497
Curacao,2008,26098.4711523201
Curacao,2007,25374.1429859366
Curacao,2006,24590.1923682509
Curacao,2005,24081.1512147983
Curacao,2004,23791.1974138675
Curacao,2003,23522.2748890134
Curacao,2002,23479.7973297648
Curacao,2001,23057.2613648788
Curacao,2000,21891.0453549078
Curacao,1999,
Curacao,1998,
Curacao,1997,
Curacao,1996,
Curacao,1995,
Curacao,1994,
Curacao,1993,
Curacao,1992,
Curacao,1991,
Curacao,1990,
Curacao,1989,
Curacao,1988,
Curacao,1987,
Curacao,1986,
Curacao,1985,
Curacao,1984,
Curacao,1983,
Curacao,1982,
Curacao,1981,
Curacao,1980,
Curacao,1979,
Curacao,1978,
Curacao,1977,
Curacao,1976,
Curacao,1975,
Curacao,1974,
Curacao,1973,
Curacao,1972,
Curacao,1971,
Curacao,1970,
Curacao,1969,
Curacao,1968,
Curacao,1967,
Curacao,1966,
Curacao,1965,
Curacao,1964,
Curacao,1963,
Curacao,1962,
Curacao,1961,
Curacao,1960,
Cyprus,2025,64574.62109375
Cyprus,2024,63006.765625
Cyprus,2023,59874.734375
Cyprus,2022,55876.3828125
Cyprus,2021,47632.5703125
Cyprus,2020,42569.06640625
Cyprus,2019,44393.72265625
Cyprus,2018,40262.48828125
Cyprus,2017,37768.08984375
Cyprus,2016,35247.0390625
Cyprus,2015,31380.220703125
Cyprus,2014,29892.75
Cyprus,2013,30415.8359375
Cyprus,2012,31923.90234375
Cyprus,2011,33406.0
Cyprus,2010,33502.24609375
Cyprus,2009,33901.37890625
Cyprus,2008,34830.296875
Cyprus,2007,32887.8046875
Cyprus,2006,30008.787109375
Cyprus,2005,27763.15234375
Cyprus,2004,25942.115234375
Cyprus,2003,24277.921875
Cyprus,2002,23556.40625
Cyprus,2001,22866.158203125
Cyprus,2000,21295.8984375
Cyprus,1999,19662.697265625
Cyprus,1998,18759.94921875
Cyprus,1997,17781.55078125
Cyprus,1996,17319.9765625
Cyprus,1995,17095.91796875
Cyprus,1994,15735.32421875
Cyprus,1993,14852.0595703125
Cyprus,1992,14759.4677734375
Cyprus,1991,13546.3330078125
Cyprus,1990,13348.1103515625
Cyprus,1989,
Cyprus,1988,
Cyprus,1987,
Cyprus,1986,
Cyprus,1985,
Cyprus,1984,
Cyprus,1983,
Cyprus,1982,
Cyprus,1981,
Cyprus,1980,
Cyprus,1979,
Cyprus,1978,
Cyprus,1977,
Cyprus,1976,
Cyprus,1975,
Cyprus,1974,
Cyprus,1973,
Cyprus,1972,
Cyprus,1971,
Cyprus,1970,
Cyprus,1969,
Cyprus,1968,
Cyprus,1967,
Cyprus,1966,
Cyprus,1965,
Cyprus,1964,
Cyprus,1963,
Cyprus,1962,
Cyprus,1961,
Cyprus,1960,
Czechia,2025,60487.2877495391
Czechia,2024,57625.0961715706
Czechia,2023,56062.3957561294
Czechia,2022,52946.9660854462
Czechia,2021,47796.0337408466
Czechia,2020,44839.4822099455
Czechia,2019,45614.0171132532
Czechia,2018,41638.1831076596
Czechia,2017,39346.030564257
Czechia,2016,36445.0485732064
Czechia,2015,34093.0280593748
Czechia,2014,32743.489773169
Czechia,2013,31013.0082933831
Czechia,2012,29465.6074011894
Czechia,2011,29237.1870959847
Czechia,2010,28153.8518610007
Czechia,2009,27713.2434564605
Czechia,2008,27937.841568102
Czechia,2007,26267.6071527112
Czechia,2006,23914.1862443811
Czechia,2005,22114.8363085202
Czechia,2004,20988.1204818834
Czechia,2003,19604.0917215381
Czechia,2002,18344.0329427938
Czechia,2001,17709.4523103293
Czechia,2000,16332.2910408629
Czechia,1999,15493.9796685778
Czechia,1998,15063.7603914658
Czechia,1997,14911.1309325943
Czechia,1996,14780.8272150214
Czechia,1995,13957.2702636739
Czechia,1994,12862.0591201729
Czechia,1993,12241.5754448767
Czechia,1992,11963.1600521076
Czechia,1991,11768.1863671117
Czechia,1990,12848.2484124716
Czechia,1989,
Czechia,1988,
Czechia,1987,
Czechia,1986,
Czechia,1985,
Czechia,1984,
Czechia,1983,
Czechia,1982,
Czechia,1981,
Czechia,1980,
Czechia,1979,
Czechia,1978,
Czechia,1977,
Czechia,1976,
Czechia,1975,
Czechia,1974,
Czechia,1973,
Czechia,1972,
Czechia,1971,
Czechia,1970,
Czechia,1969,
Czechia,1968,
Czechia,1967,
Czechia,1966,
Czechia,1965,
Czechia,1964,
Czechia,1963,
Czechia,1962,
Czechia,1961,
Czechia,1960,
Denmark,2025,83218.071525634
Denmark,2024,80937.8001363997
Denmark,2023,77425.3867230346
Denmark,2022,78554.1217617983
Denmark,2021,69327.998216527
Denmark,2020,62682.2899474389
Denmark,2019,60594.966400191
Denmark,2018,57233.6231685618
Denmark,2017,55271.5976002659
Denmark,2016,51820.9521305491
Denmark,2015,48897.2099776611
Denmark,2014,47879.5955558233
Denmark,2013,46869.1932887749
Denmark,2012,44755.1624273018
Denmark,2011,44443.7163844726
Denmark,2010,43037.5989192487
Denmark,2009,40524.3123510224
Denmark,2008,41467.3861879777
Denmark,2007,39110.0956365756
Denmark,2006,37392.3211413889
Denmark,2005,34238.3218147437
Denmark,2004,33015.5515892493
Denmark,2003,30864.1123687371
Denmark,2002,30666.5967674022
Denmark,2001,29458.9882141098
Denmark,2000,28647.8282830783
Denmark,1999,26642.2215588617
Denmark,1998,25798.8322910817
Denmark,1997,24887.0698517987
Denmark,1996,23722.7800836698
Denmark,1995,22676.5211131952
Denmark,1994,21668.545231066
Denmark,1993,20216.8954580986
Denmark,1992,19830.3379439042
Denmark,1991,19067.028796635
Denmark,1990,18225.4764138002
Denmark,1989,
Denmark,1988,
Denmark,1987,
Denmark,1986,
Denmark,1985,
Denmark,1984,
Denmark,1983,
Denmark,1982,
Denmark,1981,
Denmark,1980,
Denmark,1979,
Denmark,1978,
Denmark,1977,
Denmark,1976,
Denmark,1975,
Denmark,1974,
Denmark,1973,
Denmark,1972,
Denmark,1971,
Denmark,1970,
Denmark,1969,
Denmark,1968,
Denmark,1967,
Denmark,1966,
Denmark,1965,
Denmark,1964,
Denmark,1963,
Denmark,1962,
Denmark,1961,
Denmark,1960,
Djibouti,2025,8451.96838146073
Djibouti,2024,7821.62138070711
Djibouti,2023,7231.79450192575
Djibouti,2022,6620.28103140186
Djibouti,2021,5960.10807396825
Djibouti,2020,5527.00185229888
Djibouti,2019,5398.00036773984
Djibouti,2018,5083.11077030183
Djibouti,2017,4676.71336058903
Djibouti,2016,4431.56588556176
Djibouti,2015,4263.96288890455
Djibouti,2014,3978.34667092554
Djibouti,2013,3762.2819610399
Djibouti,2012,
Djibouti,2011,
Djibouti,2010,
Djibouti,2009,
Djibouti,2008,
Djibouti,2007,
Djibouti,2006,
Djibouti,2005,
Djibouti,2004,
Djibouti,2003,
Djibouti,2002,
Djibouti,2001,
Djibouti,2000,
Djibouti,1999,
Djibouti,1998,
Djibouti,1997,
Djibouti,1996,
Djibouti,1995,
Djibouti,1994,
Djibouti,1993,
Djibouti,1992,
Djibouti,1991,
Djibouti,1990,
Djibouti,1989,
Djibouti,1988,
Djibouti,1987,
Djibouti,1986,
Djibouti,1985,
Djibouti,1984,
Djibouti,1983,
Djibouti,1982,
Djibouti,1981,
Djibouti,1980,
Djibouti,1979,
Djibouti,1978,
Djibouti,1977,
Djibouti,1976,
Djibouti,1975,
Djibouti,1974,
Djibouti,1973,
Djibouti,1972,
Djibouti,1971,
Djibouti,1970,
Djibouti,1969,
Djibouti,1968,
Djibouti,1967,
Djibouti,1966,
Djibouti,1965,
Djibouti,1964,
Djibouti,1963,
Djibouti,1962,
Djibouti,1961,
Djibouti,1960,
Dominica,2025,22713.1288027433
Dominica,2024,21331.6193698018
Dominica,2023,20302.7023497562
Dominica,2022,18799.1022306558
Dominica,2021,15808.9743503945
Dominica,2020,14243.7623123898
Dominica,2019,16020.5944720217
Dominica,2018,15069.8972415303
Dominica,2017,12696.1956612622
Dominica,2016,12945.0029571643
Dominica,2015,12092.7315992676
Dominica,2014,12083.292631482
Dominica,2013,11286.2696974861
Dominica,2012,10920.9085079245
Dominica,2011,11122.8994140294
Dominica,2010,10924.0953241936
Dominica,2009,10803.5563678008
Dominica,2008,10862.2582742762
Dominica,2007,9949.4801649311
Dominica,2006,9199.88176363236
Dominica,2005,8557.41594942594
Dominica,2004,8232.18460907415
Dominica,2003,7714.29509851441
Dominica,2002,7167.04271927538
Dominica,2001,7290.62832451117
Dominica,2000,7111.41311003958
Dominica,1999,6759.45897466289
Dominica,1998,6617.21916729158
Dominica,1997,6289.76223493337
Dominica,1996,6041.21085838964
Dominica,1995,5749.09715722961
Dominica,1994,5464.75419832219
Dominica,1993,5352.05557489397
Dominica,1992,5125.49316109066
Dominica,1991,4913.67158052108
Dominica,1990,4667.43499751411
Dominica,1989,
Dominica,1988,
Dominica,1987,
Dominica,1986,
Dominica,1985,
Dominica,1984,
Dominica,1983,
Dominica,1982,
Dominica,1981,
Dominica,1980,
Dominica,1979,
Dominica,1978,
Dominica,1977,
Dominica,1976,
Dominica,1975,
Dominica,1974,
Dominica,1973,
Dominica,1972,
Dominica,1971,
Dominica,1970,
Dominica,1969,
Dominica,1968,
Dominica,1967,
Dominica,1966,
Dominica,1965,
Dominica,1964,
Dominica,1963,
Dominica,1962,
Dominica,1961,
Dominica,1960,
Dominican Republic,2025,28721.0964580217
Dominican Republic,2024,27581.6606581871
Dominican Republic,2023,25861.2335511855
Dominican Republic,2022,24621.9061494267
Dominican Republic,2021,22053.4589869955
Dominican Republic,2020,18998.3069667315
Dominican Republic,2019,19766.7628586981
Dominican Republic,2018,17994.8382742736
Dominican Republic,2017,16846.2072320323
Dominican Republic,2016,16282.1899127514
Dominican Republic,2015,14804.0974069659
Dominican Republic,2014,13464.7925609074
Dominican Republic,2013,12413.910018356
Dominican Republic,2012,11776.6228103557
Dominican Republic,2011,11694.6641852303
Dominican Republic,2010,11245.6811888526
Dominican Republic,2009,10381.6248127844
Dominican Republic,2008,10345.8080979109
Dominican Republic,2007,9951.13191549797
Dominican Republic,2006,9130.06906150852
Dominican Republic,2005,8215.03244569903
Dominican Republic,2004,7374.81231783811
Dominican Republic,2003,7097.55707815418
Dominican Republic,2002,7157.66825469384
Dominican Republic,2001,6847.57366132384
Dominican Republic,2000,6639.01131841732
Dominican Republic,1999,6304.73320415375
Dominican Republic,1998,5963.18499153173
Dominican Republic,1997,5618.4630767943
Dominican Republic,1996,5160.98784859774
Dominican Republic,1995,4870.86165408922
Dominican Republic,1994,4598.92609446245
Dominican Republic,1993,4473.96566332793
Dominican Republic,1992,4150.90971748736
Dominican Republic,1991,3722.2131073525
Dominican Republic,1990,3640.93767388732
Dominican Republic,1989,
Dominican Republic,1988,
Dominican Republic,1987,
Dominican Republic,1986,
Dominican Republic,1985,
Dominican Republic,1984,
Dominican Republic,1983,
Dominican Republic,1982,
Dominican Republic,1981,
Dominican Republic,1980,
Dominican Republic,1979,
Dominican Republic,1978,
Dominican Republic,1977,
Dominican Republic,1976,
Dominican Republic,1975,
Dominican Republic,1974,
Dominican Republic,1973,
Dominican Republic,1972,
Dominican Republic,1971,
Dominican Republic,1970,
Dominican Republic,1969,
Dominican Republic,1968,
Dominican Republic,1967,
Dominican Republic,1966,
Dominican Republic,1965,
Dominican Republic,1964,
Dominican Republic,1963,
Dominican Republic,1962,
Dominican Republic,1961,
Dominican Republic,1960,
Ecuador,2025,16756.6539631307
Ecuador,2024,15848.3400023446
Ecuador,2023,15907.3619798807
Ecuador,2022,15195.6639594842
Ecuador,2021,13507.4445638375
Ecuador,2020,11526.8013009278
Ecuador,2019,12543.0148243925
Ecuador,2018,12186.8846084388
Ecuador,2017,11793.4797426944
Ecuador,2016,10881.4890706732
Ecuador,2015,10877.7507461388
Ecuador,2014,11835.6091276538
Ecuador,2013,11295.6127804419
Ecuador,2012,10244.5177816184
Ecuador,2011,9768.69201080404
Ecuador,2010,8968.94040809633
Ecuador,2009,8662.10672699674
Ecuador,2008,8662.60736251513
Ecuador,2007,8112.44824439693
Ecuador,2006,7884.51693599034
Ecuador,2005,7457.46553600433
Ecuador,2004,6980.09126361805
Ecuador,2003,6475.06597338992
Ecuador,2002,6281.52215137791
Ecuador,2001,5998.8750865322
Ecuador,2000,5728.25249837211
Ecuador,1999,5637.91693243525
Ecuador,1998,5940.44197507797
Ecuador,1997,5792.64969137943
Ecuador,1996,5559.97815275371
Ecuador,1995,5469.14843512754
Ecuador,1994,5339.39726202352
Ecuador,1993,5112.21877066441
Ecuador,1992,4997.6436327044
Ecuador,1991,4886.94780812682
Ecuador,1990,4631.55325848459
Ecuador,1989,
Ecuador,1988,
Ecuador,1987,
Ecuador,1986,
Ecuador,1985,
Ecuador,1984,
Ecuador,1983,
Ecuador,1982,
Ecuador,1981,
Ecuador,1980,
Ecuador,1979,
Ecuador,1978,
Ecuador,1977,
Ecuador,1976,
Ecuador,1975,
Ecuador,1974,
Ecuador,1973,
Ecuador,1972,
Ecuador,1971,
Ecuador,1970,
Ecuador,1969,
Ecuador,1968,
Ecuador,1967,
Ecuador,1966,
Ecuador,1965,
Ecuador,1964,
Ecuador,1963,
Ecuador,1962,
Ecuador,1961,
Ecuador,1960,
"Egypt, Arab Rep.",2025,20204.0130500153
"Egypt, Arab Rep.",2024,19121.874936645
"Egypt, Arab Rep.",2023,18540.1079077988
"Egypt, Arab Rep.",2022,17524.0240491999
"Egypt, Arab Rep.",2021,15579.0160861551
"Egypt, Arab Rep.",2020,15231.865417764
"Egypt, Arab Rep.",2019,13363.732696323
"Egypt, Arab Rep.",2018,12329.2446781436
"Egypt, Arab Rep.",2017,11124.7351098149
"Egypt, Arab Rep.",2016,10665.6676499685
"Egypt, Arab Rep.",2015,10903.3368231185
"Egypt, Arab Rep.",2014,10256.4367553616
"Egypt, Arab Rep.",2013,10511.3931678495
"Egypt, Arab Rep.",2012,10342.4317112754
"Egypt, Arab Rep.",2011,8988.10781880653
"Egypt, Arab Rep.",2010,8837.76450012969
"Egypt, Arab Rep.",2009,8465.02052429651
"Egypt, Arab Rep.",2008,8190.70913136542
"Egypt, Arab Rep.",2007,7640.57228561817
"Egypt, Arab Rep.",2006,7079.02808458206
"Egypt, Arab Rep.",2005,6554.12885087777
"Egypt, Arab Rep.",2004,6207.12492167934
"Egypt, Arab Rep.",2003,5928.07945348429
"Egypt, Arab Rep.",2002,5752.69708065143
"Egypt, Arab Rep.",2001,5650.05196243072
"Egypt, Arab Rep.",2000,5451.51566974242
"Egypt, Arab Rep.",1999,5121.00256911619
"Egypt, Arab Rep.",1998,4868.72046563856
"Egypt, Arab Rep.",1997,4661.0798186576
"Egypt, Arab Rep.",1996,4434.46491044598
"Egypt, Arab Rep.",1995,4234.71346834275
"Egypt, Arab Rep.",1994,4048.0222095951
"Egypt, Arab Rep.",1993,3894.94097755613
"Egypt, Arab Rep.",1992,3783.80257077773
"Egypt, Arab Rep.",1991,3626.74120645934
"Egypt, Arab Rep.",1990,3566.03456550614
"Egypt, Arab Rep.",1989,
"Egypt, Arab Rep.",1988,
"Egypt, Arab Rep.",1987,
"Egypt, Arab Rep.",1986,
"Egypt, Arab Rep.",1985,
"Egypt, Arab Rep.",1984,
"Egypt, Arab Rep.",1983,
"Egypt, Arab Rep.",1982,
"Egypt, Arab Rep.",1981,
"Egypt, Arab Rep.",1980,
"Egypt, Arab Rep.",1979,
"Egypt, Arab Rep.",1978,
"Egypt, Arab Rep.",1977,
"Egypt, Arab Rep.",1976,
"Egypt, Arab Rep.",1975,
"Egypt, Arab Rep.",1974,
"Egypt, Arab Rep.",1973,
"Egypt, Arab Rep.",1972,
"Egypt, Arab Rep.",1971,
"Egypt, Arab Rep.",1970,
"Egypt, Arab Rep.",1969,
"Egypt, Arab Rep.",1968,
"Egypt, Arab Rep.",1967,
"Egypt, Arab Rep.",1966,
"Egypt, Arab Rep.",1965,
"Egypt, Arab Rep.",1964,
"Egypt, Arab Rep.",1963,
"Egypt, Arab Rep.",1962,
"Egypt, Arab Rep.",1961,
"Egypt, Arab Rep.",1960,
El Salvador,2025,14101.1774819291
El Salvador,2024,13258.1805042704
El Salvador,2023,12667.4662875421
El Salvador,2022,11874.0814242931
El Salvador,2021,10809.713399518
El Salvador,2020,9392.68913817943
El Salvador,2019,9756.7521864595
El Salvador,2018,9203.76216310773
El Salvador,2017,8965.2189086345
El Salvador,2016,8455.61614773975
El Salvador,2015,7933.73697858999
El Salvador,2014,7503.71105811981
El Salvador,2013,7092.58852133297
El Salvador,2012,6708.39032246284
El Salvador,2011,6593.67806808022
El Salvador,2010,6245.91050363544
El Salvador,2009,6060.7311117359
El Salvador,2008,6172.71101432425
El Salvador,2007,5947.5181228334
El Salvador,2006,5692.69678619842
El Salvador,2005,5289.9723158993
El Salvador,2004,4995.99087059619
El Salvador,2003,4827.15416049167
El Salvador,2002,4670.05462400125
El Salvador,2001,4541.46872503695
El Salvador,2000,4421.02660296302
El Salvador,1999,4296.18284598121
El Salvador,1998,4169.93784570183
El Salvador,1997,4041.93363073964
El Salvador,1996,3878.59823524724
El Salvador,1995,3806.50470651955
El Salvador,1994,3589.7133831415
El Salvador,1993,3389.2803485388
El Salvador,1992,3170.40809818996
El Salvador,1991,2944.1040107689
El Salvador,1990,2855.42217430492
El Salvador,1989,
El Salvador,1988,
El Salvador,1987,
El Salvador,1986,
El Salvador,1985,
El Salvador,1984,
El Salvador,1983,
El Salvador,1982,
El Salvador,1981,
El Salvador,1980,
El Salvador,1979,
El Salvador,1978,
El Salvador,1977,
El Salvador,1976,
El Salvador,1975,
El Salvador,1974,
El Salvador,1973,
El Salvador,1972,
El Salvador,1971,
El Salvador,1970,
El Salvador,1969,
El Salvador,1968,
El Salvador,1967,
El Salvador,1966,
El Salvador,1965,
El Salvador,1964,
El Salvador,1963,
El Salvador,1962,
El Salvador,1961,
El Salvador,1960,
Equatorial Guinea,2025,16133.1056143137
Equatorial Guinea,2024,17072.4273818835
Equatorial Guinea,2023,16997.002016833
Equatorial Guinea,2022,18137.114494644
Equatorial Guinea,2021,16821.4486470413
Equatorial Guinea,2020,13677.110587517
Equatorial Guinea,2019,16451.3641478324
Equatorial Guinea,2018,18413.1294204577
Equatorial Guinea,2017,18434.7708571004
Equatorial Guinea,2016,16649.4757672359
Equatorial Guinea,2015,19478.7010123338
Equatorial Guinea,2014,27177.271665026
Equatorial Guinea,2013,27909.5175876754
Equatorial Guinea,2012,30011.9274409625
Equatorial Guinea,2011,27241.6000370603
Equatorial Guinea,2010,26167.8268516726
Equatorial Guinea,2009,29722.0005634049
Equatorial Guinea,2008,30522.7787132006
Equatorial Guinea,2007,26610.7691208477
Equatorial Guinea,2006,23511.3986572253
Equatorial Guinea,2005,22137.0497793187
Equatorial Guinea,2004,19354.2120823065
Equatorial Guinea,2003,14496.1744118626
Equatorial Guinea,2002,13254.823621943
Equatorial Guinea,2001,11626.7231172567
Equatorial Guinea,2000,7420.39310085788
Equatorial Guinea,1999,6469.83874089274
Equatorial Guinea,1998,5280.39000119412
Equatorial Guinea,1997,4386.82626162336
Equatorial Guinea,1996,1793.1929679954
Equatorial Guinea,1995,1098.2549891525
Equatorial Guinea,1994,950.7572557974
Equatorial Guinea,1993,828.163863922819
Equatorial Guinea,1992,756.064109631781
Equatorial Guinea,1991,569.282520955818
Equatorial Guinea,1990,577.395478723178
Equatorial Guinea,1989,
Equatorial Guinea,1988,
Equatorial Guinea,1987,
Equatorial Guinea,1986,
Equatorial Guinea,1985,
Equatorial Guinea,1984,
Equatorial Guinea,1983,
Equatorial Guinea,1982,
Equatorial Guinea,1981,
Equatorial Guinea,1980,
Equatorial Guinea,1979,
Equatorial Guinea,1978,
Equatorial Guinea,1977,
Equatorial Guinea,1976,
Equatorial Guinea,1975,
Equatorial Guinea,1974,
Equatorial Guinea,1973,
Equatorial Guinea,1972,
Equatorial Guinea,1971,
Equatorial Guinea,1970,
Equatorial Guinea,1969,
Equatorial Guinea,1968,
Equatorial Guinea,1967,
Equatorial Guinea,1966,
Equatorial Guinea,1965,
Equatorial Guinea,1964,
Equatorial Guinea,1963,
Equatorial Guinea,1962,
Equatorial Guinea,1961,
Equatorial Guinea,1960,
Eritrea,2025,
Eritrea,2024,
Eritrea,2023,
Eritrea,2022,
Eritrea,2021,
Eritrea,2020,
Eritrea,2019,
Eritrea,2018,
Eritrea,2017,
Eritrea,2016,
Eritrea,2015,
Eritrea,2014,
Eritrea,2013,
Eritrea,2012,
Eritrea,2011,1742.32363018235
Eritrea,2010,1599.19106101231
Eritrea,2009,1576.7428460066
Eritrea,2008,1546.9274753031
Eritrea,2007,1727.0934416535
Eritrea,2006,1682.23894200316
Eritrea,2005,1674.07005452601
Eritrea,2004,1620.76402913745
Eritrea,2003,1620.85093038852
Eritrea,2002,1701.6952368127
Eritrea,2001,1683.68441867403
Eritrea,2000,1557.87580226163
Eritrea,1999,1597.129922345
Eritrea,1998,1598.00219462727
Eritrea,1997,1573.12545471672
Eritrea,1996,1449.05483271334
Eritrea,1995,1368.77876279506
Eritrea,1994,1379.24547092984
Eritrea,1993,1148.76200877292
Eritrea,1992,1020.56883874808
Eritrea,1991,
Eritrea,1990,
Eritrea,1989,
Eritrea,1988,
Eritrea,1987,
Eritrea,1986,
Eritrea,1985,
Eritrea,1984,
Eritrea,1983,
Eritrea,1982,
Eritrea,1981,
Eritrea,1980,
Eritrea,1979,
Eritrea,1978,
Eritrea,1977,
Eritrea,1976,
Eritrea,1975,
Eritrea,1974,
Eritrea,1973,
Eritrea,1972,
Eritrea,1971,
Eritrea,1970,
Eritrea,1969,
Eritrea,1968,
Eritrea,1967,
Eritrea,1966,
Eritrea,1965,
Eritrea,1964,
Eritrea,1963,
Eritrea,1962,
Eritrea,1961,
Eritrea,1960,
Estonia,2025,52105.5093433416
Estonia,2024,50395.7686402966
Estonia,2023,48848.1421016254
Estonia,2022,48029.83322897
Estonia,2021,44247.4198971873
Estonia,2020,40672.1340402132
Estonia,2019,40586.3784378888
Estonia,2018,37120.9879761677
Estonia,2017,34506.6486942506
Estonia,2016,31947.7769107437
Estonia,2015,29712.6299473728
Estonia,2014,29403.6584494815
Estonia,2013,27831.1526234213
Estonia,2012,26242.5282659014
Estonia,2011,24652.3610297918
Estonia,2010,21614.3068307361
Estonia,2009,20488.94990724
Estonia,2008,22803.5194742273
Estonia,2007,22200.5486407425
Estonia,2006,19344.2638980902
Estonia,2005,16638.0779749397
Estonia,2004,14538.0273203932
Estonia,2003,13135.0419683127
Estonia,2002,11666.6649638489
Estonia,2001,10308.8990965341
Estonia,2000,9424.5071547444
Estonia,1999,8412.06677647343
Estonia,1998,8451.08223338805
Estonia,1997,7979.78695072575
Estonia,1996,6891.85582622378
Estonia,1995,6479.67745901232
Estonia,1994,5966.58566996016
Estonia,1993,5813.71555099389
Estonia,1992,5871.8423996134
Estonia,1991,7151.00829058943
Estonia,1990,7480.89807938724
Estonia,1989,
Estonia,1988,
Estonia,1987,
Estonia,1986,
Estonia,1985,
Estonia,1984,
Estonia,1983,
Estonia,1982,
Estonia,1981,
Estonia,1980,
Estonia,1979,
Estonia,1978,
Estonia,1977,
Estonia,1976,
Estonia,1975,
Estonia,1974,
Estonia,1973,
Estonia,1972,
Estonia,1971,
Estonia,1970,
Estonia,1969,
Estonia,1968,
Estonia,1967,
Estonia,1966,
Estonia,1965,
Estonia,1964,
Estonia,1963,
Estonia,1962,
Estonia,1961,
Estonia,1960,
Eswatini,2025,12529.2796629252
Eswatini,2024,11822.961305357
Eswatini,2023,11309.1967529876
Eswatini,2022,10633.7069148254
Eswatini,2021,9990.43491951205
Eswatini,2020,9329.30453360939
Eswatini,2019,9248.32206714455
Eswatini,2018,8535.25593160454
Eswatini,2017,8584.31100767837
Eswatini,2016,8484.12117278345
Eswatini,2015,8391.07006084602
Eswatini,2014,8365.743287389
Eswatini,2013,8231.15139767951
Eswatini,2012,7760.32280456285
Eswatini,2011,7570.9966142438
Eswatini,2010,7324.46393061903
Eswatini,2009,7010.93312642177
Eswatini,2008,6913.68732695793
Eswatini,2007,6731.95411339232
Eswatini,2006,6319.41444311917
Eswatini,2005,5772.68986510213
Eswatini,2004,5309.60507882251
Eswatini,2003,5020.28286274874
Eswatini,2002,4741.61187837527
Eswatini,2001,4521.40321085914
Eswatini,2000,4400.6641943463
Eswatini,1999,4272.37264710498
Eswatini,1998,4136.67014356314
Eswatini,1997,4038.43543950336
Eswatini,1996,3915.8307179288
Eswatini,1995,3777.21336221646
Eswatini,1994,3526.49936273067
Eswatini,1993,3371.46057447097
Eswatini,1992,3288.65097952783
Eswatini,1991,3235.70532002239
Eswatini,1990,3201.78939103868
Eswatini,1989,
Eswatini,1988,
Eswatini,1987,
Eswatini,1986,
Eswatini,1985,
Eswatini,1984,
Eswatini,1983,
Eswatini,1982,
Eswatini,1981,
Eswatini,1980,
Eswatini,1979,
Eswatini,1978,
Eswatini,1977,
Eswatini,1976,
Eswatini,1975,
Eswatini,1974,
Eswatini,1973,
Eswatini,1972,
Eswatini,1971,
Eswatini,1970,
Eswatini,1969,
Eswatini,1968,
Eswatini,1967,
Eswatini,1966,
Eswatini,1965,
Eswatini,1964,
Eswatini,1963,
Eswatini,1962,
Eswatini,1961,
Eswatini,1960,
Ethiopia,2025,3621.67487597821
Ethiopia,2024,3292.3093336937
Ethiopia,2023,3063.42789983124
Ethiopia,2022,2844.47188098448
Ethiopia,2021,2588.41310213778
Ethiopia,2020,2406.78938480121
Ethiopia,2019,2242.44488312932
Ethiopia,2018,2095.3175782979
Ethiopia,2017,2004.74755633129
Ethiopia,2016,1857.54946515224
Ethiopia,2015,1632.61818006837
Ethiopia,2014,1484.63145566608
Ethiopia,2013,1252.86896408004
Ethiopia,2012,1178.97474553026
Ethiopia,2011,1098.11515728787
Ethiopia,2010,995.653978546208
Ethiopia,2009,899.140901805678
Ethiopia,2008,844.988379988881
Ethiopia,2007,770.261155180565
Ethiopia,2006,692.866907660764
Ethiopia,2005,624.510692420558
Ethiopia,2004,557.825634822152
Ethiopia,2003,492.840755426372
Ethiopia,2002,509.126314066848
Ethiopia,2001,509.119301833697
Ethiopia,2000,473.903313465592
Ethiopia,1999,450.48602005818
Ethiopia,1998,435.801505640873
Ethiopia,1997,460.636391517436
Ethiopia,1996,453.368395558836
Ethiopia,1995,409.294333176914
Ethiopia,1994,390.823946460121
Ethiopia,1993,383.96068018367
Ethiopia,1992,343.361548681471
Ethiopia,1991,383.387227547925
Ethiopia,1990,417.026578477479
Ethiopia,1989,
Ethiopia,1988,
Ethiopia,1987,
Ethiopia,1986,
Ethiopia,1985,
Ethiopia,1984,
Ethiopia,1983,
Ethiopia,1982,
Ethiopia,1981,
Ethiopia,1980,
Ethiopia,1979,
Ethiopia,1978,
Ethiopia,1977,
Ethiopia,1976,
Ethiopia,1975,
Ethiopia,1974,
Ethiopia,1973,
Ethiopia,1972,
Ethiopia,1971,
Ethiopia,1970,
Ethiopia,1969,
Ethiopia,1968,
Ethiopia,1967,
Ethiopia,1966,
Ethiopia,1965,
Ethiopia,1964,
Ethiopia,1963,
Ethiopia,1962,
Ethiopia,1961,
Ethiopia,1960,
Faroe Islands,2025,
Faroe Islands,2024,82089.2832575392
Faroe Islands,2023,79784.0760936327
Faroe Islands,2022,75266.2952690413
Faroe Islands,2021,68433.2144298182
Faroe Islands,2020,61655.542982019
Faroe Islands,2019,62225.8459648561
Faroe Islands,2018,58931.9758558052
Faroe Islands,2017,56417.3562497037
Faroe Islands,2016,54319.4020922519
Faroe Islands,2015,53685.4650513354
Faroe Islands,2014,53199.5123811889
Faroe Islands,2013,49781.873438729
Faroe Islands,2012,46197.7994782271
Faroe Islands,2011,42134.08312433
Faroe Islands,2010,39767.4084036184
Faroe Islands,2009,39331.4025670183
Faroe Islands,2008,41160.1085089998
Faroe Islands,2007,
Faroe Islands,2006,
Faroe Islands,2005,
Faroe Islands,2004,
Faroe Islands,2003,
Faroe Islands,2002,
Faroe Islands,2001,
Faroe Islands,2000,
Faroe Islands,1999,
Faroe Islands,1998,
Faroe Islands,1997,
Faroe Islands,1996,
Faroe Islands,1995,
Faroe Islands,1994,
Faroe Islands,1993,
Faroe Islands,1992,
Faroe Islands,1991,
Faroe Islands,1990,
Faroe Islands,1989,
Faroe Islands,1988,
Faroe Islands,1987,
Faroe Islands,1986,
Faroe Islands,1985,
Faroe Islands,1984,
Faroe Islands,1983,
Faroe Islands,1982,
Faroe Islands,1981,
Faroe Islands,1980,
Faroe Islands,1979,
Faroe Islands,1978,
Faroe Islands,1977,
Faroe Islands,1976,
Faroe Islands,1975,
Faroe Islands,1974,
Faroe Islands,1973,
Faroe Islands,1972,
Faroe Islands,1971,
Faroe Islands,1970,
Faroe Islands,1969,
Faroe Islands,1968,
Faroe Islands,1967,
Faroe Islands,1966,
Faroe Islands,1965,
Faroe Islands,1964,
Faroe Islands,1963,
Faroe Islands,1962,
Faroe Islands,1961,
Faroe Islands,1960,
Fiji,2025,16337.5722970567
Fiji,2024,15472.737444718
Fiji,2023,14656.2474506851
Fiji,2022,12980.234013809
Fiji,2021,10322.4279638854
Fiji,2020,10716.2914367663
Fiji,2019,12978.0990352704
Fiji,2018,12984.2072545454
Fiji,2017,12585.2777064526
Fiji,2016,11765.5379751413
Fiji,2015,11519.3012049449
Fiji,2014,10516.2596989681
Fiji,2013,8842.15172885423
Fiji,2012,8204.46564493012
Fiji,2011,7671.88102851317
Fiji,2010,7339.47689389709
Fiji,2009,7067.93484329323
Fiji,2008,7153.61915415744
Fiji,2007,6989.72313784206
Fiji,2006,6921.29760693184
Fiji,2005,6651.78559089878
Fiji,2004,6463.42462095232
Fiji,2003,6033.12028460176
Fiji,2002,5913.96875277932
Fiji,2001,5699.04325710238
Fiji,2000,5520.70758500389
Fiji,1999,5551.73631725734
Fiji,1998,5090.05825065213
Fiji,1997,5030.80387805346
Fiji,1996,5109.30109301478
Fiji,1995,4817.86433540999
Fiji,1994,4626.85334317211
Fiji,1993,4334.30732903227
Fiji,1992,4172.16053288477
Fiji,1991,3872.73495989676
Fiji,1990,3881.56482340029
Fiji,1989,
Fiji,1988,
Fiji,1987,
Fiji,1986,
Fiji,1985,
Fiji,1984,
Fiji,1983,
Fiji,1982,
Fiji,1981,
Fiji,1980,
Fiji,1979,
Fiji,1978,
Fiji,1977,
Fiji,1976,
Fiji,1975,
Fiji,1974,
Fiji,1973,
Fiji,1972,
Fiji,1971,
Fiji,1970,
Fiji,1969,
Fiji,1968,
Fiji,1967,
Fiji,1966,
Fiji,1965,
Fiji,1964,
Fiji,1963,
Fiji,1962,
Fiji,1961,
Fiji,1960,
Finland,2025,65884.4876972259
Finland,2024,65137.1816928289
Finland,2023,63466.8356113767
Finland,2022,62133.1375219912
Finland,2021,56790.3766177692
Finland,2020,53296.5792798852
Finland,2019,52276.1115723992
Finland,2018,49248.6775395866
Finland,2017,47234.8528600939
Finland,2016,44562.4011072067
Finland,2015,42257.8593791297
Finland,2014,41547.0984485393
Finland,2013,41325.8052072321
Finland,2012,40739.1131809421
Finland,2011,40845.9566729849
Finland,2010,38946.228265358
Finland,2009,37988.4498659536
Finland,2008,40081.2212482066
Finland,2007,37842.9164695203
Finland,2006,34440.3771039162
Finland,2005,32047.7069315564
Finland,2004,31195.1243346394
Finland,2003,29042.698985165
Finland,2002,28596.2606345457
Finland,2001,27798.0582735421
Finland,2000,26782.8574259016
Finland,1999,24761.8165565638
Finland,1998,23569.9333806125
Finland,1997,21787.1082900179
Finland,1996,20067.4533767509
Finland,1995,19567.7826444216
Finland,1994,18457.6541464548
Finland,1993,17457.7676292369
Finland,1992,17270.9411369567
Finland,1991,17562.8413872459
Finland,1990,18148.6227791552
Finland,1989,
Finland,1988,
Finland,1987,
Finland,1986,
Finland,1985,
Finland,1984,
Finland,1983,
Finland,1982,
Finland,1981,
Finland,1980,
Finland,1979,
Finland,1978,
Finland,1977,
Finland,1976,
Finland,1975,
Finland,1974,
Finland,1973,
Finland,1972,
Finland,1971,
Finland,1970,
Finland,1969,
Finland,1968,
Finland,1967,
Finland,1966,
Finland,1965,
Finland,1964,
Finland,1963,
Finland,1962,
Finland,1961,
Finland,1960,
France,2025,63975.353585864
France,2024,62524.5434134804
France,2023,60927.0361517867
France,2022,57012.0586826676
France,2021,52517.3354905855
France,2020,49481.8044309655
France,2019,51130.4723140578
France,2018,46381.0590629457
France,2017,44469.1458856805
France,2016,42880.2351355431
France,2015,40905.1767750994
France,2014,40218.1258637776
France,2013,39583.3520435045
France,2012,37671.0239268565
France,2011,37510.3759898714
France,2010,35907.5531031574
France,2009,34685.0059249958
France,2008,35053.2627069116
France,2007,34066.2393228249
France,2006,32423.5225068799
France,2005,30431.2367240202
France,2004,28921.2608031323
France,2003,28024.0897244695
France,2002,28350.0985605428
France,2001,27346.834962018
France,2000,26007.4432303376
France,1999,24203.8755920062
France,1998,23262.7378060388
France,1997,22190.1666289941
France,1996,21268.4888069079
France,1995,20701.38123435
France,1994,19891.7454324805
France,1993,19093.8468896509
France,1992,18800.5408167592
France,1991,18197.5277347283
France,1990,17474.7533591153
France,1989,
France,1988,
France,1987,
France,1986,
France,1985,
France,1984,
France,1983,
France,1982,
France,1981,
France,1980,
France,1979,
France,1978,
France,1977,
France,1976,
France,1975,
France,1974,
France,1973,
France,1972,
France,1971,
France,1970,
France,1969,
France,1968,
France,1967,
France,1966,
France,1965,
France,1964,
France,1963,
France,1962,
France,1961,
France,1960,
French Polynesia,2025,
French Polynesia,2024,
French Polynesia,2023,
French Polynesia,2022,
French Polynesia,2021,
French Polynesia,2020,
French Polynesia,2019,
French Polynesia,2018,
French Polynesia,2017,
French Polynesia,2016,
French Polynesia,2015,
French Polynesia,2014,
French Polynesia,2013,
French Polynesia,2012,
French Polynesia,2011,
French Polynesia,2010,
French Polynesia,2009,
French Polynesia,2008,
French Polynesia,2007,
French Polynesia,2006,
French Polynesia,2005,
French Polynesia,2004,
French Polynesia,2003,
French Polynesia,2002,
French Polynesia,2001,
French Polynesia,2000,
French Polynesia,1999,
French Polynesia,1998,
French Polynesia,1997,
French Polynesia,1996,
French Polynesia,1995,
French Polynesia,1994,
French Polynesia,1993,
French Polynesia,1992,
French Polynesia,1991,
French Polynesia,1990,
French Polynesia,1989,
French Polynesia,1988,
French Polynesia,1987,
French Polynesia,1986,
French Polynesia,1985,
French Polynesia,1984,
French Polynesia,1983,
French Polynesia,1982,
French Polynesia,1981,
French Polynesia,1980,
French Polynesia,1979,
French Polynesia,1978,
French Polynesia,1977,
French Polynesia,1976,
French Polynesia,1975,
French Polynesia,1974,
French Polynesia,1973,
French Polynesia,1972,
French Polynesia,1971,
French Polynesia,1970,
French Polynesia,1969,
French Polynesia,1968,
French Polynesia,1967,
French Polynesia,1966,
French Polynesia,1965,
French Polynesia,1964,
French Polynesia,1963,
French Polynesia,1962,
French Polynesia,1961,
French Polynesia,1960,
Gabon,2025,22218.341068445
Gabon,2024,21541.4112646776
Gabon,2023,20772.7726890351
Gabon,2022,19989.3886367516
Gabon,2021,18523.5798032135
Gabon,2020,14477.1308291818
Gabon,2019,15949.6373739622
Gabon,2018,15432.0430535353
Gabon,2017,14796.6286374171
Gabon,2016,13997.7352841911
Gabon,2015,14306.4340768252
Gabon,2014,14853.6712460355
Gabon,2013,14497.9921216902
Gabon,2012,14619.7181445113
Gabon,2011,14784.3483551883
Gabon,2010,14014.6905486542
Gabon,2009,13383.5662274528
Gabon,2008,13733.7012857277
Gabon,2007,14391.2465862106
Gabon,2006,13637.2590189783
Gabon,2005,14028.3562078236
Gabon,2004,13637.6667972259
Gabon,2003,13564.1804140411
Gabon,2002,13369.1233371634
Gabon,2001,13555.6285396266
Gabon,2000,13326.1169516683
Gabon,1999,13628.8627461124
Gabon,1998,15137.8041473146
Gabon,1997,14837.4271322386
Gabon,1996,14146.6570723847
Gabon,1995,13750.1072318772
Gabon,1994,13163.5304267935
Gabon,1993,12756.9147785446
Gabon,1992,12311.9638125682
Gabon,1991,12760.1824006158
Gabon,1990,11952.024362398
Gabon,1989,
Gabon,1988,
Gabon,1987,
Gabon,1986,
Gabon,1985,
Gabon,1984,
Gabon,1983,
Gabon,1982,
Gabon,1981,
Gabon,1980,
Gabon,1979,
Gabon,1978,
Gabon,1977,
Gabon,1976,
Gabon,1975,
Gabon,1974,
Gabon,1973,
Gabon,1972,
Gabon,1971,
Gabon,1970,
Gabon,1969,
Gabon,1968,
Gabon,1967,
Gabon,1966,
Gabon,1965,
Gabon,1964,
Gabon,1963,
Gabon,1962,
Gabon,1961,
Gabon,1960,
"Gambia, The",2025,3705.64184038599
"Gambia, The",2024,3480.66001035486
"Gambia, The",2023,3291.84381275128
"Gambia, The",2022,3066.82429529872
"Gambia, The",2021,2777.79620978324
"Gambia, The",2020,2530.80414937307
"Gambia, The",2019,2421.72318070615
"Gambia, The",2018,2277.44236224191
"Gambia, The",2017,2038.95429850128
"Gambia, The",2016,2012.67648180251
"Gambia, The",2015,1990.31625750973
"Gambia, The",2014,1933.70329718446
"Gambia, The",2013,2006.74081646788
"Gambia, The",2012,2064.81438121612
"Gambia, The",2011,2064.253852883
"Gambia, The",2010,2266.82898231034
"Gambia, The",2009,2177.05344697792
"Gambia, The",2008,2088.27166121666
"Gambia, The",2007,1985.04025234188
"Gambia, The",2006,1930.81888538785
"Gambia, The",2005,1938.023627406
"Gambia, The",2004,1978.63262691527
"Gambia, The",2003,1849.78337004063
"Gambia, The",2002,1743.69432508232
"Gambia, The",2001,1822.9796510717
"Gambia, The",2000,1731.33847639528
"Gambia, The",1999,1649.279525729
"Gambia, The",1998,1571.50459230427
"Gambia, The",1997,1544.21196765599
"Gambia, The",1996,1488.80055391807
"Gambia, The",1995,1472.19762501295
"Gambia, The",1994,1472.55485665789
"Gambia, The",1993,1486.62332143332
"Gambia, The",1992,1462.3868892565
"Gambia, The",1991,1440.43973895088
"Gambia, The",1990,1409.32721898578
"Gambia, The",1989,
"Gambia, The",1988,
"Gambia, The",1987,
"Gambia, The",1986,
"Gambia, The",1985,
"Gambia, The",1984,
"Gambia, The",1983,
"Gambia, The",1982,
"Gambia, The",1981,
"Gambia, The",1980,
"Gambia, The",1979,
"Gambia, The",1978,
"Gambia, The",1977,
"Gambia, The",1976,
"Gambia, The",1975,
"Gambia, The",1974,
"Gambia, The",1973,
"Gambia, The",1972,
"Gambia, The",1971,
"Gambia, The",1970,
"Gambia, The",1969,
"Gambia, The",1968,
"Gambia, The",1967,
"Gambia, The",1966,
"Gambia, The",1965,
"Gambia, The",1964,
"Gambia, The",1963,
"Gambia, The",1962,
"Gambia, The",1961,
"Gambia, The",1960,
Georgia,2025,29414.3813424216
Georgia,2024,27486.8762116648
Georgia,2023,25092.632631604
Georgia,2022,22457.7729614408
Georgia,2021,18915.6534005263
Georgia,2020,16791.2598654465
Georgia,2019,16770.1333771469
Georgia,2018,15021.9057577433
Georgia,2017,13718.9378669764
Georgia,2016,13065.294157468
Georgia,2015,12269.6528932768
Georgia,2014,11770.6989360253
Georgia,2013,10797.3423273476
Georgia,2012,10059.9820603954
Georgia,2011,8563.83554915647
Georgia,2010,7711.80683864286
Georgia,2009,7119.14279089125
Georgia,2008,7278.66312168313
Georgia,2007,6951.08584236976
Georgia,2006,5980.44390491668
Georgia,2005,5271.9509525732
Georgia,2004,4634.77757598091
Georgia,2003,4239.93841369693
Georgia,2002,3718.68693247662
Georgia,2001,3440.72817934626
Georgia,2000,3161.19582479124
Georgia,1999,2976.85797322447
Georgia,1998,2795.39447693393
Georgia,1997,2615.64621072144
Georgia,1996,2253.09523333179
Georgia,1995,1918.76988590035
Georgia,1994,1764.24469897723
Georgia,1993,1898.37119625697
Georgia,1992,2643.17836196899
Georgia,1991,4726.62230985566
Georgia,1990,5835.58091348873
Georgia,1989,
Georgia,1988,
Georgia,1987,
Georgia,1986,
Georgia,1985,
Georgia,1984,
Georgia,1983,
Georgia,1982,
Georgia,1981,
Georgia,1980,
Georgia,1979,
Georgia,1978,
Georgia,1977,
Georgia,1976,
Georgia,1975,
Georgia,1974,
Georgia,1973,
Georgia,1972,
Georgia,1971,
Georgia,1970,
Georgia,1969,
Georgia,1968,
Georgia,1967,
Georgia,1966,
Georgia,1965,
Georgia,1964,
Georgia,1963,
Georgia,1962,
Georgia,1961,
Georgia,1960,
Germany,2025,75406.6888111618
Germany,2024,73957.0012170966
Germany,2023,72262.2235142279
Germany,2022,69669.6495435563
Germany,2021,62630.7748127737
Germany,2020,58704.5861986404
Germany,2019,59310.9693966204
Germany,2018,56320.6026829454
Germany,2017,54142.7414864571
Germany,2016,51555.3799963446
Germany,2015,48567.1117562648
Germany,2014,47927.5555323465
Germany,2013,45876.2138041716
Germany,2012,44212.02071657
Germany,2011,43384.1299848762
Germany,2010,39713.9503169931
Germany,2009,37560.4365631565
Germany,2008,38437.6006682053
Germany,2007,36914.0023792935
Germany,2006,34741.3353426224
Germany,2005,32313.736788417
Germany,2004,31753.1720592803
Germany,2003,30301.4017692833
Germany,2002,29513.6823267102
Germany,2001,28674.1682823146
Germany,2000,27473.6669767024
Germany,1999,26517.9342856214
Germany,1998,25445.8585366297
Germany,1997,24649.4588738256
Germany,1996,24169.0699436833
Germany,1995,23630.5518935199
Germany,1994,22869.2124447891
Germany,1993,21900.1979136537
Germany,1992,21745.8178030582
Germany,1991,21000.6955481553
Germany,1990,19467.8150314767
Germany,1989,
Germany,1988,
Germany,1987,
Germany,1986,
Germany,1985,
Germany,1984,
Germany,1983,
Germany,1982,
Germany,1981,
Germany,1980,
Germany,1979,
Germany,1978,
Germany,1977,
Germany,1976,
Germany,1975,
Germany,1974,
Germany,1973,
Germany,1972,
Germany,1971,
Germany,1970,
Germany,1969,
Germany,1968,
Germany,1967,
Germany,1966,
Germany,1965,
Germany,1964,
Germany,1963,
Germany,1962,
Germany,1961,
Germany,1960,
Ghana,2025,8610.2796922986
Ghana,2024,8051.19381149848
Ghana,2023,7562.64422849208
Ghana,2022,7207.01563645025
Ghana,2021,6607.50297378321
Ghana,2020,6047.30111673554
Ghana,2019,6002.55044678386
Ghana,2018,5536.49795400218
Ghana,2017,5170.96094857439
Ghana,2016,5011.07931572904
Ghana,2015,5191.37053389659
Ghana,2014,5517.13178763566
Ghana,2013,5214.56935848794
Ghana,2012,4933.65254349093
Ghana,2011,4381.12535523694
Ghana,2010,3855.46891704158
Ghana,2009,3617.23944438667
Ghana,2008,3515.58923507839
Ghana,2007,3241.22081093753
Ghana,2006,3103.2262582216
Ghana,2005,2903.83429041493
Ghana,2004,2729.34450247039
Ghana,2003,2584.47723727258
Ghana,2002,2475.09635352672
Ghana,2001,2397.30067039665
Ghana,2000,2315.1780303943
Ghana,1999,2238.6652326082
Ghana,1998,2166.64663091
Ghana,1997,2096.76500280627
Ghana,1996,2025.83267065922
Ghana,1995,1946.82217274556
Ghana,1994,1875.26172708223
Ghana,1993,1820.65329622669
Ghana,1992,1738.64019037244
Ghana,1991,1677.6057533672
Ghana,1990,1580.65048837786
Ghana,1989,
Ghana,1988,
Ghana,1987,
Ghana,1986,
Ghana,1985,
Ghana,1984,
Ghana,1983,
Ghana,1982,
Ghana,1981,
Ghana,1980,
Ghana,1979,
Ghana,1978,
Ghana,1977,
Ghana,1976,
Ghana,1975,
Ghana,1974,
Ghana,1973,
Ghana,1972,
Ghana,1971,
Ghana,1970,
Ghana,1969,
Ghana,1968,
Ghana,1967,
Ghana,1966,
Ghana,1965,
Ghana,1964,
Ghana,1963,
Ghana,1962,
Ghana,1961,
Ghana,1960,
Gibraltar,2025,
Gibraltar,2024,
Gibraltar,2023,
Gibraltar,2022,
Gibraltar,2021,
Gibraltar,2020,
Gibraltar,2019,
Gibraltar,2018,
Gibraltar,2017,
Gibraltar,2016,
Gibraltar,2015,
Gibraltar,2014,
Gibraltar,2013,
Gibraltar,2012,
Gibraltar,2011,
Gibraltar,2010,
Gibraltar,2009,
Gibraltar,2008,
Gibraltar,2007,
Gibraltar,2006,
Gibraltar,2005,
Gibraltar,2004,
Gibraltar,2003,
Gibraltar,2002,
Gibraltar,2001,
Gibraltar,2000,
Gibraltar,1999,
Gibraltar,1998,
Gibraltar,1997,
Gibraltar,1996,
Gibraltar,1995,
Gibraltar,1994,
Gibraltar,1993,
Gibraltar,1992,
Gibraltar,1991,
Gibraltar,1990,
Gibraltar,1989,
Gibraltar,1988,
Gibraltar,1987,
Gibraltar,1986,
Gibraltar,1985,
Gibraltar,1984,
Gibraltar,1983,
Gibraltar,1982,
Gibraltar,1981,
Gibraltar,1980,
Gibraltar,1979,
Gibraltar,1978,
Gibraltar,1977,
Gibraltar,1976,
Gibraltar,1975,
Gibraltar,1974,
Gibraltar,1973,
Gibraltar,1972,
Gibraltar,1971,
Gibraltar,1970,
Gibraltar,1969,
Gibraltar,1968,
Gibraltar,1967,
Gibraltar,1966,
Gibraltar,1965,
Gibraltar,1964,
Gibraltar,1963,
Gibraltar,1962,
Gibraltar,1961,
Gibraltar,1960,
Greece,2025,45263.6498511586
Greece,2024,44170.9556658376
Greece,2023,42613.6574438075
Greece,2022,39447.813910406
Greece,2021,33528.2271202515
Greece,2020,29533.087740299
Greece,2019,31927.3792151369
Greece,2018,29792.0592519585
Greece,2017,28681.6815585005
Greece,2016,27504.5497984948
Greece,2015,26607.7256796976
Greece,2014,26450.181326726
Greece,2013,25730.8809006664
Greece,2012,24582.9741957507
Greece,2011,25692.5740851321
Greece,2010,27838.73639086
Greece,2009,29963.3968875108
Greece,2008,30440.9709059081
Greece,2007,28895.874926558
Greece,2006,28076.1241416392
Greece,2005,25003.8297466933
Greece,2004,24825.5735347512
Greece,2003,23252.6111362028
Greece,2002,21985.2345411071
Greece,2001,20303.9312433429
Greece,2000,18819.8544320117
Greece,1999,17758.0055742801
Greece,1998,17433.5829767675
Greece,1997,16630.4781484617
Greece,1996,15778.4020297225
Greece,1995,15217.8019629681
Greece,1994,14667.1010047956
Greece,1993,14149.5782711785
Greece,1992,14129.567617274
Greece,1991,13823.9094383428
Greece,1990,13126.2744827516
Greece,1989,
Greece,1988,
Greece,1987,
Greece,1986,
Greece,1985,
Greece,1984,
Greece,1983,
Greece,1982,
Greece,1981,
Greece,1980,
Greece,1979,
Greece,1978,
Greece,1977,
Greece,1976,
Greece,1975,
Greece,1974,
Greece,1973,
Greece,1972,
Greece,1971,
Greece,1970,
Greece,1969,
Greece,1968,
Greece,1967,
Greece,1966,
Greece,1965,
Greece,1964,
Greece,1963,
Greece,1962,
Greece,1961,
Greece,1960,
Greenland,2025,
Greenland,2024,
Greenland,2023,78905.5801137274
Greenland,2022,75708.4296211883
Greenland,2021,69302.0088788237
Greenland,2020,64999.4435683064
Greenland,2019,64264.0564607393
Greenland,2018,61806.8271308174
Greenland,2017,60010.0982907298
Greenland,2016,58908.5907726517
Greenland,2015,55815.6502896781
Greenland,2014,56555.0690664102
Greenland,2013,52893.650357143
Greenland,2012,52389.3253513734
Greenland,2011,50653.0585931281
Greenland,2010,50190.8817878253
Greenland,2009,48924.7640868414
Greenland,2008,48203.1230640805
Greenland,2007,44366.4315150046
Greenland,2006,42039.7937949821
Greenland,2005,38527.0850334955
Greenland,2004,35604.3390659744
Greenland,2003,32516.0413749783
Greenland,2002,30618.002785792
Greenland,2001,30561.7998297969
Greenland,2000,29616.159742598
Greenland,1999,27080.8611275929
Greenland,1998,26340.0521691754
Greenland,1997,24215.2163474914
Greenland,1996,23502.0727205072
Greenland,1995,22772.5642042937
Greenland,1994,21619.3510857938
Greenland,1993,20092.0955062924
Greenland,1992,20628.5739842657
Greenland,1991,21178.872439694
Greenland,1990,20472.4556684763
Greenland,1989,
Greenland,1988,
Greenland,1987,
Greenland,1986,
Greenland,1985,
Greenland,1984,
Greenland,1983,
Greenland,1982,
Greenland,1981,
Greenland,1980,
Greenland,1979,
Greenland,1978,
Greenland,1977,
Greenland,1976,
Greenland,1975,
Greenland,1974,
Greenland,1973,
Greenland,1972,
Greenland,1971,
Greenland,1970,
Greenland,1969,
Greenland,1968,
Greenland,1967,
Greenland,1966,
Greenland,1965,
Greenland,1964,
Greenland,1963,
Greenland,1962,
Greenland,1961,
Greenland,1960,
Grenada,2025,21345.9653408221
Grenada,2024,19903.184889337
Grenada,2023,18986.3762946619
Grenada,2022,17541.2011831673
Grenada,2021,15290.250903138
Grenada,2020,14361.1267154452
Grenada,2019,16446.1138871871
Grenada,2018,15974.8591933124
Grenada,2017,15041.4525712067
Grenada,2016,13977.5055879135
Grenada,2015,13214.4096644941
Grenada,2014,12228.6481055395
Grenada,2013,11199.4040197944
Grenada,2012,10575.1056268616
Grenada,2011,10591.7475649916
Grenada,2010,10344.3839185812
Grenada,2009,10303.3432603809
Grenada,2008,11000.7523573421
Grenada,2007,10727.6792050256
Grenada,2006,9876.61669565664
Grenada,2005,10016.347973437
Grenada,2004,8605.82398547199
Grenada,2003,8469.08752652396
Grenada,2002,7620.67387730444
Grenada,2001,7282.70841991632
Grenada,2000,7305.72456172474
Grenada,1999,6857.18705270625
Grenada,1998,6368.01229361051
Grenada,1997,5673.2552414522
Grenada,1996,5346.72504043592
Grenada,1995,5062.0755368311
Grenada,1994,4889.14717119519
Grenada,1993,4741.97582734737
Grenada,1992,4760.99863887579
Grenada,1991,4732.56296744156
Grenada,1990,4552.95522193716
Grenada,1989,
Grenada,1988,
Grenada,1987,
Grenada,1986,
Grenada,1985,
Grenada,1984,
Grenada,1983,
Grenada,1982,
Grenada,1981,
Grenada,1980,
Grenada,1979,
Grenada,1978,
Grenada,1977,
Grenada,1976,
Grenada,1975,
Grenada,1974,
Grenada,1973,
Grenada,1972,
Grenada,1971,
Grenada,1970,
Grenada,1969,
Grenada,1968,
Grenada,1967,
Grenada,1966,
Grenada,1965,
Grenada,1964,
Grenada,1963,
Grenada,1962,
Grenada,1961,
Grenada,1960,
Guam,2025,
Guam,2024,
Guam,2023,
Guam,2022,
Guam,2021,
Guam,2020,
Guam,2019,
Guam,2018,
Guam,2017,
Guam,2016,
Guam,2015,
Guam,2014,
Guam,2013,
Guam,2012,
Guam,2011,
Guam,2010,
Guam,2009,
Guam,2008,
Guam,2007,
Guam,2006,
Guam,2005,
Guam,2004,
Guam,2003,
Guam,2002,
Guam,2001,
Guam,2000,
Guam,1999,
Guam,1998,
Guam,1997,
Guam,1996,
Guam,1995,
Guam,1994,
Guam,1993,
Guam,1992,
Guam,1991,
Guam,1990,
Guam,1989,
Guam,1988,
Guam,1987,
Guam,1986,
Guam,1985,
Guam,1984,
Guam,1983,
Guam,1982,
Guam,1981,
Guam,1980,
Guam,1979,
Guam,1978,
Guam,1977,
Guam,1976,
Guam,1975,
Guam,1974,
Guam,1973,
Guam,1972,
Guam,1971,
Guam,1970,
Guam,1969,
Guam,1968,
Guam,1967,
Guam,1966,
Guam,1965,
Guam,1964,
Guam,1963,
Guam,1962,
Guam,1961,
Guam,1960,
Guatemala,2025,15197.0831415082
Guatemala,2024,14393.0528302577
Guatemala,2023,13751.6084364487
Guatemala,2022,13008.2565459863
Guatemala,2021,11825.141273764
Guatemala,2020,10947.3711292197
Guatemala,2019,10755.8801029589
Guatemala,2018,9946.80252245268
Guatemala,2017,9560.1778346272
Guatemala,2016,9201.42836046357
Guatemala,2015,8934.00261178392
Guatemala,2014,8236.65929901848
Guatemala,2013,7699.94541247252
Guatemala,2012,7258.31667467883
Guatemala,2011,6784.44712953621
Guatemala,2010,6510.0998092869
Guatemala,2009,6376.74106304334
Guatemala,2008,6434.50703723393
Guatemala,2007,6238.33976920384
Guatemala,2006,5833.38691805117
Guatemala,2005,5486.27776981771
Guatemala,2004,5263.44654916003
Guatemala,2003,5081.38005581936
Guatemala,2002,4969.25744933912
Guatemala,2001,4821.5459849048
Guatemala,2000,4714.96666184452
Guatemala,1999,4556.92065196294
Guatemala,1998,4437.12460754114
Guatemala,1997,4287.43247775116
Guatemala,1996,4143.14829374068
Guatemala,1995,4055.43865279352
Guatemala,1994,3886.33368457026
Guatemala,1993,3756.26912812402
Guatemala,1992,3626.11530297821
Guatemala,1991,3472.76308798815
Guatemala,1990,3329.59677081729
Guatemala,1989,
Guatemala,1988,
Guatemala,1987,
Guatemala,1986,
Guatemala,1985,
Guatemala,1984,
Guatemala,1983,
Guatemala,1982,
Guatemala,1981,
Guatemala,1980,
Guatemala,1979,
Guatemala,1978,
Guatemala,1977,
Guatemala,1976,
Guatemala,1975,
Guatemala,1974,
Guatemala,1973,
Guatemala,1972,
Guatemala,1971,
Guatemala,1970,
Guatemala,1969,
Guatemala,1968,
Guatemala,1967,
Guatemala,1966,
Guatemala,1965,
Guatemala,1964,
Guatemala,1963,
Guatemala,1962,
Guatemala,1961,
Guatemala,1960,
Guinea,2025,4934.65125959855
Guinea,2024,4571.93087130821
Guinea,2023,4337.3181486001
Guinea,2022,4061.71755990026
Guinea,2021,3738.8051255133
Guinea,2020,3331.85663003801
Guinea,2019,3105.82789015443
Guinea,2018,2844.46427670549
Guinea,2017,2687.09504827171
Guinea,2016,2255.32617992615
Guinea,2015,1929.68091332187
Guinea,2014,1873.21413058957
Guinea,2013,1842.00227737409
Guinea,2012,1789.97473033561
Guinea,2011,1705.27110438049
Guinea,2010,1621.69161135943
Guinea,2009,1566.70089249337
Guinea,2008,1613.69884513243
Guinea,2007,1557.58584862341
Guinea,2006,1452.96083165023
Guinea,2005,1422.35088197753
Guinea,2004,1366.031602403
Guinea,2003,1327.96776540082
Guinea,2002,1315.36669368896
Guinea,2001,1250.97059721192
Guinea,2000,1195.80611449186
Guinea,1999,1163.36009308546
Guinea,1998,1130.04303852526
Guinea,1997,1098.66868511853
Guinea,1996,1048.15823911483
Guinea,1995,1013.63232368326
Guinea,1994,975.980022957998
Guinea,1993,947.058235584593
Guinea,1992,907.939406409737
Guinea,1991,887.470959947261
Guinea,1990,870.744222671805
Guinea,1989,
Guinea,1988,
Guinea,1987,
Guinea,1986,
Guinea,1985,
Guinea,1984,
Guinea,1983,
Guinea,1982,
Guinea,1981,
Guinea,1980,
Guinea,1979,
Guinea,1978,
Guinea,1977,
Guinea,1976,
Guinea,1975,
Guinea,1974,
Guinea,1973,
Guinea,1972,
Guinea,1971,
Guinea,1970,
Guinea,1969,
Guinea,1968,
Guinea,1967,
Guinea,1966,
Guinea,1965,
Guinea,1964,
Guinea,1963,
Guinea,1962,
Guinea,1961,
Guinea,1960,
Guinea-Bissau,2025,3293.09532269486
Guinea-Bissau,2024,3093.46533465682
Guinea-Bissau,2023,2955.52345541775
Guinea-Bissau,2022,2785.7846268362
Guinea-Bissau,2021,2522.12869240841
Guinea-Bissau,2020,2339.79956661743
Guinea-Bissau,2019,2247.29524698075
Guinea-Bissau,2018,2057.96969129146
Guinea-Bissau,2017,2081.81287227685
Guinea-Bissau,2016,1824.3730977071
Guinea-Bissau,2015,1729.94260310123
Guinea-Bissau,2014,1455.90813665193
Guinea-Bissau,2013,1415.82511935379
Guinea-Bissau,2012,1401.84994044148
Guinea-Bissau,2011,1471.76279879072
Guinea-Bissau,2010,1369.68917061645
Guinea-Bissau,2009,1314.97078663276
Guinea-Bissau,2008,1308.535566951
Guinea-Bissau,2007,1259.60560683946
Guinea-Bissau,2006,1225.91824577498
Guinea-Bissau,2005,1186.62631353762
Guinea-Bissau,2004,1105.34322842302
Guinea-Bissau,2003,1088.74265674522
Guinea-Bissau,2002,1095.22305831166
Guinea-Bissau,2001,1063.57228309347
Guinea-Bissau,2000,1013.97349179804
Guinea-Bissau,1999,1000.60568709777
Guinea-Bissau,1998,860.790008666119
Guinea-Bissau,1997,1118.23355976905
Guinea-Bissau,1996,1052.05187955144
Guinea-Bissau,1995,945.246706186028
Guinea-Bissau,1994,909.486584478428
Guinea-Bissau,1993,889.989243413362
Guinea-Bissau,1992,880.086564525042
Guinea-Bissau,1991,876.544183882049
Guinea-Bissau,1990,824.102250641541
Guinea-Bissau,1989,
Guinea-Bissau,1988,
Guinea-Bissau,1987,
Guinea-Bissau,1986,
Guinea-Bissau,1985,
Guinea-Bissau,1984,
Guinea-Bissau,1983,
Guinea-Bissau,1982,
Guinea-Bissau,1981,
Guinea-Bissau,1980,
Guinea-Bissau,1979,
Guinea-Bissau,1978,
Guinea-Bissau,1977,
Guinea-Bissau,1976,
Guinea-Bissau,1975,
Guinea-Bissau,1974,
Guinea-Bissau,1973,
Guinea-Bissau,1972,
Guinea-Bissau,1971,
Guinea-Bissau,1970,
Guinea-Bissau,1969,
Guinea-Bissau,1968,
Guinea-Bissau,1967,
Guinea-Bissau,1966,
Guinea-Bissau,1965,
Guinea-Bissau,1964,
Guinea-Bissau,1963,
Guinea-Bissau,1962,
Guinea-Bissau,1961,
Guinea-Bissau,1960,
Guyana,2025,97899.0116180627
Guyana,2024,80271.4254322872
Guyana,2023,54774.145474106
Guyana,2022,39704.6761521236
Guyana,2021,22865.9270968882
Guyana,2020,16819.4228714695
Guyana,2019,13240.9713761155
Guyana,2018,12442.5087185876
Guyana,2017,12243.2225968541
Guyana,2016,11516.3798289577
Guyana,2015,11408.473901349
Guyana,2014,11145.0291198724
Guyana,2013,11199.8874744089
Guyana,2012,10626.8256674463
Guyana,2011,10066.0729753598
Guyana,2010,9336.59830182084
Guyana,2009,8824.48960171335
Guyana,2008,8436.51438412778
Guyana,2007,8110.0299986261
Guyana,2006,7345.94028216451
Guyana,2005,6761.1179840766
Guyana,2004,6672.82299443747
Guyana,2003,6392.3331579454
Guyana,2002,6303.90372186559
Guyana,2001,6131.29683025741
Guyana,2000,5859.91791882554
Guyana,1999,5811.99970743376
Guyana,1998,5572.67440828781
Guyana,1997,5614.71289990671
Guyana,1996,5209.99477136454
Guyana,1995,4752.6524053048
Guyana,1994,4447.10079747018
Guyana,1993,4027.04772354172
Guyana,1992,3651.32451440912
Guyana,1991,3322.03615261656
Guyana,1990,3021.60951480179
Guyana,1989,
Guyana,1988,
Guyana,1987,
Guyana,1986,
Guyana,1985,
Guyana,1984,
Guyana,1983,
Guyana,1982,
Guyana,1981,
Guyana,1980,
Guyana,1979,
Guyana,1978,
Guyana,1977,
Guyana,1976,
Guyana,1975,
Guyana,1974,
Guyana,1973,
Guyana,1972,
Guyana,1971,
Guyana,1970,
Guyana,1969,
Guyana,1968,
Guyana,1967,
Guyana,1966,
Guyana,1965,
Guyana,1964,
Guyana,1963,
Guyana,1962,
Guyana,1961,
Guyana,1960,
Haiti,2025,3133.72347930529
Haiti,2024,3168.87908307377
Haiti,2023,3264.65805430675
Haiti,2022,3245.27176023069
Haiti,2021,3116.56505397604
Haiti,2020,3103.18066312462
Haiti,2019,3236.97492504607
Haiti,2018,3196.97386370614
Haiti,2017,3339.38884653446
Haiti,2016,3253.47178641614
Haiti,2015,3025.83461728258
Haiti,2014,3075.73843837062
Haiti,2013,3042.4970687871
Haiti,2012,2830.19080559709
Haiti,2011,2858.19645979435
Haiti,2010,2694.91104128509
Haiti,2009,2855.1597138836
Haiti,2008,2724.45922817022
Haiti,2007,2647.49538602344
Haiti,2006,2503.6593268342
Haiti,2005,2427.44808549398
Haiti,2004,2322.19786800503
Haiti,2003,2330.91873931676
Haiti,2002,2247.97896609888
Haiti,2001,2229.84396724788
Haiti,2000,2228.50133629981
Haiti,1999,2200.58953477759
Haiti,1998,2152.0036629755
Haiti,1997,2121.84940074947
Haiti,1996,2069.6145412464
Haiti,1995,1989.01647371951
Haiti,1994,1806.82303584873
Haiti,1993,2048.24345331222
Haiti,1992,2157.59713302236
Haiti,1991,2272.76227173306
Haiti,1990,2202.22774724999
Haiti,1989,
Haiti,1988,
Haiti,1987,
Haiti,1986,
Haiti,1985,
Haiti,1984,
Haiti,1983,
Haiti,1982,
Haiti,1981,
Haiti,1980,
Haiti,1979,
Haiti,1978,
Haiti,1977,
Haiti,1976,
Haiti,1975,
Haiti,1974,
Haiti,1973,
Haiti,1972,
Haiti,1971,
Haiti,1970,
Haiti,1969,
Haiti,1968,
Haiti,1967,
Haiti,1966,
Haiti,1965,
Haiti,1964,
Haiti,1963,
Haiti,1962,
Haiti,1961,
Haiti,1960,
Honduras,2025,7871.09129065536
Honduras,2024,7502.56902428309
Honduras,2023,7184.25562362375
Honduras,2022,6804.41504589356
Honduras,2021,6202.98078812037
Honduras,2020,5384.69831983038
Honduras,2019,5784.93081057111
Honduras,2018,5633.3832384519
Honduras,2017,5620.65455247733
Honduras,2016,5186.15897417161
Honduras,2015,4845.59566521125
Honduras,2014,4460.05742833175
Honduras,2013,4137.3268237781
Honduras,2012,4016.34609101801
Honduras,2011,3900.71136173338
Honduras,2010,3757.54642050171
Honduras,2009,3655.79701386776
Honduras,2008,3806.34706360414
Honduras,2007,3664.08828479199
Honduras,2006,3437.62296346881
Honduras,2005,3203.9591898809
Honduras,2004,3001.29671322779
Honduras,2003,2820.71404421458
Honduras,2002,2714.56632013696
Honduras,2001,2645.2547755765
Honduras,2000,2587.42253921429
Honduras,1999,2372.18211388103
Honduras,1998,2152.23523417293
Honduras,1997,1958.70374620716
Honduras,1996,1617.38460445791
Honduras,1995,1328.73446232294
Honduras,1994,1073.88620740723
Honduras,1993,838.387399036541
Honduras,1992,741.448948020675
Honduras,1991,684.014911094845
Honduras,1990,540.018768802784
Honduras,1989,
Honduras,1988,
Honduras,1987,
Honduras,1986,
Honduras,1985,
Honduras,1984,
Honduras,1983,
Honduras,1982,
Honduras,1981,
Honduras,1980,
Honduras,1979,
Honduras,1978,
Honduras,1977,
Honduras,1976,
Honduras,1975,
Honduras,1974,
Honduras,1973,
Honduras,1972,
Honduras,1971,
Honduras,1970,
Honduras,1969,
Honduras,1968,
Honduras,1967,
Honduras,1966,
Honduras,1965,
Honduras,1964,
Honduras,1963,
Honduras,1962,
Honduras,1961,
Honduras,1960,
"Hong Kong SAR, China",2025,80422.8129947646
"Hong Kong SAR, China",2024,75341.6985534061
"Hong Kong SAR, China",2023,71519.1754897022
"Hong Kong SAR, China",2022,68590.1858741565
"Hong Kong SAR, China",2021,65884.9376260603
"Hong Kong SAR, China",2020,58187.4764072535
"Hong Kong SAR, China",2019,61221.4195400701
"Hong Kong SAR, China",2018,60900.2752924537
"Hong Kong SAR, China",2017,59260.9131761938
"Hong Kong SAR, China",2016,56761.4824132224
"Hong Kong SAR, China",2015,56043.042695697
"Hong Kong SAR, China",2014,54514.9268059819
"Hong Kong SAR, China",2013,53517.419549888
"Hong Kong SAR, China",2012,52149.6812694206
"Hong Kong SAR, China",2011,52277.4664432843
"Hong Kong SAR, China",2010,49197.6650885079
"Hong Kong SAR, China",2009,45861.4865037319
"Hong Kong SAR, China",2008,46830.2181612133
"Hong Kong SAR, China",2007,45257.6224892532
"Hong Kong SAR, China",2006,41745.467056778
"Hong Kong SAR, China",2005,38079.5516669077
"Hong Kong SAR, China",2004,34532.2416361523
"Hong Kong SAR, China",2003,31178.6863622724
"Hong Kong SAR, China",2002,29609.7614491502
"Hong Kong SAR, China",2001,28808.7982429248
"Hong Kong SAR, China",2000,28224.4979989135
"Hong Kong SAR, China",1999,25861.8043038034
"Hong Kong SAR, China",1998,25116.0849971922
"Hong Kong SAR, China",1997,26610.5629212002
"Hong Kong SAR, China",1996,25098.2130342066
"Hong Kong SAR, China",1995,24713.2040083584
"Hong Kong SAR, China",1994,24117.2652347223
"Hong Kong SAR, China",1993,22776.1128375477
"Hong Kong SAR, China",1992,21312.5956176911
"Hong Kong SAR, China",1991,19780.1383061028
"Hong Kong SAR, China",1990,18251.7091298869
"Hong Kong SAR, China",1989,
"Hong Kong SAR, China",1988,
"Hong Kong SAR, China",1987,
"Hong Kong SAR, China",1986,
"Hong Kong SAR, China",1985,
"Hong Kong SAR, China",1984,
"Hong Kong SAR, China",1983,
"Hong Kong SAR, China",1982,
"Hong Kong SAR, China",1981,
"Hong Kong SAR, China",1980,
"Hong Kong SAR, China",1979,
"Hong Kong SAR, China",1978,
"Hong Kong SAR, China",1977,
"Hong Kong SAR, China",1976,
"Hong Kong SAR, China",1975,
"Hong Kong SAR, China",1974,
"Hong Kong SAR, China",1973,
"Hong Kong SAR, China",1972,
"Hong Kong SAR, China",1971,
"Hong Kong SAR, China",1970,
"Hong Kong SAR, China",1969,
"Hong Kong SAR, China",1968,
"Hong Kong SAR, China",1967,
"Hong Kong SAR, China",1966,
"Hong Kong SAR, China",1965,
"Hong Kong SAR, China",1964,
"Hong Kong SAR, China",1963,
"Hong Kong SAR, China",1962,
"Hong Kong SAR, China",1961,
"Hong Kong SAR, China",1960,
Hungary,2025,49837.6008411067
Hungary,2024,48540.1614792293
Hungary,2023,46376.1979062264
Hungary,2022,44232.4363539167
Hungary,2021,38887.1909527154
Hungary,2020,35583.5855675637
Hungary,2019,35627.2315520858
Hungary,2018,32258.2577892511
Hungary,2017,29728.0121568801
Hungary,2016,28178.9450366919
Hungary,2015,26937.7320818864
Hungary,2014,25796.2100959256
Hungary,2013,24591.6380503055
Hungary,2012,23205.310668404
Hungary,2011,22992.2184657584
Hungary,2010,21690.9866477738
Hungary,2009,20691.4485224486
Hungary,2008,20708.7615120316
Hungary,2007,19089.2936988152
Hungary,2006,18361.9963871537
Hungary,2005,17091.2761318193
Hungary,2004,16250.6523854316
Hungary,2003,15459.9630651172
Hungary,2002,14532.3075182088
Hungary,2001,13222.7298612624
Hungary,2000,11871.6712053699
Hungary,1999,10892.4856104468
Hungary,1998,10415.2905886577
Hungary,1997,9846.43441638411
Hungary,1996,9387.57595434634
Hungary,1995,9222.18538242597
Hungary,1994,8887.84236113025
Hungary,1993,8441.35306660172
Hungary,1992,8284.22702640089
Hungary,1991,8352.41137095729
Hungary,1990,9169.12684131118
Hungary,1989,
Hungary,1988,
Hungary,1987,
Hungary,1986,
Hungary,1985,
Hungary,1984,
Hungary,1983,
Hungary,1982,
Hungary,1981,
Hungary,1980,
Hungary,1979,
Hungary,1978,
Hungary,1977,
Hungary,1976,
Hungary,1975,
Hungary,1974,
Hungary,1973,
Hungary,1972,
Hungary,1971,
Hungary,1970,
Hungary,1969,
Hungary,1968,
Hungary,1967,
Hungary,1966,
Hungary,1965,
Hungary,1964,
Hungary,1963,
Hungary,1962,
Hungary,1961,
Hungary,1960,
Iceland,2025,83431.2131434311
Iceland,2024,83561.4294628375
Iceland,2023,82256.5277425273
Iceland,2022,76592.3392429534
Iceland,2021,62720.7916832797
Iceland,2020,56840.7423583166
Iceland,2019,61270.1315624391
Iceland,2018,58105.5882495515
Iceland,2017,56385.0430004634
Iceland,2016,54227.6848099073
Iceland,2015,49715.8375969779
Iceland,2014,46471.9845659755
Iceland,2013,44738.1187219778
Iceland,2012,42551.872453959
Iceland,2011,41400.4726589773
Iceland,2010,40260.0559748728
Iceland,2009,42069.8628429175
Iceland,2008,44147.376523814
Iceland,2007,42060.4907821683
Iceland,2006,40160.5138610576
Iceland,2005,37972.6116701786
Iceland,2004,35969.5630579971
Iceland,2003,33084.1048784252
Iceland,2002,32949.3457596028
Iceland,2001,32224.9092753831
Iceland,2000,30167.1825544569
Iceland,1999,29970.8486522318
Iceland,1998,29175.5584341091
Iceland,1997,27396.6794097608
Iceland,1996,25645.374323262
Iceland,1995,24791.6015114048
Iceland,1994,24386.1266258638
Iceland,1993,23245.2978034086
Iceland,1992,22641.7450193353
Iceland,1991,23199.9494587477
Iceland,1990,22753.5346998053
Iceland,1989,
Iceland,1988,
Iceland,1987,
Iceland,1986,
Iceland,1985,
Iceland,1984,
Iceland,1983,
Iceland,1982,
Iceland,1981,
Iceland,1980,
Iceland,1979,
Iceland,1978,
Iceland,1977,
Iceland,1976,
Iceland,1975,
Iceland,1974,
Iceland,1973,
Iceland,1972,
Iceland,1971,
Iceland,1970,
Iceland,1969,
Iceland,1968,
Iceland,1967,
Iceland,1966,
Iceland,1965,
Iceland,1964,
Iceland,1963,
Iceland,1962,
Iceland,1961,
Iceland,1960,
India,2025,11747.9160436011
India,2024,10718.5934040662
India,2023,9853.04309264591
India,2022,8941.09277447514
India,2021,7818.65701757504
India,2020,6766.06119055994
India,2019,6945.40309824538
India,2018,6521.97490856972
India,2017,5968.11490280172
India,2016,5633.77275665841
India,2015,5269.11774528716
India,2014,5042.38256477318
India,2013,4870.23562464539
India,2012,4681.12393706313
India,2011,4326.67118367021
India,2010,4085.5641012345
India,2009,3774.87966856294
India,2008,3528.94302493162
India,2007,3407.23838129709
India,2006,3128.06450193583
India,2005,2852.39802783007
India,2004,2604.78313814891
India,2003,2390.73827838828
India,2002,2211.62562513784
India,2001,2136.32325134947
India,2000,2030.76576304986
India,1999,1948.6115821023
India,1998,1799.16740209399
India,1997,1708.30303721879
India,1996,1646.03213894464
India,1995,1533.29944360609
India,1994,1424.4533161587
India,1993,1334.60916429666
India,1992,1270.99063506933
India,1991,1203.44685909848
India,1990,1177.14954249551
India,1989,
India,1988,
India,1987,
India,1986,
India,1985,
India,1984,
India,1983,
India,1982,
India,1981,
India,1980,
India,1979,
India,1978,
India,1977,
India,1976,
India,1975,
India,1974,
India,1973,
India,1972,
India,1971,
India,1970,
India,1969,
India,1968,
India,1967,
India,1966,
India,1965,
India,1964,
India,1963,
India,1962,
India,1961,
India,1960,
Indonesia,2025,17659.7921291587
Indonesia,2024,16472.4825935409
Indonesia,2023,15428.3856954945
Indonesia,2022,14282.6654124401
Indonesia,2021,12757.0746440204
Indonesia,2020,11729.3674458448
Indonesia,2019,11986.4701508376
Indonesia,2018,11372.0971987612
Indonesia,2017,10687.6409218443
Indonesia,2016,10262.5951651871
Indonesia,2015,10027.5372996025
Indonesia,2014,10064.677127417
Indonesia,2013,9866.01699250847
Indonesia,2012,9530.29071136718
Indonesia,2011,8936.99215549454
Indonesia,2010,8353.45684705951
Indonesia,2009,7868.1481834145
Indonesia,2008,7569.25304664569
Indonesia,2007,7096.38768887022
Indonesia,2006,6583.35112361832
Indonesia,2005,6134.16673005776
Indonesia,2004,5700.04949540206
Indonesia,2003,5352.50750387612
Indonesia,2002,5076.16438148775
Indonesia,2001,4848.55580114578
Indonesia,2000,4639.0394262333
Indonesia,1999,4385.93971355756
Indonesia,1998,4355.77997376794
Indonesia,1997,5037.22152386981
Indonesia,1996,4807.09267263896
Indonesia,1995,4451.00021267626
Indonesia,1994,4095.99846612707
Indonesia,1993,3792.59465733018
Indonesia,1992,3538.48431255914
Indonesia,1991,3305.36393290345
Indonesia,1990,3043.94197517443
Indonesia,1989,
Indonesia,1988,
Indonesia,1987,
Indonesia,1986,
Indonesia,1985,
Indonesia,1984,
Indonesia,1983,
Indonesia,1982,
Indonesia,1981,
Indonesia,1980,
Indonesia,1979,
Indonesia,1978,
Indonesia,1977,
Indonesia,1976,
Indonesia,1975,
Indonesia,1974,
Indonesia,1973,
Indonesia,1972,
Indonesia,1971,
Indonesia,1970,
Indonesia,1969,
Indonesia,1968,
Indonesia,1967,
Indonesia,1966,
Indonesia,1965,
Indonesia,1964,
Indonesia,1963,
Indonesia,1962,
Indonesia,1961,
Indonesia,1960,
"Iran, Islamic Rep.",2025,19699.2193549189
"Iran, Islamic Rep.",2024,19902.7484779621
"Iran, Islamic Rep.",2023,18932.6833817658
"Iran, Islamic Rep.",2022,17542.844026084
"Iran, Islamic Rep.",2021,15884.4276775963
"Iran, Islamic Rep.",2020,15119.3058859964
"Iran, Islamic Rep.",2019,13927.5128074328
"Iran, Islamic Rep.",2018,15324.0674634637
"Iran, Islamic Rep.",2017,15719.416701551
"Iran, Islamic Rep.",2016,15194.7855803519
"Iran, Islamic Rep.",2015,14273.5499061586
"Iran, Islamic Rep.",2014,16065.158186028
"Iran, Islamic Rep.",2013,16215.2119014642
"Iran, Islamic Rep.",2012,17021.3716792921
"Iran, Islamic Rep.",2011,19275.4376880063
"Iran, Islamic Rep.",2010,18627.8152016622
"Iran, Islamic Rep.",2009,17614.6718697825
"Iran, Islamic Rep.",2008,17548.6737755157
"Iran, Islamic Rep.",2007,17383.7156556883
"Iran, Islamic Rep.",2006,15906.8581381275
"Iran, Islamic Rep.",2005,15016.2676075641
"Iran, Islamic Rep.",2004,14425.4169993917
"Iran, Islamic Rep.",2003,13754.906513045
"Iran, Islamic Rep.",2002,12554.3307698926
"Iran, Islamic Rep.",2001,11532.9987572346
"Iran, Islamic Rep.",2000,11186.8999214902
"Iran, Islamic Rep.",1999,10488.6701048663
"Iran, Islamic Rep.",1998,10284.7044577807
"Iran, Islamic Rep.",1997,10100.9716218836
"Iran, Islamic Rep.",1996,9915.58939355838
"Iran, Islamic Rep.",1995,9255.33507040905
"Iran, Islamic Rep.",1994,8951.27311399708
"Iran, Islamic Rep.",1993,8932.54883018196
"Iran, Islamic Rep.",1992,8887.62824021242
"Iran, Islamic Rep.",1991,8580.17979923449
"Iran, Islamic Rep.",1990,7565.85440752452
"Iran, Islamic Rep.",1989,
"Iran, Islamic Rep.",1988,
"Iran, Islamic Rep.",1987,
"Iran, Islamic Rep.",1986,
"Iran, Islamic Rep.",1985,
"Iran, Islamic Rep.",1984,
"Iran, Islamic Rep.",1983,
"Iran, Islamic Rep.",1982,
"Iran, Islamic Rep.",1981,
"Iran, Islamic Rep.",1980,
"Iran, Islamic Rep.",1979,
"Iran, Islamic Rep.",1978,
"Iran, Islamic Rep.",1977,
"Iran, Islamic Rep.",1976,
"Iran, Islamic Rep.",1975,
"Iran, Islamic Rep.",1974,
"Iran, Islamic Rep.",1973,
"Iran, Islamic Rep.",1972,
"Iran, Islamic Rep.",1971,
"Iran, Islamic Rep.",1970,
"Iran, Islamic Rep.",1969,
"Iran, Islamic Rep.",1968,
"Iran, Islamic Rep.",1967,
"Iran, Islamic Rep.",1966,
"Iran, Islamic Rep.",1965,
"Iran, Islamic Rep.",1964,
"Iran, Islamic Rep.",1963,
"Iran, Islamic Rep.",1962,
"Iran, Islamic Rep.",1961,
"Iran, Islamic Rep.",1960,
Iraq,2025,14266.7965348226
Iraq,2024,14485.3248937523
Iraq,2023,14664.5981923773
Iraq,2022,14388.8485236797
Iraq,2021,12731.7535755128
Iraq,2020,10573.9304750715
Iraq,2019,12248.5917385963
Iraq,2018,12034.4011214944
Iraq,2017,10191.6616988639
Iraq,2016,9079.13531769496
Iraq,2015,9334.46604866315
Iraq,2014,13168.245587417
Iraq,2013,14668.5432764995
Iraq,2012,14402.0340893955
Iraq,2011,12912.0299790146
Iraq,2010,12186.1929619859
Iraq,2009,11687.0142084441
Iraq,2008,11657.3168698349
Iraq,2007,10783.1236401709
Iraq,2006,10223.1065323147
Iraq,2005,9457.04454249128
Iraq,2004,9289.74224656832
Iraq,2003,6068.45161803903
Iraq,2002,9682.37619465205
Iraq,2001,10719.6194209278
Iraq,2000,10627.9400723794
Iraq,1999,9194.47420255586
Iraq,1998,7964.05684896456
Iraq,1997,6019.88912577284
Iraq,1996,5034.47628331349
Iraq,1995,4597.62130781197
Iraq,1994,
Iraq,1993,
Iraq,1992,
Iraq,1991,
Iraq,1990,
Iraq,1989,
Iraq,1988,
Iraq,1987,
Iraq,1986,
Iraq,1985,
Iraq,1984,
Iraq,1983,
Iraq,1982,
Iraq,1981,
Iraq,1980,
Iraq,1979,
Iraq,1978,
Iraq,1977,
Iraq,1976,
Iraq,1975,
Iraq,1974,
Iraq,1973,
Iraq,1972,
Iraq,1971,
Iraq,1970,
Iraq,1969,
Iraq,1968,
Iraq,1967,
Iraq,1966,
Iraq,1965,
Iraq,1964,
Iraq,1963,
Iraq,1962,
Iraq,1961,
Iraq,1960,
Ireland,2025,155089.413131749
Ireland,2024,140779.203379453
Ireland,2023,133440.438499393
Ireland,2022,138464.829172919
Ireland,2021,116702.85817485
Ireland,2020,97677.4943055886
Ireland,2019,92042.2566065385
Ireland,2018,86368.9782047908
Ireland,2017,80409.4548397032
Ireland,2016,72940.7263991139
Ireland,2015,71519.6014840656
Ireland,2014,52582.2223929461
Ireland,2013,48763.0331535881
Ireland,2012,46654.4428740181
Ireland,2011,45457.5262213217
Ireland,2010,43162.9939992062
Ireland,2009,41491.4739085241
Ireland,2008,44169.0943411644
Ireland,2007,46782.3762067243
Ireland,2006,44222.6536034198
Ireland,2005,40466.2343515711
Ireland,2004,38729.2468204554
Ireland,2003,36280.4827472575
Ireland,2002,35222.028724352
Ireland,2001,32573.4634024331
Ireland,2000,30215.9324896691
Ireland,1999,27041.3474221597
Ireland,1998,25093.995962126
Ireland,1997,22637.382448244
Ireland,1996,20481.5737141909
Ireland,1995,18944.0443391881
Ireland,1994,17011.4382733955
Ireland,1993,15811.4896948976
Ireland,1992,15115.7694903972
Ireland,1991,14398.7639103425
Ireland,1990,13742.8758185709
Ireland,1989,
Ireland,1988,
Ireland,1987,
Ireland,1986,
Ireland,1985,
Ireland,1984,
Ireland,1983,
Ireland,1982,
Ireland,1981,
Ireland,1980,
Ireland,1979,
Ireland,1978,
Ireland,1977,
Ireland,1976,
Ireland,1975,
Ireland,1974,
Ireland,1973,
Ireland,1972,
Ireland,1971,
Ireland,1970,
Ireland,1969,
Ireland,1968,
Ireland,1967,
Ireland,1966,
Ireland,1965,
Ireland,1964,
Ireland,1963,
Ireland,1962,
Ireland,1961,
Ireland,1960,
Isle of Man,2025,
Isle of Man,2024,
Isle of Man,2023,
Isle of Man,2022,
Isle of Man,2021,
Isle of Man,2020,
Isle of Man,2019,
Isle of Man,2018,
Isle of Man,2017,
Isle of Man,2016,
Isle of Man,2015,
Isle of Man,2014,
Isle of Man,2013,
Isle of Man,2012,
Isle of Man,2011,
Isle of Man,2010,
Isle of Man,2009,
Isle of Man,2008,
Isle of Man,2007,
Isle of Man,2006,
Isle of Man,2005,
Isle of Man,2004,
Isle of Man,2003,
Isle of Man,2002,
Isle of Man,2001,
Isle of Man,2000,
Isle of Man,1999,
Isle of Man,1998,
Isle of Man,1997,
Isle of Man,1996,
Isle of Man,1995,
Isle of Man,1994,
Isle of Man,1993,
Isle of Man,1992,
Isle of Man,1991,
Isle of Man,1990,
Isle of Man,1989,
Isle of Man,1988,
Isle of Man,1987,
Isle of Man,1986,
Isle of Man,1985,
Isle of Man,1984,
Isle of Man,1983,
Isle of Man,1982,
Isle of Man,1981,
Isle of Man,1980,
Isle of Man,1979,
Isle of Man,1978,
Isle of Man,1977,
Isle of Man,1976,
Isle of Man,1975,
Isle of Man,1974,
Isle of Man,1973,
Isle of Man,1972,
Isle of Man,1971,
Isle of Man,1970,
Isle of Man,1969,
Isle of Man,1968,
Isle of Man,1967,
Isle of Man,1966,
Isle of Man,1965,
Isle of Man,1964,
Isle of Man,1963,
Isle of Man,1962,
Isle of Man,1961,
Isle of Man,1960,
Israel,2025,59716.9735387228
Israel,2024,57277.8631217651
Israel,2023,55301.43606891
Israel,2022,53616.7140829107
Israel,2021,46151.100820403
Israel,2020,40969.2987342816
Israel,2019,41176.910821106
Israel,2018,40101.487265134
Israel,2017,39350.730387912
Israel,2016,38087.5003075978
Israel,2015,35796.5328359923
Israel,2014,34745.4721490798
Israel,2013,34776.8705712769
Israel,2012,32432.3442127933
Israel,2011,31272.3935111474
Israel,2010,29418.3260269798
Israel,2009,28048.5996626557
Israel,2008,28048.3958144663
Israel,2007,28271.8371919113
Israel,2006,26352.9938547519
Israel,2005,25670.6917335433
Israel,2004,26054.6820192544
Israel,2003,24677.8520624854
Israel,2002,26077.0941775365
Israel,2001,25784.8068459262
Israel,2000,25746.8295829392
Israel,1999,23398.3221630043
Israel,1998,22911.6164251753
Israel,1997,22265.5112546557
Israel,1996,21659.4515912213
Israel,1995,20629.0336637985
Israel,1994,19466.4311807694
Israel,1993,18207.0244683211
Israel,1992,17542.371931256
Israel,1991,16476.107447374
Israel,1990,15711.6248526657
Israel,1989,
Israel,1988,
Israel,1987,
Israel,1986,
Israel,1985,
Israel,1984,
Israel,1983,
Israel,1982,
Israel,1981,
Israel,1980,
Israel,1979,
Israel,1978,
Israel,1977,
Israel,1976,
Israel,1975,
Israel,1974,
Israel,1973,
Israel,1972,
Israel,1971,
Israel,1970,
Israel,1969,
Israel,1968,
Israel,1967,
Israel,1966,
Israel,1965,
Israel,1964,
Israel,1963,
Israel,1962,
Israel,1961,
Israel,1960,
Italy,2025,62802.5108384276
Italy,2024,62292.9012423008
Italy,2023,60349.664512107
Italy,2022,57260.8945372493
Italy,2021,49825.3934111848
Italy,2020,44435.6434393527
Italy,2019,46661.9105159611
Italy,2018,43583.3823241172
Italy,2017,42142.3435406885
Italy,2016,40482.562999856
Italy,2015,37384.3796455406
Italy,2014,36665.68576775
Italy,2013,36459.2950248716
Italy,2012,36281.1014243506
Italy,2011,36392.2827759493
Italy,2010,34974.1045135807
Italy,2009,34501.7122743906
Italy,2008,35422.3424391113
Italy,2007,34107.5078152619
Italy,2006,32453.6488675587
Italy,2005,30137.8180374437
Italy,2004,29580.8439042327
Italy,2003,29249.1801358747
Italy,2002,28833.0217903129
Italy,2001,28134.0572858014
Italy,2000,27152.1544907116
Italy,1999,25654.6814189029
Italy,1998,25075.3143427125
Italy,1997,23936.7931493729
Italy,1996,23100.7866507594
Italy,1995,22446.0455046057
Italy,1994,21368.5687948064
Italy,1993,20485.4434748589
Italy,1992,20195.5875939945
Italy,1991,19595.5409023254
Italy,1990,18680.297476875
Italy,1989,
Italy,1988,
Italy,1987,
Italy,1986,
Italy,1985,
Italy,1984,
Italy,1983,
Italy,1982,
Italy,1981,
Italy,1980,
Italy,1979,
Italy,1978,
Italy,1977,
Italy,1976,
Italy,1975,
Italy,1974,
Italy,1973,
Italy,1972,
Italy,1971,
Italy,1970,
Italy,1969,
Italy,1968,
Italy,1967,
Italy,1966,
Italy,1965,
Italy,1964,
Italy,1963,
Italy,1962,
Italy,1961,
Italy,1960,
Jamaica,2025,13291.253767787
Jamaica,2024,12908.9862451809
Jamaica,2023,12661.3324691366
Jamaica,2022,11885.8863913319
Jamaica,2021,10430.6909771759
Jamaica,2020,9764.3525879784
Jamaica,2019,10845.0113635875
Jamaica,2018,10752.7406650924
Jamaica,2017,10466.4876782146
Jamaica,2016,9948.0414677444
Jamaica,2015,9476.14929465037
Jamaica,2014,9209.58586596513
Jamaica,2013,9101.41496692481
Jamaica,2012,8830.6507947905
Jamaica,2011,8809.36100077931
Jamaica,2010,8521.28876389482
Jamaica,2009,8579.58979924054
Jamaica,2008,8951.50600914336
Jamaica,2007,8892.78260622421
Jamaica,2006,8576.53154001276
Jamaica,2005,8127.37945030013
Jamaica,2004,7853.86424347121
Jamaica,2003,7592.6091048895
Jamaica,2002,7225.94228612684
Jamaica,2001,7019.01755525523
Jamaica,2000,6816.41029458496
Jamaica,1999,6653.36888356195
Jamaica,1998,6543.19022684988
Jamaica,1997,6682.05332974308
Jamaica,1996,6706.10756645399
Jamaica,1995,6657.15226990477
Jamaica,1994,6434.89706075084
Jamaica,1993,6278.58777981759
Jamaica,1992,5663.64053409617
Jamaica,1991,5485.15259768564
Jamaica,1990,5105.50626001017
Jamaica,1989,
Jamaica,1988,
Jamaica,1987,
Jamaica,1986,
Jamaica,1985,
Jamaica,1984,
Jamaica,1983,
Jamaica,1982,
Jamaica,1981,
Jamaica,1980,
Jamaica,1979,
Jamaica,1978,
Jamaica,1977,
Jamaica,1976,
Jamaica,1975,
Jamaica,1974,
Jamaica,1973,
Jamaica,1972,
Jamaica,1971,
Jamaica,1970,
Jamaica,1969,
Jamaica,1968,
Jamaica,1967,
Jamaica,1966,
Jamaica,1965,
Jamaica,1964,
Jamaica,1963,
Jamaica,1962,
Jamaica,1961,
Jamaica,1960,
Japan,2025,55421.8797530311
Japan,2024,54156.2687689605
Japan,2023,52726.2389417641
Japan,2022,49245.964174373
Japan,2021,45999.4617966896
Japan,2020,43560.021428549
Japan,2019,43743.5313931194
Japan,2018,43090.0699981402
Japan,2017,42346.876013211
Japan,2016,41462.5069772969
Japan,2015,41722.3895623635
Japan,2014,40272.4415780289
Japan,2013,39855.3531119712
Japan,2012,37974.343588054
Japan,2011,36483.298640793
Japan,2010,35658.1718529309
Japan,2009,33843.1998246408
Japan,2008,35643.4609228963
Japan,2007,35358.7667498195
Japan,2006,33970.896971686
Japan,2005,32464.0455172515
Japan,2004,31136.2815653939
Japan,2003,29741.9127951675
Japan,2002,29055.3937703625
Japan,2001,28352.0490141423
Japan,2000,27694.5384332959
Japan,1999,26030.1995724029
Japan,1998,25832.0488303025
Japan,1997,26117.0368624491
Japan,1996,25497.3580475185
Japan,1995,24262.893796046
Japan,1994,23303.1848240483
Japan,1993,22634.5878828654
Japan,1992,22284.624071883
Japan,1991,21673.9383930363
Japan,1990,20331.1220070593
Japan,1989,
Japan,1988,
Japan,1987,
Japan,1986,
Japan,1985,
Japan,1984,
Japan,1983,
Japan,1982,
Japan,1981,
Japan,1980,
Japan,1979,
Japan,1978,
Japan,1977,
Japan,1976,
Japan,1975,
Japan,1974,
Japan,1973,
Japan,1972,
Japan,1971,
Japan,1970,
Japan,1969,
Japan,1968,
Japan,1967,
Japan,1966,
Japan,1965,
Japan,1964,
Japan,1963,
Japan,1962,
Japan,1961,
Japan,1960,
Jordan,2025,12631.6299394746
Jordan,2024,11916.3623210714
Jordan,2023,11450.5720698729
Jordan,2022,10880.9956299022
Jordan,2021,10056.5611261239
Jordan,2020,10506.7284780872
Jordan,2019,10305.6561841508
Jordan,2018,9889.90818777299
Jordan,2017,10140.0335144087
Jordan,2016,9580.27683713466
Jordan,2015,9851.78048494686
Jordan,2014,10059.8134952939
Jordan,2013,10790.7021162492
Jordan,2012,10729.6305374705
Jordan,2011,10648.5361813237
Jordan,2010,10393.3193069933
Jordan,2009,10222.1738244821
Jordan,2008,9875.0025388504
Jordan,2007,9251.1633655297
Jordan,2006,8844.3542542657
Jordan,2005,8461.04270712332
Jordan,2004,7776.08667131277
Jordan,2003,7145.25032500677
Jordan,2002,6877.5966900426
Jordan,2001,6538.48831772636
Jordan,2000,6200.62142242702
Jordan,1999,5938.13919348728
Jordan,1998,5786.3194937719
Jordan,1997,5684.58209074254
Jordan,1996,5556.54767848186
Jordan,1995,5525.53435064533
Jordan,1994,5309.10128289431
Jordan,1993,5194.95109238787
Jordan,1992,5115.98554320743
Jordan,1991,4611.76564194267
Jordan,1990,4745.73845238012
Jordan,1989,
Jordan,1988,
Jordan,1987,
Jordan,1986,
Jordan,1985,
Jordan,1984,
Jordan,1983,
Jordan,1982,
Jordan,1981,
Jordan,1980,
Jordan,1979,
Jordan,1978,
Jordan,1977,
Jordan,1976,
Jordan,1975,
Jordan,1974,
Jordan,1973,
Jordan,1972,
Jordan,1971,
Jordan,1970,
Jordan,1969,
Jordan,1968,
Jordan,1967,
Jordan,1966,
Jordan,1965,
Jordan,1964,
Jordan,1963,
Jordan,1962,
Jordan,1961,
Jordan,1960,
Kazakhstan,2025,44293.4839632441
Kazakhstan,2024,40950.3167392792
Kazakhstan,2023,38546.9287207389
Kazakhstan,2022,35889.3953214448
Kazakhstan,2021,32945.8515725823
Kazakhstan,2020,29039.8229624509
Kazakhstan,2019,28689.2710838374
Kazakhstan,2018,25096.1285862615
Kazakhstan,2017,23973.0602295651
Kazakhstan,2016,23023.0872293899
Kazakhstan,2015,22484.3651382607
Kazakhstan,2014,23958.1128890603
Kazakhstan,2013,23754.1341952117
Kazakhstan,2012,21367.2180595372
Kazakhstan,2011,20159.9329426413
Kazakhstan,2010,18641.8061470981
Kazakhstan,2009,17389.0145840061
Kazakhstan,2008,17278.472167505
Kazakhstan,2007,16581.2240524234
Kazakhstan,2006,14965.7723196538
Kazakhstan,2005,13226.1466962805
Kazakhstan,2004,11777.1119571052
Kazakhstan,2003,10532.4466972719
Kazakhstan,2002,9504.45082466799
Kazakhstan,2001,8568.08719498612
Kazakhstan,2000,7418.19612051059
Kazakhstan,1999,6625.78215167222
Kazakhstan,1998,6283.54590506467
Kazakhstan,1997,6177.92475025667
Kazakhstan,1996,5836.07198339016
Kazakhstan,1995,5595.43398924294
Kazakhstan,1994,5860.35066871949
Kazakhstan,1993,6477.34852543983
Kazakhstan,1992,6945.09441092007
Kazakhstan,1991,7192.80207932692
Kazakhstan,1990,7874.18736377728
Kazakhstan,1989,
Kazakhstan,1988,
Kazakhstan,1987,
Kazakhstan,1986,
Kazakhstan,1985,
Kazakhstan,1984,
Kazakhstan,1983,
Kazakhstan,1982,
Kazakhstan,1981,
Kazakhstan,1980,
Kazakhstan,1979,
Kazakhstan,1978,
Kazakhstan,1977,
Kazakhstan,1976,
Kazakhstan,1975,
Kazakhstan,1974,
Kazakhstan,1973,
Kazakhstan,1972,
Kazakhstan,1971,
Kazakhstan,1970,
Kazakhstan,1969,
Kazakhstan,1968,
Kazakhstan,1967,
Kazakhstan,1966,
Kazakhstan,1965,
Kazakhstan,1964,
Kazakhstan,1963,
Kazakhstan,1962,
Kazakhstan,1961,
Kazakhstan,1960,
Kenya,2025,7015.93578839722
Kenya,2024,6649.67919174449
Kenya,2023,6322.24569873446
Kenya,2022,5882.29066433207
Kenya,2021,5338.85243382781
Kenya,2020,4792.57315847182
Kenya,2019,4687.37782325306
Kenya,2018,4411.56104120886
Kenya,2017,4177.24993580267
Kenya,2016,3916.65315673095
Kenya,2015,3678.32614146019
Kenya,2014,3359.48950665093
Kenya,2013,3106.39394464885
Kenya,2012,2847.27068286846
Kenya,2011,2750.28663787693
Kenya,2010,2634.89271315215
Kenya,2009,2480.044290705
Kenya,2008,2459.12174515536
Kenya,2007,2481.08706136608
Kenya,2006,2330.13028942507
Kenya,2005,2188.69561015951
Kenya,2004,2066.31540640242
Kenya,2003,1974.85820210993
Kenya,2002,1940.40303256447
Kenya,2001,1961.05816870969
Kenya,2000,1906.89794089368
Kenya,1999,1910.24013020805
Kenya,1998,1895.01738194143
Kenya,1997,1865.02667278906
Kenya,1996,1875.29830941334
Kenya,1995,1817.60888087533
Kenya,1994,1754.2534007993
Kenya,1993,1722.82069889254
Kenya,1992,1727.54067547305
Kenya,1991,1755.65401610218
Kenya,1990,1729.27344607513
Kenya,1989,
Kenya,1988,
Kenya,1987,
Kenya,1986,
Kenya,1985,
Kenya,1984,
Kenya,1983,
Kenya,1982,
Kenya,1981,
Kenya,1980,
Kenya,1979,
Kenya,1978,
Kenya,1977,
Kenya,1976,
Kenya,1975,
Kenya,1974,
Kenya,1973,
Kenya,1972,
Kenya,1971,
Kenya,1970,
Kenya,1969,
Kenya,1968,
Kenya,1967,
Kenya,1966,
Kenya,1965,
Kenya,1964,
Kenya,1963,
Kenya,1962,
Kenya,1961,
Kenya,1960,
Kiribati,2025,3936.61263730517
Kiribati,2024,3728.03970809328
Kiribati,2023,3526.6871592056
Kiribati,2022,3349.59804202737
Kiribati,2021,3024.21029665634
Kiribati,2020,2715.27546461551
Kiribati,2019,2761.74331450078
Kiribati,2018,2669.39256773617
Kiribati,2017,2561.14862522379
Kiribati,2016,2462.83249247427
Kiribati,2015,2310.60291495273
Kiribati,2014,2084.13105370573
Kiribati,2013,2049.33390306083
Kiribati,2012,1896.32489930683
Kiribati,2011,1785.57208346912
Kiribati,2010,1724.46710145184
Kiribati,2009,1718.49171441676
Kiribati,2008,1735.43189762547
Kiribati,2007,1792.04651181874
Kiribati,2006,1727.77052466169
Kiribati,2005,1616.57992110289
Kiribati,2004,1578.83869126966
Kiribati,2003,1578.28790885431
Kiribati,2002,1605.07533311274
Kiribati,2001,1591.23663004363
Kiribati,2000,1637.9360142164
Kiribati,1999,1526.09195140346
Kiribati,1998,1592.95657376197
Kiribati,1997,1535.31741921414
Kiribati,1996,1519.24614681351
Kiribati,1995,1518.23275016271
Kiribati,1994,1469.16102841347
Kiribati,1993,1430.71454025714
Kiribati,1992,1420.66536070039
Kiribati,1991,1139.23270943324
Kiribati,1990,1191.53077020983
Kiribati,1989,
Kiribati,1988,
Kiribati,1987,
Kiribati,1986,
Kiribati,1985,
Kiribati,1984,
Kiribati,1983,
Kiribati,1982,
Kiribati,1981,
Kiribati,1980,
Kiribati,1979,
Kiribati,1978,
Kiribati,1977,
Kiribati,1976,
Kiribati,1975,
Kiribati,1974,
Kiribati,1973,
Kiribati,1972,
Kiribati,1971,
Kiribati,1970,
Kiribati,1969,
Kiribati,1968,
Kiribati,1967,
Kiribati,1966,
Kiribati,1965,
Kiribati,1964,
Kiribati,1963,
Kiribati,1962,
Kiribati,1961,
Kiribati,1960,
"Korea, Dem. People's Rep.",2025,
"Korea, Dem. People's Rep.",2024,
"Korea, Dem. People's Rep.",2023,
"Korea, Dem. People's Rep.",2022,
"Korea, Dem. People's Rep.",2021,
"Korea, Dem. People's Rep.",2020,
"Korea, Dem. People's Rep.",2019,
"Korea, Dem. People's Rep.",2018,
"Korea, Dem. People's Rep.",2017,
"Korea, Dem. People's Rep.",2016,
"Korea, Dem. People's Rep.",2015,
"Korea, Dem. People's Rep.",2014,
"Korea, Dem. People's Rep.",2013,
"Korea, Dem. People's Rep.",2012,
"Korea, Dem. People's Rep.",2011,
"Korea, Dem. People's Rep.",2010,
"Korea, Dem. People's Rep.",2009,
"Korea, Dem. People's Rep.",2008,
"Korea, Dem. People's Rep.",2007,
"Korea, Dem. People's Rep.",2006,
"Korea, Dem. People's Rep.",2005,
"Korea, Dem. People's Rep.",2004,
"Korea, Dem. People's Rep.",2003,
"Korea, Dem. People's Rep.",2002,
"Korea, Dem. People's Rep.",2001,
"Korea, Dem. People's Rep.",2000,
"Korea, Dem. People's Rep.",1999,
"Korea, Dem. People's Rep.",1998,
"Korea, Dem. People's Rep.",1997,
"Korea, Dem. People's Rep.",1996,
"Korea, Dem. People's Rep.",1995,
"Korea, Dem. People's Rep.",1994,
"Korea, Dem. People's Rep.",1993,
"Korea, Dem. People's Rep.",1992,
"Korea, Dem. People's Rep.",1991,
"Korea, Dem. People's Rep.",1990,
"Korea, Dem. People's Rep.",1989,
"Korea, Dem. People's Rep.",1988,
"Korea, Dem. People's Rep.",1987,
"Korea, Dem. People's Rep.",1986,
"Korea, Dem. People's Rep.",1985,
"Korea, Dem. People's Rep.",1984,
"Korea, Dem. People's Rep.",1983,
"Korea, Dem. People's Rep.",1982,
"Korea, Dem. People's Rep.",1981,
"Korea, Dem. People's Rep.",1980,
"Korea, Dem. People's Rep.",1979,
"Korea, Dem. People's Rep.",1978,
"Korea, Dem. People's Rep.",1977,
"Korea, Dem. People's Rep.",1976,
"Korea, Dem. People's Rep.",1975,
"Korea, Dem. People's Rep.",1974,
"Korea, Dem. People's Rep.",1973,
"Korea, Dem. People's Rep.",1972,
"Korea, Dem. People's Rep.",1971,
"Korea, Dem. People's Rep.",1970,
"Korea, Dem. People's Rep.",1969,
"Korea, Dem. People's Rep.",1968,
"Korea, Dem. People's Rep.",1967,
"Korea, Dem. People's Rep.",1966,
"Korea, Dem. People's Rep.",1965,
"Korea, Dem. People's Rep.",1964,
"Korea, Dem. People's Rep.",1963,
"Korea, Dem. People's Rep.",1962,
"Korea, Dem. People's Rep.",1961,
"Korea, Dem. People's Rep.",1960,
"Korea, Rep.",2025,63124.9152183625
"Korea, Rep.",2024,61051.3492502498
"Korea, Rep.",2023,57429.8031076402
"Korea, Rep.",2022,55509.3368761174
"Korea, Rep.",2021,51718.2518656631
"Korea, Rep.",2020,47881.4921344193
"Korea, Rep.",2019,46511.2196957018
"Korea, Rep.",2018,45511.0803506331
"Korea, Rep.",2017,43155.9100867658
"Korea, Rep.",2016,41672.6278317077
"Korea, Rep.",2015,39794.1961180043
"Korea, Rep.",2014,37032.1724172561
"Korea, Rep.",2013,35844.2253782408
"Korea, Rep.",2012,35061.5531929083
"Korea, Rep.",2011,33944.2511879769
"Korea, Rep.",2010,33120.351934563
"Korea, Rep.",2009,30739.9572294348
"Korea, Rep.",2008,31211.0593469455
"Korea, Rep.",2007,30255.391009159
"Korea, Rep.",2006,27972.3847629351
"Korea, Rep.",2005,26179.3421262581
"Korea, Rep.",2004,24658.1761189212
"Korea, Rep.",2003,22919.7417096314
"Korea, Rep.",2002,22173.4881729168
"Korea, Rep.",2001,20442.2142872054
"Korea, Rep.",2000,19236.9088359303
"Korea, Rep.",1999,17421.392913922
"Korea, Rep.",1998,15500.1476038649
"Korea, Rep.",1997,16241.0643796053
"Korea, Rep.",1996,15163.5567633709
"Korea, Rep.",1995,13921.1359823272
"Korea, Rep.",1994,12551.1693533946
"Korea, Rep.",1993,11349.4009046164
"Korea, Rep.",1992,10467.6254837923
"Korea, Rep.",1991,9723.69531281792
"Korea, Rep.",1990,8567.46338825817
"Korea, Rep.",1989,
"Korea, Rep.",1988,
"Korea, Rep.",1987,
"Korea, Rep.",1986,
"Korea, Rep.",1985,
"Korea, Rep.",1984,
"Korea, Rep.",1983,
"Korea, Rep.",1982,
"Korea, Rep.",1981,
"Korea, Rep.",1980,
"Korea, Rep.",1979,
"Korea, Rep.",1978,
"Korea, Rep.",1977,
"Korea, Rep.",1976,
"Korea, Rep.",1975,
"Korea, Rep.",1974,
"Korea, Rep.",1973,
"Korea, Rep.",1972,
"Korea, Rep.",1971,
"Korea, Rep.",1970,
"Korea, Rep.",1969,
"Korea, Rep.",1968,
"Korea, Rep.",1967,
"Korea, Rep.",1966,
"Korea, Rep.",1965,
"Korea, Rep.",1964,
"Korea, Rep.",1963,
"Korea, Rep.",1962,
"Korea, Rep.",1961,
"Korea, Rep.",1960,
Kosovo,2025,19263.3268800963
Kosovo,2024,17890.3600994298
Kosovo,2023,15817.4329388361
Kosovo,2022,13948.6857891476
Kosovo,2021,12362.4210181213
Kosovo,2020,10532.5054692849
Kosovo,2019,10861.0531745974
Kosovo,2018,10018.7387080811
Kosovo,2017,9380.94007290057
Kosovo,2016,9157.04630742908
Kosovo,2015,8714.91966356132
Kosovo,2014,8200.47420451574
Kosovo,2013,8090.75939263902
Kosovo,2012,7897.56692777876
Kosovo,2011,7776.47393102774
Kosovo,2010,7179.22277910225
Kosovo,2009,6736.76108933456
Kosovo,2008,6352.65231933107
Kosovo,2007,
Kosovo,2006,
Kosovo,2005,
Kosovo,2004,
Kosovo,2003,
Kosovo,2002,
Kosovo,2001,
Kosovo,2000,
Kosovo,1999,
Kosovo,1998,
Kosovo,1997,
Kosovo,1996,
Kosovo,1995,
Kosovo,1994,
Kosovo,1993,
Kosovo,1992,
Kosovo,1991,
Kosovo,1990,
Kosovo,1989,
Kosovo,1988,
Kosovo,1987,
Kosovo,1986,
Kosovo,1985,
Kosovo,1984,
Kosovo,1983,
Kosovo,1982,
Kosovo,1981,
Kosovo,1980,
Kosovo,1979,
Kosovo,1978,
Kosovo,1977,
Kosovo,1976,
Kosovo,1975,
Kosovo,1974,
Kosovo,1973,
Kosovo,1972,
Kosovo,1971,
Kosovo,1970,
Kosovo,1969,
Kosovo,1968,
Kosovo,1967,
Kosovo,1966,
Kosovo,1965,
Kosovo,1964,
Kosovo,1963,
Kosovo,1962,
Kosovo,1961,
Kosovo,1960,
Kuwait,2025,56467.7272075432
Kuwait,2024,53119.3783662664
Kuwait,2023,53083.3848600632
Kuwait,2022,55034.2790289403
Kuwait,2021,50651.9575337091
Kuwait,2020,41461.7235642777
Kuwait,2019,50703.0001343301
Kuwait,2018,51370.7320595252
Kuwait,2017,46565.5499504554
Kuwait,2016,41862.1739255505
Kuwait,2015,45267.3085347452
Kuwait,2014,68336.5991533112
Kuwait,2013,76812.5387330449
Kuwait,2012,82089.726133145
Kuwait,2011,79036.7857441182
Kuwait,2010,75184.0865900211
Kuwait,2009,80110.0698080015
Kuwait,2008,90337.3567890878
Kuwait,2007,91434.904380703
Kuwait,2006,89075.2245199727
Kuwait,2005,84968.0197563091
Kuwait,2004,77226.6367629416
Kuwait,2003,69752.3841097359
Kuwait,2002,59713.1721646298
Kuwait,2001,58552.7838611333
Kuwait,2000,58702.8672655197
Kuwait,1999,56406.4685222914
Kuwait,1998,58343.7881250587
Kuwait,1997,57419.932106613
Kuwait,1996,56912.6961336559
Kuwait,1995,57163.3491544291
Kuwait,1994,53945.5881246338
Kuwait,1993,48481.7603772287
Kuwait,1992,36149.1834808024
Kuwait,1991,23390.4236049007
Kuwait,1990,30763.0669321375
Kuwait,1989,
Kuwait,1988,
Kuwait,1987,
Kuwait,1986,
Kuwait,1985,
Kuwait,1984,
Kuwait,1983,
Kuwait,1982,
Kuwait,1981,
Kuwait,1980,
Kuwait,1979,
Kuwait,1978,
Kuwait,1977,
Kuwait,1976,
Kuwait,1975,
Kuwait,1974,
Kuwait,1973,
Kuwait,1972,
Kuwait,1971,
Kuwait,1970,
Kuwait,1969,
Kuwait,1968,
Kuwait,1967,
Kuwait,1966,
Kuwait,1965,
Kuwait,1964,
Kuwait,1963,
Kuwait,1962,
Kuwait,1961,
Kuwait,1960,
Kyrgyz Republic,2025,9219.51443675205
Kyrgyz Republic,2024,8208.03081858011
Kyrgyz Republic,2023,7304.10137976789
Kyrgyz Republic,2022,6576.46977080639
Kyrgyz Republic,2021,5736.47883415154
Kyrgyz Republic,2020,5178.5619670404
Kyrgyz Republic,2019,5304.22758314405
Kyrgyz Republic,2018,4777.94175395575
Kyrgyz Republic,2017,4953.71755085199
Kyrgyz Republic,2016,4603.75964247878
Kyrgyz Republic,2015,4153.3766990372
Kyrgyz Republic,2014,4228.1951482992
Kyrgyz Republic,2013,4000.96295765107
Kyrgyz Republic,2012,3588.67988824025
Kyrgyz Republic,2011,3278.35102220086
Kyrgyz Republic,2010,3075.61554322404
Kyrgyz Republic,2009,3096.9381411798
Kyrgyz Republic,2008,3031.49407039521
Kyrgyz Republic,2007,2769.8950844031
Kyrgyz Republic,2006,2508.38844844249
Kyrgyz Republic,2005,2385.5944651584
Kyrgyz Republic,2004,2343.43044016831
Kyrgyz Republic,2003,2158.19667402953
Kyrgyz Republic,2002,1998.23788057735
Kyrgyz Republic,2001,1986.16135824956
Kyrgyz Republic,2000,1861.86559705224
Kyrgyz Republic,1999,1747.30607412137
Kyrgyz Republic,1998,1687.04763666935
Kyrgyz Republic,1997,1658.8867523252
Kyrgyz Republic,1996,1505.44883732597
Kyrgyz Republic,1995,1401.15681743482
Kyrgyz Republic,1994,1465.67275989305
Kyrgyz Republic,1993,1795.02243595118
Kyrgyz Republic,1992,2074.73448701199
Kyrgyz Republic,1991,2381.59403575797
Kyrgyz Republic,1990,2543.74131043999
Kyrgyz Republic,1989,
Kyrgyz Republic,1988,
Kyrgyz Republic,1987,
Kyrgyz Republic,1986,
Kyrgyz Republic,1985,
Kyrgyz Republic,1984,
Kyrgyz Republic,1983,
Kyrgyz Republic,1982,
Kyrgyz Republic,1981,
Kyrgyz Republic,1980,
Kyrgyz Republic,1979,
Kyrgyz Republic,1978,
Kyrgyz Republic,1977,
Kyrgyz Republic,1976,
Kyrgyz Republic,1975,
Kyrgyz Republic,1974,
Kyrgyz Republic,1973,
Kyrgyz Republic,1972,
Kyrgyz Republic,1971,
Kyrgyz Republic,1970,
Kyrgyz Republic,1969,
Kyrgyz Republic,1968,
Kyrgyz Republic,1967,
Kyrgyz Republic,1966,
Kyrgyz Republic,1965,
Kyrgyz Republic,1964,
Kyrgyz Republic,1963,
Kyrgyz Republic,1962,
Kyrgyz Republic,1961,
Kyrgyz Republic,1960,
Lao PDR,2025,10382.9990718948
Lao PDR,2024,9790.02538664409
Lao PDR,2023,9299.44710059913
Lao PDR,2022,8765.05131747163
Lao PDR,2021,8080.43553249923
Lao PDR,2020,7913.38660650276
Lao PDR,2019,7743.21906534261
Lao PDR,2018,7486.86452700433
Lao PDR,2017,7141.90652701767
Lao PDR,2016,6743.01053953037
Lao PDR,2015,6086.0673044622
Lao PDR,2014,5798.50436730091
Lao PDR,2013,5221.59855783339
Lao PDR,2012,4780.94733000167
Lao PDR,2011,4099.78457330741
Lao PDR,2010,3772.26605160076
Lao PDR,2009,3485.06827743766
Lao PDR,2008,3270.55751011812
Lao PDR,2007,3021.44173101362
Lao PDR,2006,2776.69752330125
Lao PDR,2005,2519.46135097947
Lao PDR,2004,2315.43379529201
Lao PDR,2003,2151.15099594213
Lao PDR,2002,2019.69774844775
Lao PDR,2001,1908.06236588879
Lao PDR,2000,1793.88582601095
Lao PDR,1999,1686.07938639129
Lao PDR,1998,1576.66363496051
Lao PDR,1997,1527.65889221543
Lao PDR,1996,1434.80867177356
Lao PDR,1995,1348.79798266005
Lao PDR,1994,1265.1582326693
Lao PDR,1993,1175.61781504063
Lao PDR,1992,1114.11149899026
Lao PDR,1991,1060.88901580409
Lao PDR,1990,1012.01459422833
Lao PDR,1989,
Lao PDR,1988,
Lao PDR,1987,
Lao PDR,1986,
Lao PDR,1985,
Lao PDR,1984,
Lao PDR,1983,
Lao PDR,1982,
Lao PDR,1981,
Lao PDR,1980,
Lao PDR,1979,
Lao PDR,1978,
Lao PDR,1977,
Lao PDR,1976,
Lao PDR,1975,
Lao PDR,1974,
Lao PDR,1973,
Lao PDR,1972,
Lao PDR,1971,
Lao PDR,1970,
Lao PDR,1969,
Lao PDR,1968,
Lao PDR,1967,
Lao PDR,1966,
Lao PDR,1965,
Lao PDR,1964,
Lao PDR,1963,
Lao PDR,1962,
Lao PDR,1961,
Lao PDR,1960,
Latvia,2025,46136.689377286
Latvia,2024,43873.3777849582
Latvia,2023,42783.8260226567
Latvia,2022,40546.4638799692
Latvia,2021,36912.0130602161
Latvia,2020,32741.4207691987
Latvia,2019,32199.0960377091
Latvia,2018,29817.8047263182
Latvia,2017,25763.9907709703
Latvia,2016,24063.4511245109
Latvia,2015,22543.9183164105
Latvia,2014,21553.6623204436
Latvia,2013,20473.5243706913
Latvia,2012,19416.5167382125
Latvia,2011,17680.4939630507
Latvia,2010,16373.4037320495
Latvia,2009,15545.0821339945
Latvia,2008,17443.3912910988
Latvia,2007,16245.5340994603
Latvia,2006,14180.0017761877
Latvia,2005,12825.873779559
Latvia,2004,11319.1462699913
Latvia,2003,10193.2381015054
Latvia,2002,9568.79465678335
Latvia,2001,8807.75837072465
Latvia,2000,7848.90854892793
Latvia,1999,7256.33664671861
Latvia,1998,6922.34296178268
Latvia,1997,6365.70559365893
Latvia,1996,5688.34966443302
Latvia,1995,5391.04513303111
Latvia,1994,5011.63179851938
Latvia,1993,4722.00413311185
Latvia,1992,4759.77997663224
Latvia,1991,6761.93041490059
Latvia,1990,7447.94869358261
Latvia,1989,
Latvia,1988,
Latvia,1987,
Latvia,1986,
Latvia,1985,
Latvia,1984,
Latvia,1983,
Latvia,1982,
Latvia,1981,
Latvia,1980,
Latvia,1979,
Latvia,1978,
Latvia,1977,
Latvia,1976,
Latvia,1975,
Latvia,1974,
Latvia,1973,
Latvia,1972,
Latvia,1971,
Latvia,1970,
Latvia,1969,
Latvia,1968,
Latvia,1967,
Latvia,1966,
Latvia,1965,
Latvia,1964,
Latvia,1963,
Latvia,1962,
Latvia,1961,
Latvia,1960,
Lebanon,2025,
Lebanon,2024,11917.4502960889
Lebanon,2023,12585.1973845359
Lebanon,2022,12290.8925567636
Lebanon,2021,11599.7755083765
Lebanon,2020,16259.7051312281
Lebanon,2019,21710.4648750807
Lebanon,2018,21985.4884702241
Lebanon,2017,20963.8249472533
Lebanon,2016,18940.5901000453
Lebanon,2015,17045.898285301
Lebanon,2014,16139.8649966955
Lebanon,2013,16315.6137748763
Lebanon,2012,16121.335238646
Lebanon,2011,14974.553438993
Lebanon,2010,14703.6153210279
Lebanon,2009,13586.1444831799
Lebanon,2008,12415.9400059893
Lebanon,2007,11355.6629751495
Lebanon,2006,10312.3533313145
Lebanon,2005,10019.9941539617
Lebanon,2004,9609.01282641122
Lebanon,2003,8914.48277911263
Lebanon,2002,8586.24040667194
Lebanon,2001,8289.38389034296
Lebanon,2000,7937.95652979126
Lebanon,1999,7792.6613264429
Lebanon,1998,7861.22582960511
Lebanon,1997,7631.98540643189
Lebanon,1996,7559.75652367
Lebanon,1995,6795.67660074841
Lebanon,1994,6366.90907301007
Lebanon,1993,5870.79213775564
Lebanon,1992,5278.70833922346
Lebanon,1991,4527.25734408218
Lebanon,1990,2990.33608520734
Lebanon,1989,
Lebanon,1988,
Lebanon,1987,
Lebanon,1986,
Lebanon,1985,
Lebanon,1984,
Lebanon,1983,
Lebanon,1982,
Lebanon,1981,
Lebanon,1980,
Lebanon,1979,
Lebanon,1978,
Lebanon,1977,
Lebanon,1976,
Lebanon,1975,
Lebanon,1974,
Lebanon,1973,
Lebanon,1972,
Lebanon,1971,
Lebanon,1970,
Lebanon,1969,
Lebanon,1968,
Lebanon,1967,
Lebanon,1966,
Lebanon,1965,
Lebanon,1964,
Lebanon,1963,
Lebanon,1962,
Lebanon,1961,
Lebanon,1960,
Lesotho,2025,3184.11725194709
Lesotho,2024,3070.79580931865
Lesotho,2023,2879.59482438145
Lesotho,2022,2760.87343646139
Lesotho,2021,2544.78249551214
Lesotho,2020,2559.09776077846
Lesotho,2019,2568.34114362719
Lesotho,2018,2632.28775223004
Lesotho,2017,2618.81820770145
Lesotho,2016,2942.18153663921
Lesotho,2015,3034.64692924848
Lesotho,2014,2771.24496867163
Lesotho,2013,2538.26310306049
Lesotho,2012,2291.4956531127
Lesotho,2011,2278.50142791066
Lesotho,2010,2152.91528282732
Lesotho,2009,2036.26308569698
Lesotho,2008,2064.4231120691
Lesotho,2007,1932.42666217849
Lesotho,2006,1813.44440724494
Lesotho,2005,1680.87364078529
Lesotho,2004,1560.74877549141
Lesotho,2003,1484.0958444817
Lesotho,2002,1385.18222064517
Lesotho,2001,1350.00529707572
Lesotho,2000,1272.92443394673
Lesotho,1999,1198.69481987552
Lesotho,1998,1179.42170499427
Lesotho,1997,1154.38234467889
Lesotho,1996,1103.00202172304
Lesotho,1995,1036.7880851739
Lesotho,1994,995.244143270751
Lesotho,1993,931.98425740136
Lesotho,1992,892.925255776518
Lesotho,1991,829.936659173655
Lesotho,1990,764.057315393733
Lesotho,1989,
Lesotho,1988,
Lesotho,1987,
Lesotho,1986,
Lesotho,1985,
Lesotho,1984,
Lesotho,1983,
Lesotho,1982,
Lesotho,1981,
Lesotho,1980,
Lesotho,1979,
Lesotho,1978,
Lesotho,1977,
Lesotho,1976,
Lesotho,1975,
Lesotho,1974,
Lesotho,1973,
Lesotho,1972,
Lesotho,1971,
Lesotho,1970,
Lesotho,1969,
Lesotho,1968,
Lesotho,1967,
Lesotho,1966,
Lesotho,1965,
Lesotho,1964,
Lesotho,1963,
Lesotho,1962,
Lesotho,1961,
Lesotho,1960,
Liberia,2025,1981.09483342188
Liberia,2024,1873.76133636244
Liberia,2023,1796.01250525501
Liberia,2022,1691.30467616419
Liberia,2021,1539.20892304674
Liberia,2020,1659.52109145991
Liberia,2019,1899.52200972855
Liberia,2018,1799.72751397748
Liberia,2017,1664.94481323565
Liberia,2016,1490.33581410026
Liberia,2015,1340.43279741197
Liberia,2014,1418.77355515891
Liberia,2013,1360.12910370155
Liberia,2012,1156.95319448003
Liberia,2011,1040.76141404018
Liberia,2010,980.118139742072
Liberia,2009,939.496290255645
Liberia,2008,915.053599681896
Liberia,2007,872.584645905682
Liberia,2006,815.218917041528
Liberia,2005,774.032567783921
Liberia,2004,745.397861822466
Liberia,2003,715.81824680763
Liberia,2002,1012.91891289963
Liberia,2001,986.572798686219
Liberia,2000,965.395523296973
Liberia,1999,761.662725986938
Liberia,1998,651.926408599928
Liberia,1997,547.876794899486
Liberia,1996,282.231676503901
Liberia,1995,254.388474569971
Liberia,1994,262.596281407245
Liberia,1993,327.829904085427
Liberia,1992,496.851406406005
Liberia,1991,792.688689721651
Liberia,1990,786.525809479073
Liberia,1989,
Liberia,1988,
Liberia,1987,
Liberia,1986,
Liberia,1985,
Liberia,1984,
Liberia,1983,
Liberia,1982,
Liberia,1981,
Liberia,1980,
Liberia,1979,
Liberia,1978,
Liberia,1977,
Liberia,1976,
Liberia,1975,
Liberia,1974,
Liberia,1973,
Liberia,1972,
Liberia,1971,
Liberia,1970,
Liberia,1969,
Liberia,1968,
Liberia,1967,
Liberia,1966,
Liberia,1965,
Liberia,1964,
Liberia,1963,
Liberia,1962,
Liberia,1961,
Liberia,1960,
Libya,2025,16521.3998152838
Libya,2024,14324.5818697336
Libya,2023,13858.4923072147
Libya,2022,12264.4456986569
Libya,2021,12641.5097714075
Libya,2020,10954.799045265
Libya,2019,16194.1082061146
Libya,2018,18879.3151301984
Libya,2017,18026.0187834008
Libya,2016,16961.0177111717
Libya,2015,17903.2565395803
Libya,2014,17509.5285087845
Libya,2013,21151.0051911633
Libya,2012,26826.0729756733
Libya,2011,15698.0519072612
Libya,2010,30234.0918718926
Libya,2009,29027.1468074142
Libya,2008,30812.2837277832
Libya,2007,30928.9422797878
Libya,2006,28935.6615821971
Libya,2005,26902.8985876684
Libya,2004,23813.4011506352
Libya,2003,22662.7242139337
Libya,2002,20060.639690973
Libya,2001,20331.6315182564
Libya,2000,20616.9848676428
Libya,1999,19769.0244309863
Libya,1998,19639.1947311148
Libya,1997,20438.6399174434
Libya,1996,19392.48696284
Libya,1995,18952.000870496
Libya,1994,19318.2067777209
Libya,1993,18904.2242122807
Libya,1992,19571.9131137088
Libya,1991,20084.6259040481
Libya,1990,17172.6033100613
Libya,1989,
Libya,1988,
Libya,1987,
Libya,1986,
Libya,1985,
Libya,1984,
Libya,1983,
Libya,1982,
Libya,1981,
Libya,1980,
Libya,1979,
Libya,1978,
Libya,1977,
Libya,1976,
Libya,1975,
Libya,1974,
Libya,1973,
Libya,1972,
Libya,1971,
Libya,1970,
Libya,1969,
Libya,1968,
Libya,1967,
Libya,1966,
Libya,1965,
Libya,1964,
Libya,1963,
Libya,1962,
Libya,1961,
Libya,1960,
Liechtenstein,2025,
Liechtenstein,2024,
Liechtenstein,2023,
Liechtenstein,2022,
Liechtenstein,2021,
Liechtenstein,2020,
Liechtenstein,2019,
Liechtenstein,2018,
Liechtenstein,2017,
Liechtenstein,2016,
Liechtenstein,2015,
Liechtenstein,2014,
Liechtenstein,2013,
Liechtenstein,2012,
Liechtenstein,2011,
Liechtenstein,2010,
Liechtenstein,2009,
Liechtenstein,2008,
Liechtenstein,2007,
Liechtenstein,2006,
Liechtenstein,2005,
Liechtenstein,2004,
Liechtenstein,2003,
Liechtenstein,2002,
Liechtenstein,2001,
Liechtenstein,2000,
Liechtenstein,1999,
Liechtenstein,1998,
Liechtenstein,1997,
Liechtenstein,1996,
Liechtenstein,1995,
Liechtenstein,1994,
Liechtenstein,1993,
Liechtenstein,1992,
Liechtenstein,1991,
Liechtenstein,1990,
Liechtenstein,1989,
Liechtenstein,1988,
Liechtenstein,1987,
Liechtenstein,1986,
Liechtenstein,1985,
Liechtenstein,1984,
Liechtenstein,1983,
Liechtenstein,1982,
Liechtenstein,1981,
Liechtenstein,1980,
Liechtenstein,1979,
Liechtenstein,1978,
Liechtenstein,1977,
Liechtenstein,1976,
Liechtenstein,1975,
Liechtenstein,1974,
Liechtenstein,1973,
Liechtenstein,1972,
Liechtenstein,1971,
Liechtenstein,1970,
Liechtenstein,1969,
Liechtenstein,1968,
Liechtenstein,1967,
Liechtenstein,1966,
Liechtenstein,1965,
Liechtenstein,1964,
Liechtenstein,1963,
Liechtenstein,1962,
Liechtenstein,1961,
Liechtenstein,1960,
Lithuania,2025,56837.8067003598
Lithuania,2024,55699.3734421294
Lithuania,2023,52720.0689650863
Lithuania,2022,50653.3394443751
Lithuania,2021,45897.3715026327
Lithuania,2020,41262.7276941725
Lithuania,2019,40563.8304884555
Lithuania,2018,36491.9385223689
Lithuania,2017,31305.0436934372
Lithuania,2016,28698.9887868061
Lithuania,2015,26948.5919371645
Lithuania,2014,26274.7488764946
Lithuania,2013,24889.8726227818
Lithuania,2012,23275.2517553588
Lithuania,2011,21557.6567458052
Lithuania,2010,18718.9043711358
Lithuania,2009,17054.6365568486
Lithuania,2008,19410.0077598903
Lithuania,2007,17968.6445835063
Lithuania,2006,15522.3579257294
Lithuania,2005,13951.3261880977
Lithuania,2004,12605.0201901971
Lithuania,2003,11659.8787391334
Lithuania,2002,10295.5066962899
Lithuania,2001,9399.33656166607
Lithuania,2000,8474.59300330083
Lithuania,1999,7918.40020475407
Lithuania,1998,7846.29533614972
Lithuania,1997,7166.81061906926
Lithuania,1996,6479.19459061105
Lithuania,1995,6022.50226031185
Lithuania,1994,5667.13821359702
Lithuania,1993,6106.66917755272
Lithuania,1992,7087.06648289219
Lithuania,1991,8790.38654588643
Lithuania,1990,9029.81574983868
Lithuania,1989,
Lithuania,1988,
Lithuania,1987,
Lithuania,1986,
Lithuania,1985,
Lithuania,1984,
Lithuania,1983,
Lithuania,1982,
Lithuania,1981,
Lithuania,1980,
Lithuania,1979,
Lithuania,1978,
Lithuania,1977,
Lithuania,1976,
Lithuania,1975,
Lithuania,1974,
Lithuania,1973,
Lithuania,1972,
Lithuania,1971,
Lithuania,1970,
Lithuania,1969,
Lithuania,1968,
Lithuania,1967,
Lithuania,1966,
Lithuania,1965,
Lithuania,1964,
Lithuania,1963,
Lithuania,1962,
Lithuania,1961,
Lithuania,1960,
Luxembourg,2025,156542.075847247
Luxembourg,2024,156079.3685607
Luxembourg,2023,152596.126692093
Luxembourg,2022,146919.145398495
Luxembourg,2021,136772.443753292
Luxembourg,2020,122066.739147202
Luxembourg,2019,121371.73990307
Luxembourg,2018,116638.414163882
Luxembourg,2017,114985.842235989
Luxembourg,2016,113365.176082265
Luxembourg,2015,107859.685999308
Luxembourg,2014,105296.288654407
Luxembourg,2013,100925.011992241
Luxembourg,2012,96636.426643956
Luxembourg,2011,94475.0302265023
Luxembourg,2010,90336.0184704033
Luxembourg,2009,86918.5909104052
Luxembourg,2008,90970.7211980147
Luxembourg,2007,85126.1393867018
Luxembourg,2006,78861.1799499563
Luxembourg,2005,68787.9115407203
Luxembourg,2004,64685.7286866435
Luxembourg,2003,60192.1759452336
Luxembourg,2002,58575.6769297665
Luxembourg,2001,56135.8762322909
Luxembourg,2000,55136.1065732474
Luxembourg,1999,49844.6769627976
Luxembourg,1998,44270.0737044492
Luxembourg,1997,42487.6883828393
Luxembourg,1996,39722.2499406223
Luxembourg,1995,38345.0967648472
Luxembourg,1994,37551.1282645827
Luxembourg,1993,35898.5418756947
Luxembourg,1992,34108.4951917121
Luxembourg,1991,33190.5117274445
Luxembourg,1990,29948.9365501492
Luxembourg,1989,
Luxembourg,1988,
Luxembourg,1987,
Luxembourg,1986,
Luxembourg,1985,
Luxembourg,1984,
Luxembourg,1983,
Luxembourg,1982,
Luxembourg,1981,
Luxembourg,1980,
Luxembourg,1979,
Luxembourg,1978,
Luxembourg,1977,
Luxembourg,1976,
Luxembourg,1975,
Luxembourg,1974,
Luxembourg,1973,
Luxembourg,1972,
Luxembourg,1971,
Luxembourg,1970,
Luxembourg,1969,
Luxembourg,1968,
Luxembourg,1967,
Luxembourg,1966,
Luxembourg,1965,
Luxembourg,1964,
Luxembourg,1963,
Luxembourg,1962,
Luxembourg,1961,
Luxembourg,1960,
"Macao SAR, China",2025,137030.679100085
"Macao SAR, China",2024,127144.298137913
"Macao SAR, China",2023,116424.421317954
"Macao SAR, China",2022,64183.3559914099
"Macao SAR, China",2021,73374.4486829589
"Macao SAR, China",2020,57077.5325705099
"Macao SAR, China",2019,126029.622371097
"Macao SAR, China",2018,129457.998600118
"Macao SAR, China",2017,120774.963080752
"Macao SAR, China",2016,107653.177281832
"Macao SAR, China",2015,108656.763904919
"Macao SAR, China",2014,145187.080794416
"Macao SAR, China",2013,149859.180455113
"Macao SAR, China",2012,133111.616642617
"Macao SAR, China",2011,121085.679344582
"Macao SAR, China",2010,99835.0846373927
"Macao SAR, China",2009,79138.8048024919
"Macao SAR, China",2008,76827.0193039398
"Macao SAR, China",2007,75672.6406136862
"Macao SAR, China",2006,67194.511754482
"Macao SAR, China",2005,60569.4566439746
"Macao SAR, China",2004,56585.3001836574
"Macao SAR, China",2003,44601.818225873
"Macao SAR, China",2002,39641.4818318008
"Macao SAR, China",2001,36214.8513343245
"Macao SAR, China",2000,34686.948719328
"Macao SAR, China",1999,32315.3675269473
"Macao SAR, China",1998,33028.2747002011
"Macao SAR, China",1997,34635.7837683861
"Macao SAR, China",1996,34324.8496985733
"Macao SAR, China",1995,34329.53351475
"Macao SAR, China",1994,33577.0316863918
"Macao SAR, China",1993,32584.8965479581
"Macao SAR, China",1992,31329.8077701314
"Macao SAR, China",1991,28516.2349685888
"Macao SAR, China",1990,27936.3742297986
"Macao SAR, China",1989,
"Macao SAR, China",1988,
"Macao SAR, China",1987,
"Macao SAR, China",1986,
"Macao SAR, China",1985,
"Macao SAR, China",1984,
"Macao SAR, China",1983,
"Macao SAR, China",1982,
"Macao SAR, China",1981,
"Macao SAR, China",1980,
"Macao SAR, China",1979,
"Macao SAR, China",1978,
"Macao SAR, China",1977,
"Macao SAR, China",1976,
"Macao SAR, China",1975,
"Macao SAR, China",1974,
"Macao SAR, China",1973,
"Macao SAR, China",1972,
"Macao SAR, China",1971,
"Macao SAR, China",1970,
"Macao SAR, China",1969,
"Macao SAR, China",1968,
"Macao SAR, China",1967,
"Macao SAR, China",1966,
"Macao SAR, China",1965,
"Macao SAR, China",1964,
"Macao SAR, China",1963,
"Macao SAR, China",1962,
"Macao SAR, China",1961,
"Macao SAR, China",1960,
Madagascar,2025,1952.48426903369
Madagascar,2024,1888.66403175151
Madagascar,2023,1810.09891584306
Madagascar,2022,1716.40079421689
Madagascar,2021,1577.43246056529
Madagascar,2020,1490.32312839072
Madagascar,2019,1612.29772715626
Madagascar,2018,1546.59563549795
Madagascar,2017,1546.88001890817
Madagascar,2016,1561.51962374608
Madagascar,2015,1496.61172412841
Madagascar,2014,1498.83976908219
Madagascar,2013,1473.40398077255
Madagascar,2012,1463.61756926447
Madagascar,2011,1475.17055178114
Madagascar,2010,1463.87646781607
Madagascar,2009,1479.82980027432
Madagascar,2008,1577.33838923053
Madagascar,2007,1493.37544998719
Madagascar,2006,1416.40465949813
Madagascar,2005,1342.51929936041
Madagascar,2004,1279.54611059563
Madagascar,2003,1218.83563167903
Madagascar,2002,1121.08749550396
Madagascar,2001,1298.56378874162
Madagascar,2000,1235.7873393761
Madagascar,1999,1194.15024664612
Madagascar,1998,1161.75088841513
Madagascar,1997,1142.30166097626
Madagascar,1996,1118.76916206941
Madagascar,1995,1110.65249220124
Madagascar,1994,1104.26113404101
Madagascar,1993,1115.76728426897
Madagascar,1992,1100.57896848667
Madagascar,1991,1095.98699612405
Madagascar,1990,1165.82092423793
Madagascar,1989,
Madagascar,1988,
Madagascar,1987,
Madagascar,1986,
Madagascar,1985,
Madagascar,1984,
Madagascar,1983,
Madagascar,1982,
Madagascar,1981,
Madagascar,1980,
Madagascar,1979,
Madagascar,1978,
Madagascar,1977,
Madagascar,1976,
Madagascar,1975,
Madagascar,1974,
Madagascar,1973,
Madagascar,1972,
Madagascar,1971,
Madagascar,1970,
Madagascar,1969,
Madagascar,1968,
Madagascar,1967,
Madagascar,1966,
Madagascar,1965,
Madagascar,1964,
Madagascar,1963,
Madagascar,1962,
Madagascar,1961,
Madagascar,1960,
Malawi,2025,1899.29166528127
Malawi,2024,1860.31534523381
Malawi,2023,1831.97332483901
Malawi,2022,1778.02399491871
Malawi,2021,1687.59358179651
Malawi,2020,1513.45990803344
Malawi,2019,1450.01008064784
Malawi,2018,1363.79445595088
Malawi,2017,1380.23263621737
Malawi,2016,1409.95802703533
Malawi,2015,1403.08451209235
Malawi,2014,1505.55190404024
Malawi,2013,1558.11224745203
Malawi,2012,1464.04323957796
Malawi,2011,1516.2111831915
Malawi,2010,1457.60568304833
Malawi,2009,1387.78991563151
Malawi,2008,1311.44999787357
Malawi,2007,1230.56385436176
Malawi,2006,1124.43826912937
Malawi,2005,1070.93590956856
Malawi,2004,1032.80213910081
Malawi,2003,979.038977924866
Malawi,2002,931.283507511613
Malawi,2001,924.056368286333
Malawi,2000,974.310137465796
Malawi,1999,960.710822955158
Malawi,1998,941.051496389554
Malawi,1997,915.279224970104
Malawi,1996,884.456346954554
Malawi,1995,825.454125680218
Malawi,1994,691.626134386845
Malawi,1993,745.682183274387
Malawi,1992,673.815977200326
Malawi,1991,731.94047487286
Malawi,1990,671.503430325924
Malawi,1989,
Malawi,1988,
Malawi,1987,
Malawi,1986,
Malawi,1985,
Malawi,1984,
Malawi,1983,
Malawi,1982,
Malawi,1981,
Malawi,1980,
Malawi,1979,
Malawi,1978,
Malawi,1977,
Malawi,1976,
Malawi,1975,
Malawi,1974,
Malawi,1973,
Malawi,1972,
Malawi,1971,
Malawi,1970,
Malawi,1969,
Malawi,1968,
Malawi,1967,
Malawi,1966,
Malawi,1965,
Malawi,1964,
Malawi,1963,
Malawi,1962,
Malawi,1961,
Malawi,1960,
Malaysia,2025,41497.6746089548
Malaysia,2024,38835.6013146653
Malaysia,2023,36496.9483630681
Malaysia,2022,34414.4136245222
Malaysia,2021,29822.8491831618
Malaysia,2020,27474.7361378236
Malaysia,2019,28933.928297233
Malaysia,2018,27793.5674222948
Malaysia,2017,26415.5960203287
Malaysia,2016,25285.8213541391
Malaysia,2015,24526.3942716012
Malaysia,2014,24306.5212338415
Malaysia,2013,23160.8924510627
Malaysia,2012,22638.5406944009
Malaysia,2011,21324.3594996498
Malaysia,2010,20193.4092938834
Malaysia,2009,18922.6459510316
Malaysia,2008,19479.8799583693
Malaysia,2007,18616.8070759823
Malaysia,2006,17426.3611679923
Malaysia,2005,16371.4260816627
Malaysia,2004,15415.8063403821
Malaysia,2003,14387.2484913945
Malaysia,2002,13656.0458901484
Malaysia,2001,13071.581413998
Malaysia,2000,13027.2733382127
Malaysia,1999,11979.6797136775
Malaysia,1998,11398.0987116856
Malaysia,1997,12469.3590062855
Malaysia,1996,11709.2669990632
Malaysia,1995,10720.253468707
Malaysia,1994,9806.47179146924
Malaysia,1993,9018.06249385211
Malaysia,1992,8223.80295927448
Malaysia,1991,7582.5694305285
Malaysia,1990,6886.63312538546
Malaysia,1989,
Malaysia,1988,
Malaysia,1987,
Malaysia,1986,
Malaysia,1985,
Malaysia,1984,
Malaysia,1983,
Malaysia,1982,
Malaysia,1981,
Malaysia,1980,
Malaysia,1979,
Malaysia,1978,
Malaysia,1977,
Malaysia,1976,
Malaysia,1975,
Malaysia,1974,
Malaysia,1973,
Malaysia,1972,
Malaysia,1971,
Malaysia,1970,
Malaysia,1969,
Malaysia,1968,
Malaysia,1967,
Malaysia,1966,
Malaysia,1965,
Malaysia,1964,
Malaysia,1963,
Malaysia,1962,
Malaysia,1961,
Malaysia,1960,
Maldives,2025,28554.8945669737
Maldives,2024,26220.8078173473
Maldives,2023,24806.6325837081
Maldives,2022,22876.8862033838
Maldives,2021,19052.6224904311
Maldives,2020,13425.3674459601
Maldives,2019,23077.2112236652
Maldives,2018,21899.4292993843
Maldives,2017,19767.8893613468
Maldives,2016,18769.5060607629
Maldives,2015,17875.0989419262
Maldives,2014,16722.523852619
Maldives,2013,15264.0907069581
Maldives,2012,13988.5973865429
Maldives,2011,13726.3262093446
Maldives,2010,12797.3279258734
Maldives,2009,12265.793046549
Maldives,2008,13778.8197549693
Maldives,2007,12851.7923156043
Maldives,2006,12075.1455750186
Maldives,2005,9704.44334446062
Maldives,2004,10769.7743282762
Maldives,2003,10065.4858051374
Maldives,2002,8822.51726068862
Maldives,2001,8235.80267722731
Maldives,2000,8526.28986339588
Maldives,1999,8161.99616699747
Maldives,1998,7710.31811154429
Maldives,1997,7225.92898342533
Maldives,1996,6686.99408909617
Maldives,1995,6223.48278511237
Maldives,1994,5520.41823685435
Maldives,1993,5137.91071396298
Maldives,1992,4881.12710129281
Maldives,1991,4604.02956722114
Maldives,1990,4527.59399079128
Maldives,1989,
Maldives,1988,
Maldives,1987,
Maldives,1986,
Maldives,1985,
Maldives,1984,
Maldives,1983,
Maldives,1982,
Maldives,1981,
Maldives,1980,
Maldives,1979,
Maldives,1978,
Maldives,1977,
Maldives,1976,
Maldives,1975,
Maldives,1974,
Maldives,1973,
Maldives,1972,
Maldives,1971,
Maldives,1970,
Maldives,1969,
Maldives,1968,
Maldives,1967,
Maldives,1966,
Maldives,1965,
Maldives,1964,
Maldives,1963,
Maldives,1962,
Maldives,1961,
Maldives,1960,
Mali,2025,3502.76132351788
Mali,2024,3321.57614442921
Mali,2023,3178.41515939915
Mali,2022,3013.94334673825
Mali,2021,2796.22793795431
Mali,2020,2723.70094784441
Mali,2019,2819.86582297259
Mali,2018,2684.41122026577
Mali,2017,2606.69607954141
Mali,2016,2531.80496963482
Mali,2015,2330.24293947692
Mali,2014,2184.87660282794
Mali,2013,2059.28407643019
Mali,2012,1990.14805240723
Mali,2011,2046.22567063495
Mali,2010,2011.67894604398
Mali,2009,1944.69828230412
Mali,2008,1893.49514519233
Mali,2007,1852.36282545809
Mali,2006,1831.54924543899
Mali,2005,1770.67795433498
Mali,2004,1730.0922516309
Mali,2003,1714.89753904077
Mali,2002,1581.11108686368
Mali,2001,1558.71870196727
Mali,2000,1356.51736434165
Mali,1999,1375.80601922611
Mali,1998,1332.16384188033
Mali,1997,1266.86064233257
Mali,1996,1223.58249298903
Mali,1995,1154.28545560708
Mali,1994,1146.98873721089
Mali,1993,1086.68093106163
Mali,1992,1038.71477120272
Mali,1991,1091.47043918665
Mali,1990,955.941595878
Mali,1989,
Mali,1988,
Mali,1987,
Mali,1986,
Mali,1985,
Mali,1984,
Mali,1983,
Mali,1982,
Mali,1981,
Mali,1980,
Mali,1979,
Mali,1978,
Mali,1977,
Mali,1976,
Mali,1975,
Mali,1974,
Mali,1973,
Mali,1972,
Mali,1971,
Mali,1970,
Mali,1969,
Mali,1968,
Mali,1967,
Mali,1966,
Mali,1965,
Mali,1964,
Mali,1963,
Mali,1962,
Mali,1961,
Mali,1960,
Malta,2025,72210.3392223985
Malta,2024,70062.9017440762
Malta,2023,67101.1037962636
Malta,2022,60623.0076694404
Malta,2021,56823.9958525022
Malta,2020,49971.8904481582
Malta,2019,51392.5014263659
Malta,2018,48178.5049931669
Malta,2017,45763.6968096243
Malta,2016,41000.1176833537
Malta,2015,38368.726998344
Malta,2014,35205.746954765
Malta,2013,33138.0865932239
Malta,2012,30716.0924476439
Malta,2011,29425.9283203838
Malta,2010,28909.2634787626
Malta,2009,26781.9306229244
Malta,2008,26654.0006455469
Malta,2007,25011.6064200546
Malta,2006,23219.0628242456
Malta,2005,22227.3733711361
Malta,2004,21565.8706313912
Malta,2003,20812.6755173777
Malta,2002,19532.070987512
Malta,2001,18435.0509882135
Malta,2000,18214.5762868266
Malta,1999,16898.390066763
Malta,1998,16219.0141036579
Malta,1997,15465.2687009188
Malta,1996,14661.0136325375
Malta,1995,13949.505270067
Malta,1994,12938.0246341531
Malta,1993,12102.6449263857
Malta,1992,11428.9800411306
Malta,1991,10784.3235848919
Malta,1990,10085.5115651246
Malta,1989,
Malta,1988,
Malta,1987,
Malta,1986,
Malta,1985,
Malta,1984,
Malta,1983,
Malta,1982,
Malta,1981,
Malta,1980,
Malta,1979,
Malta,1978,
Malta,1977,
Malta,1976,
Malta,1975,
Malta,1974,
Malta,1973,
Malta,1972,
Malta,1971,
Malta,1970,
Malta,1969,
Malta,1968,
Malta,1967,
Malta,1966,
Malta,1965,
Malta,1964,
Malta,1963,
Malta,1962,
Malta,1961,
Malta,1960,
Marshall Islands,2025,8964.32212870807
Marshall Islands,2024,8237.95897993999
Marshall Islands,2023,7525.1504555076
Marshall Islands,2022,7431.2014968892
Marshall Islands,2021,6768.82579129624
Marshall Islands,2020,6137.93436122421
Marshall Islands,2019,6045.06240783364
Marshall Islands,2018,5232.20524867928
Marshall Islands,2017,4719.31304912625
Marshall Islands,2016,4366.2576420174
Marshall Islands,2015,4125.16169273671
Marshall Islands,2014,3931.34410633325
Marshall Islands,2013,3845.00357490874
Marshall Islands,2012,3589.66880370483
Marshall Islands,2011,3536.56004235245
Marshall Islands,2010,3473.40469884809
Marshall Islands,2009,3253.15085943638
Marshall Islands,2008,3118.2346709144
Marshall Islands,2007,3309.39754098908
Marshall Islands,2006,3110.05225555358
Marshall Islands,2005,3016.70324370094
Marshall Islands,2004,2879.90589673451
Marshall Islands,2003,2824.27883365075
Marshall Islands,2002,2825.24479921064
Marshall Islands,2001,2700.27054585142
Marshall Islands,2000,2489.96943772146
Marshall Islands,1999,2400.34549116777
Marshall Islands,1998,2422.27194739984
Marshall Islands,1997,2434.0306013377
Marshall Islands,1996,2583.00435386025
Marshall Islands,1995,2857.74831686149
Marshall Islands,1994,2616.64851961221
Marshall Islands,1993,2451.5272745681
Marshall Islands,1992,2293.41097484661
Marshall Islands,1991,2130.52433229469
Marshall Islands,1990,2102.34522654569
Marshall Islands,1989,
Marshall Islands,1988,
Marshall Islands,1987,
Marshall Islands,1986,
Marshall Islands,1985,
Marshall Islands,1984,
Marshall Islands,1983,
Marshall Islands,1982,
Marshall Islands,1981,
Marshall Islands,1980,
Marshall Islands,1979,
Marshall Islands,1978,
Marshall Islands,1977,
Marshall Islands,1976,
Marshall Islands,1975,
Marshall Islands,1974,
Marshall Islands,1973,
Marshall Islands,1972,
Marshall Islands,1971,
Marshall Islands,1970,
Marshall Islands,1969,
Marshall Islands,1968,
Marshall Islands,1967,
Marshall Islands,1966,
Marshall Islands,1965,
Marshall Islands,1964,
Marshall Islands,1963,
Marshall Islands,1962,
Marshall Islands,1961,
Marshall Islands,1960,
Mauritania,2025,7675.51996658445
Mauritania,2024,7379.45422386145
Mauritania,2023,6971.65100210032
Mauritania,2022,6483.80020315347
Mauritania,2021,5836.56580821897
Mauritania,2020,5740.73959690131
Mauritania,2019,5610.13236713892
Mauritania,2018,5429.23223059784
Mauritania,2017,5353.06608810409
Mauritania,2016,4682.70259690031
Mauritania,2015,3977.61171275863
Mauritania,2014,3865.1425867687
Mauritania,2013,3831.04711074225
Mauritania,2012,3464.97661167288
Mauritania,2011,3270.86251435426
Mauritania,2010,3177.84436626742
Mauritania,2009,3158.74414243775
Mauritania,2008,3235.99782239327
Mauritania,2007,3278.27661378558
Mauritania,2006,3341.70718361046
Mauritania,2005,2809.03507988901
Mauritania,2004,2570.29404940805
Mauritania,2003,2446.69817682165
Mauritania,2002,2295.80500958958
Mauritania,2001,2279.72711445492
Mauritania,2000,2303.66639631566
Mauritania,1999,2410.67448375032
Mauritania,1998,2354.93828941937
Mauritania,1997,2325.34910586805
Mauritania,1996,2435.9464664726
Mauritania,1995,2305.7551945909
Mauritania,1994,2113.65838257428
Mauritania,1993,2208.5726112671
Mauritania,1992,2121.857687128
Mauritania,1991,2115.85368186392
Mauritania,1990,2070.29062819454
Mauritania,1989,
Mauritania,1988,
Mauritania,1987,
Mauritania,1986,
Mauritania,1985,
Mauritania,1984,
Mauritania,1983,
Mauritania,1982,
Mauritania,1981,
Mauritania,1980,
Mauritania,1979,
Mauritania,1978,
Mauritania,1977,
Mauritania,1976,
Mauritania,1975,
Mauritania,1974,
Mauritania,1973,
Mauritania,1972,
Mauritania,1971,
Mauritania,1970,
Mauritania,1969,
Mauritania,1968,
Mauritania,1967,
Mauritania,1966,
Mauritania,1965,
Mauritania,1964,
Mauritania,1963,
Mauritania,1962,
Mauritania,1961,
Mauritania,1960,
Mauritius,2025,33666.64355884
Mauritius,2024,31696.7381226145
Mauritius,2023,29402.9391464973
Mauritius,2022,26783.5527116445
Mauritius,2021,23010.2013826906
Mauritius,2020,21621.5971225157
Mauritius,2019,24374.7818286567
Mauritius,2018,23415.5237589118
Mauritius,2017,22897.9700922103
Mauritius,2016,21951.8307433111
Mauritius,2015,20269.5235095611
Mauritius,2014,19294.4682829556
Mauritius,2013,18435.2031858653
Mauritius,2012,17259.4018011358
Mauritius,2011,16883.5658209611
Mauritius,2010,15909.2655877327
Mauritius,2009,15092.1207032498
Mauritius,2008,14550.0931340656
Mauritius,2007,13584.6344760343
Mauritius,2006,12562.6029628769
Mauritius,2005,11675.6699007399
Mauritius,2004,11189.052576406
Mauritius,2003,10509.5278979796
Mauritius,2002,9800.19993511799
Mauritius,2001,9563.02954358521
Mauritius,2000,9121.28424102296
Mauritius,1999,8324.4850986333
Mauritius,1998,8101.81073780054
Mauritius,1997,7632.98105088581
Mauritius,1996,7189.24197337266
Mauritius,1995,6755.10314712093
Mauritius,1994,6399.141753536
Mauritius,1993,6101.33974817943
Mauritius,1992,5739.4631902455
Mauritius,1991,5338.24167997979
Mauritius,1990,4997.97660512744
Mauritius,1989,
Mauritius,1988,
Mauritius,1987,
Mauritius,1986,
Mauritius,1985,
Mauritius,1984,
Mauritius,1983,
Mauritius,1982,
Mauritius,1981,
Mauritius,1980,
Mauritius,1979,
Mauritius,1978,
Mauritius,1977,
Mauritius,1976,
Mauritius,1975,
Mauritius,1974,
Mauritius,1973,
Mauritius,1972,
Mauritius,1971,
Mauritius,1970,
Mauritius,1969,
Mauritius,1968,
Mauritius,1967,
Mauritius,1966,
Mauritius,1965,
Mauritius,1964,
Mauritius,1963,
Mauritius,1962,
Mauritius,1961,
Mauritius,1960,
Mexico,2025,25868.4787520629
Mexico,2024,25820.3527960242
Mexico,2023,25188.3182559609
Mexico,2022,23135.4931593441
Mexico,2021,20782.5877440905
Mexico,2020,19354.1248682138
Mexico,2019,20964.2774863762
Mexico,2018,20921.4775294879
Mexico,2017,20488.715079135
Mexico,2016,20104.5839787472
Mexico,2015,19071.4444186548
Mexico,2014,18820.799110896
Mexico,2013,18170.2647920555
Mexico,2012,18004.793559665
Mexico,2011,17266.8129106549
Mexico,2010,15909.1464952239
Mexico,2009,15190.8744507263
Mexico,2008,15680.5761933269
Mexico,2007,15031.5804096687
Mexico,2006,14540.4500497636
Mexico,2005,13260.2388173408
Mexico,2004,12658.1646665687
Mexico,2003,12065.9368582938
Mexico,2002,11761.8865901666
Mexico,2001,11738.8928661183
Mexico,2000,11704.6853532773
Mexico,1999,11030.5214325384
Mexico,1998,10755.5944103753
Mexico,1997,10182.087598628
Mexico,1996,9495.71013610154
Mexico,1995,8932.73040130287
Mexico,1994,9465.90235452203
Mexico,1993,9040.50553246324
Mexico,1992,9469.67304688292
Mexico,1991,9078.60557528736
Mexico,1990,8577.86239058383
Mexico,1989,
Mexico,1988,
Mexico,1987,
Mexico,1986,
Mexico,1985,
Mexico,1984,
Mexico,1983,
Mexico,1982,
Mexico,1981,
Mexico,1980,
Mexico,1979,
Mexico,1978,
Mexico,1977,
Mexico,1976,
Mexico,1975,
Mexico,1974,
Mexico,1973,
Mexico,1972,
Mexico,1971,
Mexico,1970,
Mexico,1969,
Mexico,1968,
Mexico,1967,
Mexico,1966,
Mexico,1965,
Mexico,1964,
Mexico,1963,
Mexico,1962,
Mexico,1961,
Mexico,1960,
"Micronesia, Fed. Sts.",2025,4604.39540764468
"Micronesia, Fed. Sts.",2024,4452.31995062055
"Micronesia, Fed. Sts.",2023,4266.72631824787
"Micronesia, Fed. Sts.",2022,4087.19316400156
"Micronesia, Fed. Sts.",2021,3955.73141317971
"Micronesia, Fed. Sts.",2020,3692.79209583749
"Micronesia, Fed. Sts.",2019,3741.7086219508
"Micronesia, Fed. Sts.",2018,3563.60005687114
"Micronesia, Fed. Sts.",2017,3483.25006151113
"Micronesia, Fed. Sts.",2016,3364.89549915246
"Micronesia, Fed. Sts.",2015,3302.59669394506
"Micronesia, Fed. Sts.",2014,3143.99458220276
"Micronesia, Fed. Sts.",2013,3179.56246692763
"Micronesia, Fed. Sts.",2012,3253.55127847013
"Micronesia, Fed. Sts.",2011,3252.43771271035
"Micronesia, Fed. Sts.",2010,3075.08979926247
"Micronesia, Fed. Sts.",2009,2975.56757888658
"Micronesia, Fed. Sts.",2008,2893.17634690755
"Micronesia, Fed. Sts.",2007,2887.19449336451
"Micronesia, Fed. Sts.",2006,2836.56288751884
"Micronesia, Fed. Sts.",2005,2746.1836220643
"Micronesia, Fed. Sts.",2004,2579.71812251083
"Micronesia, Fed. Sts.",2003,2586.63289408174
"Micronesia, Fed. Sts.",2002,2489.001435194
"Micronesia, Fed. Sts.",2001,2441.90176392681
"Micronesia, Fed. Sts.",2000,2352.15726541916
"Micronesia, Fed. Sts.",1999,2205.55615211361
"Micronesia, Fed. Sts.",1998,2156.35605473566
"Micronesia, Fed. Sts.",1997,2079.28017730556
"Micronesia, Fed. Sts.",1996,2186.50285400572
"Micronesia, Fed. Sts.",1995,2231.03839464076
"Micronesia, Fed. Sts.",1994,2063.60939957091
"Micronesia, Fed. Sts.",1993,2069.44216146681
"Micronesia, Fed. Sts.",1992,1909.65838619905
"Micronesia, Fed. Sts.",1991,1831.00799784065
"Micronesia, Fed. Sts.",1990,1679.15424401233
"Micronesia, Fed. Sts.",1989,
"Micronesia, Fed. Sts.",1988,
"Micronesia, Fed. Sts.",1987,
"Micronesia, Fed. Sts.",1986,
"Micronesia, Fed. Sts.",1985,
"Micronesia, Fed. Sts.",1984,
"Micronesia, Fed. Sts.",1983,
"Micronesia, Fed. Sts.",1982,
"Micronesia, Fed. Sts.",1981,
"Micronesia, Fed. Sts.",1980,
"Micronesia, Fed. Sts.",1979,
"Micronesia, Fed. Sts.",1978,
"Micronesia, Fed. Sts.",1977,
"Micronesia, Fed. Sts.",1976,
"Micronesia, Fed. Sts.",1975,
"Micronesia, Fed. Sts.",1974,
"Micronesia, Fed. Sts.",1973,
"Micronesia, Fed. Sts.",1972,
"Micronesia, Fed. Sts.",1971,
"Micronesia, Fed. Sts.",1970,
"Micronesia, Fed. Sts.",1969,
"Micronesia, Fed. Sts.",1968,
"Micronesia, Fed. Sts.",1967,
"Micronesia, Fed. Sts.",1966,
"Micronesia, Fed. Sts.",1965,
"Micronesia, Fed. Sts.",1964,
"Micronesia, Fed. Sts.",1963,
"Micronesia, Fed. Sts.",1962,
"Micronesia, Fed. Sts.",1961,
"Micronesia, Fed. Sts.",1960,
Moldova,2025,19995.7590923995
Moldova,2024,18661.6606470212
Moldova,2023,17750.5576656772
Moldova,2022,16442.1034354056
Moldova,2021,15682.0703284653
Moldova,2020,13527.4413130967
Moldova,2019,13413.2232935126
Moldova,2018,11868.1955463223
Moldova,2017,11252.1135465283
Moldova,2016,10325.8404896126
Moldova,2015,9197.61838204272
Moldova,2014,8643.06431435343
Moldova,2013,8232.5238047368
Moldova,2012,7254.66249032313
Moldova,2011,6832.94156502961
Moldova,2010,6323.06287884543
Moldova,2009,5827.17888888707
Moldova,2008,6153.35152126272
Moldova,2007,5589.56850750246
Moldova,2006,5271.38970438369
Moldova,2005,4865.93456426333
Moldova,2004,4378.1747578588
Moldova,2003,3959.95150993128
Moldova,2002,3632.61091817766
Moldova,2001,3310.52882648421
Moldova,2000,3044.67050566766
Moldova,1999,2909.85034989751
Moldova,1998,2964.60151636776
Moldova,1997,3135.60702545771
Moldova,1996,3021.30988314693
Moldova,1995,3145.94580505229
Moldova,1994,3110.82300823179
Moldova,1993,4394.14185940266
Moldova,1992,4337.2468015369
Moldova,1991,5979.9078909864
Moldova,1990,6894.51372357742
Moldova,1989,
Moldova,1988,
Moldova,1987,
Moldova,1986,
Moldova,1985,
Moldova,1984,
Moldova,1983,
Moldova,1982,
Moldova,1981,
Moldova,1980,
Moldova,1979,
Moldova,1978,
Moldova,1977,
Moldova,1976,
Moldova,1975,
Moldova,1974,
Moldova,1973,
Moldova,1972,
Moldova,1971,
Moldova,1970,
Moldova,1969,
Moldova,1968,
Moldova,1967,
Moldova,1966,
Moldova,1965,
Moldova,1964,
Moldova,1963,
Moldova,1962,
Moldova,1961,
Moldova,1960,
Monaco,2025,
Monaco,2024,
Monaco,2023,
Monaco,2022,
Monaco,2021,
Monaco,2020,
Monaco,2019,
Monaco,2018,
Monaco,2017,
Monaco,2016,
Monaco,2015,
Monaco,2014,
Monaco,2013,
Monaco,2012,
Monaco,2011,
Monaco,2010,
Monaco,2009,
Monaco,2008,
Monaco,2007,
Monaco,2006,
Monaco,2005,
Monaco,2004,
Monaco,2003,
Monaco,2002,
Monaco,2001,
Monaco,2000,
Monaco,1999,
Monaco,1998,
Monaco,1997,
Monaco,1996,
Monaco,1995,
Monaco,1994,
Monaco,1993,
Monaco,1992,
Monaco,1991,
Monaco,1990,
Monaco,1989,
Monaco,1988,
Monaco,1987,
Monaco,1986,
Monaco,1985,
Monaco,1984,
Monaco,1983,
Monaco,1982,
Monaco,1981,
Monaco,1980,
Monaco,1979,
Monaco,1978,
Monaco,1977,
Monaco,1976,
Monaco,1975,
Monaco,1974,
Monaco,1973,
Monaco,1972,
Monaco,1971,
Monaco,1970,
Monaco,1969,
Monaco,1968,
Monaco,1967,
Monaco,1966,
Monaco,1965,
Monaco,1964,
Monaco,1963,
Monaco,1962,
Monaco,1961,
Monaco,1960,
Mongolia,2025,20797.7652692242
Mongolia,2024,19172.5295870282
Mongolia,2023,18019.6912274585
Mongolia,2022,16399.3900820069
Mongolia,2021,14792.2509086422
Mongolia,2020,13693.179806943
Mongolia,2019,13604.978943194
Mongolia,2018,12317.4824277695
Mongolia,2017,11096.0375604239
Mongolia,2016,10511.3831063141
Mongolia,2015,10458.3027240524
Mongolia,2014,10900.2305197857
Mongolia,2013,10442.3850504493
Mongolia,2012,10151.7217998165
Mongolia,2011,8861.82052869304
Mongolia,2010,7531.62557418036
Mongolia,2009,7119.3942421903
Mongolia,2008,7296.5807364588
Mongolia,2007,6678.05474329676
Mongolia,2006,5977.19688733392
Mongolia,2005,5406.14341975834
Mongolia,2004,4941.82663698115
Mongolia,2003,4399.3653792179
Mongolia,2002,4083.38422157411
Mongolia,2001,3888.85528584322
Mongolia,2000,3739.69666838045
Mongolia,1999,3663.72711220879
Mongolia,1998,3554.76886714723
Mongolia,1997,3449.23435970723
Mongolia,1996,3310.16087029251
Mongolia,1995,3228.9736975476
Mongolia,1994,3021.36094269574
Mongolia,1993,2928.83799415543
Mongolia,1992,2951.02362002866
Mongolia,1991,3183.18477836356
Mongolia,1990,3479.28734526723
Mongolia,1989,
Mongolia,1988,
Mongolia,1987,
Mongolia,1986,
Mongolia,1985,
Mongolia,1984,
Mongolia,1983,
Mongolia,1982,
Mongolia,1981,
Mongolia,1980,
Mongolia,1979,
Mongolia,1978,
Mongolia,1977,
Mongolia,1976,
Mongolia,1975,
Mongolia,1974,
Mongolia,1973,
Mongolia,1972,
Mongolia,1971,
Mongolia,1970,
Mongolia,1969,
Mongolia,1968,
Mongolia,1967,
Mongolia,1966,
Mongolia,1965,
Mongolia,1964,
Mongolia,1963,
Mongolia,1962,
Mongolia,1961,
Mongolia,1960,
Montenegro,2025,35422.6449824931
Montenegro,2024,34062.8241865953
Montenegro,2023,31862.873635118
Montenegro,2022,28049.7293227735
Montenegro,2021,23689.9791090651
Montenegro,2020,20624.7887553398
Montenegro,2019,23705.3800229705
Montenegro,2018,21083.6815338423
Montenegro,2017,19356.6672508566
Montenegro,2016,18030.1591692766
Montenegro,2015,16091.7231229959
Montenegro,2014,15276.0532461713
Montenegro,2013,14692.0792745799
Montenegro,2012,13792.4877025819
Montenegro,2011,14347.4564724043
Montenegro,2010,13612.3242240322
Montenegro,2009,12976.2576863421
Montenegro,2008,13801.987650094
Montenegro,2007,12452.2384875042
Montenegro,2006,10440.2950128752
Montenegro,2005,8313.63864460773
Montenegro,2004,7841.47921235025
Montenegro,2003,7340.3137283982
Montenegro,2002,7100.32199478084
Montenegro,2001,6771.54389775246
Montenegro,2000,6003.88513205453
Montenegro,1999,5684.49661332504
Montenegro,1998,6169.8191868716
Montenegro,1997,5798.52302397269
Montenegro,1996,
Montenegro,1995,
Montenegro,1994,
Montenegro,1993,
Montenegro,1992,
Montenegro,1991,
Montenegro,1990,
Montenegro,1989,
Montenegro,1988,
Montenegro,1987,
Montenegro,1986,
Montenegro,1985,
Montenegro,1984,
Montenegro,1983,
Montenegro,1982,
Montenegro,1981,
Montenegro,1980,
Montenegro,1979,
Montenegro,1978,
Montenegro,1977,
Montenegro,1976,
Montenegro,1975,
Montenegro,1974,
Montenegro,1973,
Montenegro,1972,
Montenegro,1971,
Montenegro,1970,
Montenegro,1969,
Montenegro,1968,
Montenegro,1967,
Montenegro,1966,
Montenegro,1965,
Montenegro,1964,
Montenegro,1963,
Montenegro,1962,
Montenegro,1961,
Montenegro,1960,
Morocco,2025,11111.7080078125
Morocco,2024,10430.2490234375
Morocco,2023,9902.8056640625
Morocco,2022,9308.556640625
Morocco,2021,8623.265625
Morocco,2020,7704.84912109375
Morocco,2019,8046.22900390625
Morocco,2018,7801.0986328125
Morocco,2017,8115.12060546875
Morocco,2016,7853.17626953125
Morocco,2015,7799.09228515625
Morocco,2014,7237.27734375
Morocco,2013,7542.0986328125
Morocco,2012,7307.6123046875
Morocco,2011,7274.1474609375
Morocco,2010,6848.66748046875
Morocco,2009,6628.57666015625
Morocco,2008,6437.0634765625
Morocco,2007,6057.935546875
Morocco,2006,5780.6181640625
Morocco,2005,5274.74169921875
Morocco,2004,5024.6943359375
Morocco,2003,4741.0615234375
Morocco,2002,4436.4287109375
Morocco,2001,4268.86962890625
Morocco,2000,3930.22314453125
Morocco,1999,3800.6298828125
Morocco,1998,3740.35913085938
Morocco,1997,3502.00805664063
Morocco,1996,3551.25610351563
Morocco,1995,3152.42724609375
Morocco,1994,3314.78149414063
Morocco,1993,2979.28686523438
Morocco,1992,2979.068359375
Morocco,1991,3025.00708007813
Morocco,1990,2776.82250976563
Morocco,1989,
Morocco,1988,
Morocco,1987,
Morocco,1986,
Morocco,1985,
Morocco,1984,
Morocco,1983,
Morocco,1982,
Morocco,1981,
Morocco,1980,
Morocco,1979,
Morocco,1978,
Morocco,1977,
Morocco,1976,
Morocco,1975,
Morocco,1974,
Morocco,1973,
Morocco,1972,
Morocco,1971,
Morocco,1970,
Morocco,1969,
Morocco,1968,
Morocco,1967,
Morocco,1966,
Morocco,1965,
Morocco,1964,
Morocco,1963,
Morocco,1962,
Morocco,1961,
Morocco,1960,
Mozambique,2025,1697.94109338132
Mozambique,2024,1708.3035966667
Mozambique,2023,1680.20873445078
Mozambique,2022,1581.76710168717
Mozambique,2021,1457.23540930922
Mozambique,2020,1411.62040229911
Mozambique,2019,1388.79707034446
Mozambique,2018,1325.58695568953
Mozambique,2017,1282.74965991801
Mozambique,2016,1379.10740028691
Mozambique,2015,1317.88785956822
Mozambique,2014,1165.82826607505
Mozambique,2013,1113.7525275929
Mozambique,2012,1075.87786085361
Mozambique,2011,1063.65543296311
Mozambique,2010,1000.24114863211
Mozambique,2009,951.485453773408
Mozambique,2008,916.155850201632
Mozambique,2007,861.987682707446
Mozambique,2006,798.387667647138
Mozambique,2005,721.411761937554
Mozambique,2004,673.345717274031
Mozambique,2003,619.98751067723
Mozambique,2002,580.04092141489
Mozambique,2001,532.627310164548
Mozambique,2000,471.967329745379
Mozambique,1999,468.208668521334
Mozambique,1998,422.267281554492
Mozambique,1997,387.059044304926
Mozambique,1996,349.731938672151
Mozambique,1995,320.599890290553
Mozambique,1994,326.441684469624
Mozambique,1993,321.278518967924
Mozambique,1992,291.989332747883
Mozambique,1991,314.93003874082
Mozambique,1990,296.038508730815
Mozambique,1989,
Mozambique,1988,
Mozambique,1987,
Mozambique,1986,
Mozambique,1985,
Mozambique,1984,
Mozambique,1983,
Mozambique,1982,
Mozambique,1981,
Mozambique,1980,
Mozambique,1979,
Mozambique,1978,
Mozambique,1977,
Mozambique,1976,
Mozambique,1975,
Mozambique,1974,
Mozambique,1973,
Mozambique,1972,
Mozambique,1971,
Mozambique,1970,
Mozambique,1969,
Mozambique,1968,
Mozambique,1967,
Mozambique,1966,
Mozambique,1965,
Mozambique,1964,
Mozambique,1963,
Mozambique,1962,
Mozambique,1961,
Mozambique,1960,
Myanmar,2025,6011.53492175516
Myanmar,2024,6006.17514543646
Myanmar,2023,5958.26424874022
Myanmar,2022,5731.02947916374
Myanmar,2021,5178.44718217164
Myanmar,2020,5740.99045843992
Myanmar,2019,6101.37245765709
Myanmar,2018,5581.2769545815
Myanmar,2017,4706.43248949598
Myanmar,2016,4459.53981427471
Myanmar,2015,4458.69054442659
Myanmar,2014,4376.38833281274
Myanmar,2013,4143.63012731959
Myanmar,2012,3845.15284153671
Myanmar,2011,3579.40482970626
Myanmar,2010,3348.12889486108
Myanmar,2009,3039.79982340763
Myanmar,2008,2748.07921328795
Myanmar,2007,2458.85746429843
Myanmar,2006,2152.86730948266
Myanmar,2005,1860.45413156103
Myanmar,2004,1600.84105609832
Myanmar,2003,1384.52851824933
Myanmar,2002,1203.82630731738
Myanmar,2001,1068.82590522773
Myanmar,2000,948.748285145052
Myanmar,1999,824.781053973128
Myanmar,1998,741.817471553714
Myanmar,1997,701.62799014145
Myanmar,1996,661.218060536978
Myanmar,1995,617.89610140225
Myanmar,1994,573.291923971988
Myanmar,1993,529.208215555509
Myanmar,1992,494.084437468371
Myanmar,1991,446.58318047111
Myanmar,1990,441.10328756318
Myanmar,1989,
Myanmar,1988,
Myanmar,1987,
Myanmar,1986,
Myanmar,1985,
Myanmar,1984,
Myanmar,1983,
Myanmar,1982,
Myanmar,1981,
Myanmar,1980,
Myanmar,1979,
Myanmar,1978,
Myanmar,1977,
Myanmar,1976,
Myanmar,1975,
Myanmar,1974,
Myanmar,1973,
Myanmar,1972,
Myanmar,1971,
Myanmar,1970,
Myanmar,1969,
Myanmar,1968,
Myanmar,1967,
Myanmar,1966,
Myanmar,1965,
Myanmar,1964,
Myanmar,1963,
Myanmar,1962,
Myanmar,1961,
Myanmar,1960,
Namibia,2025,11985.7200318677
Namibia,2024,11697.9201596588
Namibia,2023,11247.8071969605
Namibia,2022,10661.0118776397
Namibia,2021,9709.09930646771
Namibia,2020,9354.13136713077
Namibia,2019,9609.48555672874
Namibia,2018,9853.73533646074
Namibia,2017,9887.9393548255
Namibia,2016,10200.1392609733
Namibia,2015,10465.8920558516
Namibia,2014,10365.3090596781
Namibia,2013,9699.2083777865
Namibia,2012,9363.76632318029
Namibia,2011,9002.23004537057
Namibia,2010,8538.19995368046
Namibia,2009,8079.38392294329
Namibia,2008,8124.81517858083
Namibia,2007,7874.93144475315
Namibia,2006,7373.75822216132
Namibia,2005,6766.59981200486
Namibia,2004,6479.76368970882
Namibia,2003,5692.63373748702
Namibia,2002,5433.26902712324
Namibia,2001,5196.15009840192
Namibia,2000,5128.61433626783
Namibia,1999,4961.12432639091
Namibia,1998,4851.59229365886
Namibia,1997,4764.34078063721
Namibia,1996,4611.75800015624
Namibia,1995,4509.12972890516
Namibia,1994,4376.06545255451
Namibia,1993,4344.62452108952
Namibia,1992,4451.93564349773
Namibia,1991,4191.70793395379
Namibia,1990,3875.47043220587
Namibia,1989,
Namibia,1988,
Namibia,1987,
Namibia,1986,
Namibia,1985,
Namibia,1984,
Namibia,1983,
Namibia,1982,
Namibia,1981,
Namibia,1980,
Namibia,1979,
Namibia,1978,
Namibia,1977,
Namibia,1976,
Namibia,1975,
Namibia,1974,
Namibia,1973,
Namibia,1972,
Namibia,1971,
Namibia,1970,
Namibia,1969,
Namibia,1968,
Namibia,1967,
Namibia,1966,
Namibia,1965,
Namibia,1964,
Namibia,1963,
Namibia,1962,
Namibia,1961,
Namibia,1960,
Naoero,2025,14200.486778198
Naoero,2024,13612.0368416276
Naoero,2023,13171.9554999008
Naoero,2022,12874.2258577781
Naoero,2021,12113.787764494
Naoero,2020,10812.6428193461
Naoero,2019,10554.5218533653
Naoero,2018,9657.26073559414
Naoero,2017,9650.31890022601
Naoero,2016,10281.2673986708
Naoero,2015,9955.33548658446
Naoero,2014,9725.95214789212
Naoero,2013,8428.73256787424
Naoero,2012,8153.2726234426
Naoero,2011,6544.10299768768
Naoero,2010,5620.40413018656
Naoero,2009,5567.88916465869
Naoero,2008,5863.37099268302
Naoero,2007,4788.51763153478
Naoero,2006,5974.81684406817
Naoero,2005,5336.45554920321
Naoero,2004,5168.5625292573
Naoero,2003,5260.70230139632
Naoero,2002,5132.4755600401
Naoero,2001,5587.09829790233
Naoero,2000,5838.3855113793
Naoero,1999,6117.86676692167
Naoero,1998,6449.61783388711
Naoero,1997,7230.94764199118
Naoero,1996,7818.1444603936
Naoero,1995,8726.05388706325
Naoero,1994,9307.97332274608
Naoero,1993,9512.73279011168
Naoero,1992,11167.4868891483
Naoero,1991,13265.17072793
Naoero,1990,16215.1640243777
Naoero,1989,
Naoero,1988,
Naoero,1987,
Naoero,1986,
Naoero,1985,
Naoero,1984,
Naoero,1983,
Naoero,1982,
Naoero,1981,
Naoero,1980,
Naoero,1979,
Naoero,1978,
Naoero,1977,
Naoero,1976,
Naoero,1975,
Naoero,1974,
Naoero,1973,
Naoero,1972,
Naoero,1971,
Naoero,1970,
Naoero,1969,
Naoero,1968,
Naoero,1967,
Naoero,1966,
Naoero,1965,
Naoero,1964,
Naoero,1963,
Naoero,1962,
Naoero,1961,
Naoero,1960,
Nepal,2025,6175.15897150244
Nepal,2024,5745.64525192255
Nepal,2023,5399.65505811688
Nepal,2022,5102.18358728663
Nepal,2021,4546.22970006289
Nepal,2020,4235.57462326905
Nepal,2019,4260.67373190851
Nepal,2018,3956.12461094443
Nepal,2017,3604.70825949747
Nepal,2016,2976.12513681451
Nepal,2015,2957.30559145504
Nepal,2014,2901.19752086169
Nepal,2013,2658.02196886933
Nepal,2012,2465.83469449131
Nepal,2011,2247.99742932205
Nepal,2010,2139.22749377022
Nepal,2009,2028.95740755659
Nepal,2008,1942.15299686447
Nepal,2007,1809.32371239814
Nepal,2006,1717.78611780423
Nepal,2005,1627.83915595165
Nepal,2004,1542.44947640352
Nepal,2003,1453.18365784639
Nepal,2002,1390.4370697205
Nepal,2001,1388.47045456877
Nepal,2000,1316.82940909194
Nepal,1999,1233.66141094208
Nepal,1998,1186.9248559648
Nepal,1997,1161.98176079821
Nepal,1996,1110.22192684656
Nepal,1995,1058.20747639756
Nepal,1994,1026.08370074147
Nepal,1993,951.910370770012
Nepal,1992,920.181508611724
Nepal,1991,888.914821161927
Nepal,1990,829.554109132846
Nepal,1989,
Nepal,1988,
Nepal,1987,
Nepal,1986,
Nepal,1985,
Nepal,1984,
Nepal,1983,
Nepal,1982,
Nepal,1981,
Nepal,1980,
Nepal,1979,
Nepal,1978,
Nepal,1977,
Nepal,1976,
Nepal,1975,
Nepal,1974,
Nepal,1973,
Nepal,1972,
Nepal,1971,
Nepal,1970,
Nepal,1969,
Nepal,1968,
Nepal,1967,
Nepal,1966,
Nepal,1965,
Nepal,1964,
Nepal,1963,
Nepal,1962,
Nepal,1961,
Nepal,1960,
Netherlands,2025,87320.1477254029
Netherlands,2024,85218.3689343246
Netherlands,2023,80391.6029350952
Netherlands,2022,78630.3599072098
Netherlands,2021,68573.5648786447
Netherlands,2020,62596.6302027524
Netherlands,2019,62345.2538465433
Netherlands,2018,58819.2609142584
Netherlands,2017,56037.567993606
Netherlands,2016,53162.2791598028
Netherlands,2015,50956.6930942185
Netherlands,2014,49751.3092860822
Netherlands,2013,49622.0519614799
Netherlands,2012,47653.3401651371
Netherlands,2011,47004.1370739062
Netherlands,2010,45301.269581608
Netherlands,2009,44959.169463743
Netherlands,2008,46714.3454301392
Netherlands,2007,44203.4002135804
Netherlands,2006,41208.0462204734
Netherlands,2005,37778.4864360065
Netherlands,2004,35960.7138360683
Netherlands,2003,34286.3833524783
Netherlands,2002,34568.4593268108
Netherlands,2001,33259.4535966288
Netherlands,2000,31894.6590915933
Netherlands,1999,29316.2634775738
Netherlands,1998,27748.824897953
Netherlands,1997,26061.6297339405
Netherlands,1996,24564.1192126848
Netherlands,1995,23480.2458181734
Netherlands,1994,22413.5258774144
Netherlands,1993,21442.7269213863
Netherlands,1992,20830.7613437333
Netherlands,1991,20176.9779276602
Netherlands,1990,19202.9869557536
Netherlands,1989,
Netherlands,1988,
Netherlands,1987,
Netherlands,1986,
Netherlands,1985,
Netherlands,1984,
Netherlands,1983,
Netherlands,1982,
Netherlands,1981,
Netherlands,1980,
Netherlands,1979,
Netherlands,1978,
Netherlands,1977,
Netherlands,1976,
Netherlands,1975,
Netherlands,1974,
Netherlands,1973,
Netherlands,1972,
Netherlands,1971,
Netherlands,1970,
Netherlands,1969,
Netherlands,1968,
Netherlands,1967,
Netherlands,1966,
Netherlands,1965,
Netherlands,1964,
Netherlands,1963,
Netherlands,1962,
Netherlands,1961,
Netherlands,1960,
New Caledonia,2025,
New Caledonia,2024,
New Caledonia,2023,
New Caledonia,2022,
New Caledonia,2021,
New Caledonia,2020,
New Caledonia,2019,
New Caledonia,2018,
New Caledonia,2017,
New Caledonia,2016,
New Caledonia,2015,
New Caledonia,2014,
New Caledonia,2013,
New Caledonia,2012,
New Caledonia,2011,
New Caledonia,2010,
New Caledonia,2009,
New Caledonia,2008,
New Caledonia,2007,
New Caledonia,2006,
New Caledonia,2005,
New Caledonia,2004,
New Caledonia,2003,
New Caledonia,2002,
New Caledonia,2001,
New Caledonia,2000,
New Caledonia,1999,
New Caledonia,1998,
New Caledonia,1997,
New Caledonia,1996,
New Caledonia,1995,
New Caledonia,1994,
New Caledonia,1993,
New Caledonia,1992,
New Caledonia,1991,
New Caledonia,1990,
New Caledonia,1989,
New Caledonia,1988,
New Caledonia,1987,
New Caledonia,1986,
New Caledonia,1985,
New Caledonia,1984,
New Caledonia,1983,
New Caledonia,1982,
New Caledonia,1981,
New Caledonia,1980,
New Caledonia,1979,
New Caledonia,1978,
New Caledonia,1977,
New Caledonia,1976,
New Caledonia,1975,
New Caledonia,1974,
New Caledonia,1973,
New Caledonia,1972,
New Caledonia,1971,
New Caledonia,1970,
New Caledonia,1969,
New Caledonia,1968,
New Caledonia,1967,
New Caledonia,1966,
New Caledonia,1965,
New Caledonia,1964,
New Caledonia,1963,
New Caledonia,1962,
New Caledonia,1961,
New Caledonia,1960,
New Zealand,2025,57350.3627657521
New Zealand,2024,55793.9990422226
New Zealand,2023,54949.699278118
New Zealand,2022,54080.0485491723
New Zealand,2021,48202.0913368233
New Zealand,2020,45574.965884882
New Zealand,2019,45295.8241222088
New Zealand,2018,42475.2252680795
New Zealand,2017,42205.9071706198
New Zealand,2016,39963.6051110409
New Zealand,2015,37497.1502090982
New Zealand,2014,37315.9476428103
New Zealand,2013,36249.6271005735
New Zealand,2012,33045.0345114988
New Zealand,2011,32733.9226283709
New Zealand,2010,31305.3299504124
New Zealand,2009,30746.1551656083
New Zealand,2008,29895.6451662949
New Zealand,2007,29331.2143367859
New Zealand,2006,27732.3439124039
New Zealand,2005,25677.4190803252
New Zealand,2004,25123.9162365879
New Zealand,2003,23996.4486751857
New Zealand,2002,23306.2795376277
New Zealand,2001,22511.0906735294
New Zealand,2000,21500.1531078077
New Zealand,1999,20579.365916514
New Zealand,1998,19322.5966035456
New Zealand,1997,19099.8868484126
New Zealand,1996,18392.1664137785
New Zealand,1995,17863.8893982023
New Zealand,1994,17107.8871971177
New Zealand,1993,15900.1007418351
New Zealand,1992,14876.8506144376
New Zealand,1991,14500.9507347911
New Zealand,1990,14812.1421730541
New Zealand,1989,
New Zealand,1988,
New Zealand,1987,
New Zealand,1986,
New Zealand,1985,
New Zealand,1984,
New Zealand,1983,
New Zealand,1982,
New Zealand,1981,
New Zealand,1980,
New Zealand,1979,
New Zealand,1978,
New Zealand,1977,
New Zealand,1976,
New Zealand,1975,
New Zealand,1974,
New Zealand,1973,
New Zealand,1972,
New Zealand,1971,
New Zealand,1970,
New Zealand,1969,
New Zealand,1968,
New Zealand,1967,
New Zealand,1966,
New Zealand,1965,
New Zealand,1964,
New Zealand,1963,
New Zealand,1962,
New Zealand,1961,
New Zealand,1960,
Nicaragua,2025,9283.92301511154
Nicaragua,2024,8720.86923379042
Nicaragua,2023,8326.83840449159
Nicaragua,2022,7795.45560731699
Nicaragua,2021,7119.16874782601
Nicaragua,2020,6274.09456741388
Nicaragua,2019,5981.10876431466
Nicaragua,2018,5935.16693631386
Nicaragua,2017,6225.34702574846
Nicaragua,2016,5882.36645219746
Nicaragua,2015,5448.89226010317
Nicaragua,2014,5067.74639018687
Nicaragua,2013,4710.57243158513
Nicaragua,2012,4507.94302866696
Nicaragua,2011,4324.71007244238
Nicaragua,2010,4042.22071263308
Nicaragua,2009,3879.66988194291
Nicaragua,2008,4044.37612170014
Nicaragua,2007,3891.49984956052
Nicaragua,2006,3657.967496936
Nicaragua,2005,3455.99273664165
Nicaragua,2004,3255.48515862463
Nicaragua,2003,3046.10868256259
Nicaragua,2002,2948.22979841633
Nicaragua,2001,2916.55168326002
Nicaragua,2000,2806.25937927586
Nicaragua,1999,2672.49228426582
Nicaragua,1998,2497.44940005529
Nicaragua,1997,2417.98618297826
Nicaragua,1996,2324.78174239025
Nicaragua,1995,2187.03441951192
Nicaragua,1994,2064.16920960959
Nicaragua,1993,1997.71247652393
Nicaragua,1992,2002.63909594267
Nicaragua,1991,1995.077392335
Nicaragua,1990,1978.56634191103
Nicaragua,1989,
Nicaragua,1988,
Nicaragua,1987,
Nicaragua,1986,
Nicaragua,1985,
Nicaragua,1984,
Nicaragua,1983,
Nicaragua,1982,
Nicaragua,1981,
Nicaragua,1980,
Nicaragua,1979,
Nicaragua,1978,
Nicaragua,1977,
Nicaragua,1976,
Nicaragua,1975,
Nicaragua,1974,
Nicaragua,1973,
Nicaragua,1972,
Nicaragua,1971,
Nicaragua,1970,
Nicaragua,1969,
Nicaragua,1968,
Nicaragua,1967,
Nicaragua,1966,
Nicaragua,1965,
Nicaragua,1964,
Nicaragua,1963,
Nicaragua,1962,
Nicaragua,1961,
Nicaragua,1960,
Niger,2025,2177.25014417163
Niger,2024,2044.04904937758
Niger,2023,1902.69710752042
Niger,2022,1847.58034360869
Niger,2021,1587.84784907329
Niger,2020,1486.34386700631
Niger,2019,1367.56106521216
Niger,2018,1272.37841849427
Niger,2017,1226.9587833573
Niger,2016,1181.94656963832
Niger,2015,1172.19178758955
Niger,2014,1161.32515723793
Niger,2013,1137.76904129571
Niger,2012,1161.78908289767
Niger,2011,1064.41917390361
Niger,2010,1057.51100253929
Niger,2009,998.792501514806
Niger,2008,1010.43184617604
Niger,2007,954.892280070571
Niger,2006,935.17532935967
Niger,2005,888.304262536536
Niger,2004,832.125196606012
Niger,2003,836.978440587105
Niger,2002,832.469364391557
Niger,2001,809.387186915593
Niger,2000,764.281885116582
Niger,1999,783.183877063699
Niger,1998,801.046939662741
Niger,1997,745.105523924554
Niger,1996,745.810843987837
Niger,1995,756.545588549405
Niger,1994,747.575677687645
Niger,1993,742.107180810212
Niger,1992,745.804310098066
Niger,1991,737.52892128673
Niger,1990,739.108850993783
Niger,1989,
Niger,1988,
Niger,1987,
Niger,1986,
Niger,1985,
Niger,1984,
Niger,1983,
Niger,1982,
Niger,1981,
Niger,1980,
Niger,1979,
Niger,1978,
Niger,1977,
Niger,1976,
Niger,1975,
Niger,1974,
Niger,1973,
Niger,1972,
Niger,1971,
Niger,1970,
Niger,1969,
Niger,1968,
Niger,1967,
Niger,1966,
Niger,1965,
Niger,1964,
Niger,1963,
Niger,1962,
Niger,1961,
Niger,1960,
Nigeria,2025,9531.61073275049
Nigeria,2024,9099.86943863676
Nigeria,2023,8711.68686099289
Nigeria,2022,8303.64193191685
Nigeria,2021,7588.47885587002
Nigeria,2020,7414.77495538401
Nigeria,2019,7551.39380361669
Nigeria,2018,7158.17107558117
Nigeria,2017,7036.67414358958
Nigeria,2016,7072.49693358812
Nigeria,2015,7307.83788174977
Nigeria,2014,7396.12835518829
Nigeria,2013,7004.13119541111
Nigeria,2012,6670.83826230892
Nigeria,2011,6585.36193258467
Nigeria,2010,6301.18372511905
Nigeria,2009,5927.46111763326
Nigeria,2008,5607.00840120254
Nigeria,2007,5297.9702947077
Nigeria,2006,4975.26979308212
Nigeria,2005,4678.09163232303
Nigeria,2004,4381.13682820182
Nigeria,2003,4014.86695344152
Nigeria,2002,3770.17934866678
Nigeria,2001,3308.50611475795
Nigeria,2000,3138.99138893395
Nigeria,1999,3002.07703715752
Nigeria,1998,3021.60341132036
Nigeria,1997,2989.96114457052
Nigeria,1996,2930.71333129659
Nigeria,1995,2835.2891223251
Nigeria,1994,2853.33080415442
Nigeria,1993,2921.47704516545
Nigeria,1992,2991.3513493397
Nigeria,1991,2869.60336948596
Nigeria,1990,2839.84330957869
Nigeria,1989,
Nigeria,1988,
Nigeria,1987,
Nigeria,1986,
Nigeria,1985,
Nigeria,1984,
Nigeria,1983,
Nigeria,1982,
Nigeria,1981,
Nigeria,1980,
Nigeria,1979,
Nigeria,1978,
Nigeria,1977,
Nigeria,1976,
Nigeria,1975,
Nigeria,1974,
Nigeria,1973,
Nigeria,1972,
Nigeria,1971,
Nigeria,1970,
Nigeria,1969,
Nigeria,1968,
Nigeria,1967,
Nigeria,1966,
Nigeria,1965,
Nigeria,1964,
Nigeria,1963,
Nigeria,1962,
Nigeria,1961,
Nigeria,1960,
North Macedonia,2025,28028.5664230631
North Macedonia,2024,26995.5213483235
North Macedonia,2023,25354.144126576
North Macedonia,2022,24212.3733096953
North Macedonia,2021,22144.1924252732
North Macedonia,2020,19962.153035286
North Macedonia,2019,20222.4719203634
North Macedonia,2018,18460.5440872584
North Macedonia,2017,17161.0354680695
North Macedonia,2016,16457.6276361223
North Macedonia,2015,15034.1775526118
North Macedonia,2014,14485.1403294538
North Macedonia,2013,13662.7769630557
North Macedonia,2012,12725.8984267932
North Macedonia,2011,12420.8207720552
North Macedonia,2010,11992.2104751893
North Macedonia,2009,11532.1464012219
North Macedonia,2008,10924.3851814621
North Macedonia,2007,9638.62891678174
North Macedonia,2006,8888.47999812996
North Macedonia,2005,7972.29588877262
North Macedonia,2004,7229.44699292948
North Macedonia,2003,6608.17478819261
North Macedonia,2002,6395.20756430296
North Macedonia,2001,6051.02592331632
North Macedonia,2000,6153.9296886621
North Macedonia,1999,5724.46819545686
North Macedonia,1998,5448.43880957997
North Macedonia,1997,5226.96766743362
North Macedonia,1996,5025.94301353888
North Macedonia,1995,4911.99322090836
North Macedonia,1994,4879.68198506259
North Macedonia,1993,4828.79039412605
North Macedonia,1992,5033.36703174399
North Macedonia,1991,5206.88162976869
North Macedonia,1990,5347.77341791127
North Macedonia,1989,
North Macedonia,1988,
North Macedonia,1987,
North Macedonia,1986,
North Macedonia,1985,
North Macedonia,1984,
North Macedonia,1983,
North Macedonia,1982,
North Macedonia,1981,
North Macedonia,1980,
North Macedonia,1979,
North Macedonia,1978,
North Macedonia,1977,
North Macedonia,1976,
North Macedonia,1975,
North Macedonia,1974,
North Macedonia,1973,
North Macedonia,1972,
North Macedonia,1971,
North Macedonia,1970,
North Macedonia,1969,
North Macedonia,1968,
North Macedonia,1967,
North Macedonia,1966,
North Macedonia,1965,
North Macedonia,1964,
North Macedonia,1963,
North Macedonia,1962,
North Macedonia,1961,
North Macedonia,1960,
Northern Mariana Islands,2025,
Northern Mariana Islands,2024,
Northern Mariana Islands,2023,
Northern Mariana Islands,2022,
Northern Mariana Islands,2021,
Northern Mariana Islands,2020,
Northern Mariana Islands,2019,
Northern Mariana Islands,2018,
Northern Mariana Islands,2017,
Northern Mariana Islands,2016,
Northern Mariana Islands,2015,
Northern Mariana Islands,2014,
Northern Mariana Islands,2013,
Northern Mariana Islands,2012,
Northern Mariana Islands,2011,
Northern Mariana Islands,2010,
Northern Mariana Islands,2009,
Northern Mariana Islands,2008,
Northern Mariana Islands,2007,
Northern Mariana Islands,2006,
Northern Mariana Islands,2005,
Northern Mariana Islands,2004,
Northern Mariana Islands,2003,
Northern Mariana Islands,2002,
Northern Mariana Islands,2001,
Northern Mariana Islands,2000,
Northern Mariana Islands,1999,
Northern Mariana Islands,1998,
Northern Mariana Islands,1997,
Northern Mariana Islands,1996,
Northern Mariana Islands,1995,
Northern Mariana Islands,1994,
Northern Mariana Islands,1993,
Northern Mariana Islands,1992,
Northern Mariana Islands,1991,
Northern Mariana Islands,1990,
Northern Mariana Islands,1989,
Northern Mariana Islands,1988,
Northern Mariana Islands,1987,
Northern Mariana Islands,1986,
Northern Mariana Islands,1985,
Northern Mariana Islands,1984,
Northern Mariana Islands,1983,
Northern Mariana Islands,1982,
Northern Mariana Islands,1981,
Northern Mariana Islands,1980,
Northern Mariana Islands,1979,
Northern Mariana Islands,1978,
Northern Mariana Islands,1977,
Northern Mariana Islands,1976,
Northern Mariana Islands,1975,
Northern Mariana Islands,1974,
Northern Mariana Islands,1973,
Northern Mariana Islands,1972,
Northern Mariana Islands,1971,
Northern Mariana Islands,1970,
Northern Mariana Islands,1969,
Northern Mariana Islands,1968,
Northern Mariana Islands,1967,
Northern Mariana Islands,1966,
Northern Mariana Islands,1965,
Northern Mariana Islands,1964,
Northern Mariana Islands,1963,
Northern Mariana Islands,1962,
Northern Mariana Islands,1961,
Northern Mariana Islands,1960,
Norway,2025,104043.666429243
Norway,2024,105657.0339185
Norway,2023,107767.977198972
Norway,2022,129914.042717786
Norway,2021,92205.7698636049
Norway,2020,69779.2862630574
Norway,2019,73630.0721860814
Norway,2018,72618.1053391628
Norway,2017,66828.7790099243
Norway,2016,61250.1783294516
Norway,2015,62695.3563994725
Norway,2014,68195.6503224822
Norway,2013,69186.2932660288
Norway,2012,67352.804935227
Norway,2011,63893.7750609004
Norway,2010,59439.3769599791
Norway,2009,56750.3203338648
Norway,2008,63026.4046916161
Norway,2007,56900.679675035
Norway,2006,54805.409473108
Norway,2005,48189.4962722156
Norway,2004,42730.6429549923
Norway,2003,38647.2714743946
Norway,2002,37948.4568495009
Norway,2001,37688.6858128745
Norway,2000,36813.8379065645
Norway,1999,30370.5632297254
Norway,1998,27967.2905325852
Norway,1997,28371.9289444227
Norway,1996,26647.0560612783
Norway,1995,24208.7936015786
Norway,1994,22881.1940518769
Norway,1993,21451.5674029774
Norway,1992,20490.6687240431
Norway,1991,19464.0909367752
Norway,1990,18391.8564871298
Norway,1989,
Norway,1988,
Norway,1987,
Norway,1986,
Norway,1985,
Norway,1984,
Norway,1983,
Norway,1982,
Norway,1981,
Norway,1980,
Norway,1979,
Norway,1978,
Norway,1977,
Norway,1976,
Norway,1975,
Norway,1974,
Norway,1973,
Norway,1972,
Norway,1971,
Norway,1970,
Norway,1969,
Norway,1968,
Norway,1967,
Norway,1966,
Norway,1965,
Norway,1964,
Norway,1963,
Norway,1962,
Norway,1961,
Norway,1960,
Oman,2025,42295.1761223734
Oman,2024,41800.7841364086
Oman,2023,41979.5975879711
Oman,2022,42609.5810436221
Oman,2021,38719.4587682049
Oman,2020,35163.3281781415
Oman,2019,37250.6110788359
Oman,2018,37780.3308327271
Oman,2017,33619.4988982607
Oman,2016,33333.8635893722
Oman,2015,36058.1666084788
Oman,2014,44235.8336329334
Oman,2013,47013.4730934385
Oman,2012,49989.4425093994
Oman,2011,52393.3135820293
Oman,2010,55667.4687760453
Oman,2009,55127.4677727301
Oman,2008,52841.18895045
Oman,2007,48626.9220399497
Oman,2006,46091.1822354499
Oman,2005,43672.5203179476
Oman,2004,42141.636896844
Oman,2003,40934.6957155247
Oman,2002,41511.028524928
Oman,2001,41679.0150908261
Oman,2000,39443.2607384539
Oman,1999,36791.5766824659
Oman,1998,36665.6418502345
Oman,1997,36808.9347923445
Oman,1996,34660.6248113102
Oman,1995,33598.3331451942
Oman,1994,31924.7750992324
Oman,1993,30986.5262565914
Oman,1992,29772.9044251961
Oman,1991,28108.6614402282
Oman,1990,26904.0022117071
Oman,1989,
Oman,1988,
Oman,1987,
Oman,1986,
Oman,1985,
Oman,1984,
Oman,1983,
Oman,1982,
Oman,1981,
Oman,1980,
Oman,1979,
Oman,1978,
Oman,1977,
Oman,1976,
Oman,1975,
Oman,1974,
Oman,1973,
Oman,1972,
Oman,1971,
Oman,1970,
Oman,1969,
Oman,1968,
Oman,1967,
Oman,1966,
Oman,1965,
Oman,1964,
Oman,1963,
Oman,1962,
Oman,1961,
Oman,1960,
Pakistan,2025,6573.41613369925
Pakistan,2024,6263.186935403
Pakistan,2023,6018.94650802152
Pakistan,2022,5919.33605935593
Pakistan,2021,5367.27364714762
Pakistan,2020,5048.0213062963
Pakistan,2019,5037.53401559745
Pakistan,2018,4979.3734961655
Pakistan,2017,4789.53646557553
Pakistan,2016,4630.7315068374
Pakistan,2015,4480.26313460985
Pakistan,2014,4312.99070040776
Pakistan,2013,4173.93858568758
Pakistan,2012,4046.59848766311
Pakistan,2011,3879.5977693449
Pakistan,2010,3785.70113518223
Pakistan,2009,3777.09098632843
Pakistan,2008,3721.33293548494
Pakistan,2007,3672.18527443486
Pakistan,2006,3514.8136524316
Pakistan,2005,3292.6022326683
Pakistan,2004,3048.35709125252
Pakistan,2003,2821.73137020979
Pakistan,2002,2687.82993614229
Pakistan,2001,2643.76627509218
Pakistan,2000,2565.19958806219
Pakistan,1999,2474.81647708232
Pakistan,1998,2419.0778542501
Pakistan,1997,2398.01357457051
Pakistan,1996,2400.63451651363
Pakistan,1995,2314.90798536126
Pakistan,1994,2223.51428377103
Pakistan,1993,2160.18966660001
Pakistan,1992,2132.01941726742
Pakistan,1991,1991.57964034583
Pakistan,1990,1895.26266972807
Pakistan,1989,
Pakistan,1988,
Pakistan,1987,
Pakistan,1986,
Pakistan,1985,
Pakistan,1984,
Pakistan,1983,
Pakistan,1982,
Pakistan,1981,
Pakistan,1980,
Pakistan,1979,
Pakistan,1978,
Pakistan,1977,
Pakistan,1976,
Pakistan,1975,
Pakistan,1974,
Pakistan,1973,
Pakistan,1972,
Pakistan,1971,
Pakistan,1970,
Pakistan,1969,
Pakistan,1968,
Pakistan,1967,
Pakistan,1966,
Pakistan,1965,
Pakistan,1964,
Pakistan,1963,
Pakistan,1962,
Pakistan,1961,
Pakistan,1960,
Palau,2025,23051.6787122681
Palau,2024,21059.1347141726
Palau,2023,18313.2535592192
Palau,2022,17415.0224611906
Palau,2021,16312.190220013
Palau,2020,17701.5330429975
Palau,2019,18576.7451553901
Palau,2018,18203.969912435
Palau,2017,17872.9168958861
Palau,2016,18195.8361471596
Palau,2015,17756.0262069064
Palau,2014,16254.3772996206
Palau,2013,15388.3342258755
Palau,2012,15243.6221204575
Palau,2011,14408.8354542722
Palau,2010,13270.3500491334
Palau,2009,13294.0083543381
Palau,2008,13862.8103556655
Palau,2007,14181.8979964982
Palau,2006,13509.9105161415
Palau,2005,12926.8166341595
Palau,2004,12181.7697255114
Palau,2003,11558.5491104481
Palau,2002,11673.8201124754
Palau,2001,11063.2507249158
Palau,2000,10170.6658862242
Palau,1999,10360.926996739
Palau,1998,11019.3200197904
Palau,1997,10928.6198910166
Palau,1996,10771.884866618
Palau,1995,9837.49605591055
Palau,1994,8908.62186825203
Palau,1993,8326.57742314802
Palau,1992,9496.71681094645
Palau,1991,10158.2543881326
Palau,1990,9584.42115872954
Palau,1989,
Palau,1988,
Palau,1987,
Palau,1986,
Palau,1985,
Palau,1984,
Palau,1983,
Palau,1982,
Palau,1981,
Palau,1980,
Palau,1979,
Palau,1978,
Palau,1977,
Palau,1976,
Palau,1975,
Palau,1974,
Palau,1973,
Palau,1972,
Palau,1971,
Palau,1970,
Palau,1969,
Palau,1968,
Palau,1967,
Palau,1966,
Palau,1965,
Palau,1964,
Palau,1963,
Palau,1962,
Palau,1961,
Palau,1960,
Panama,2025,43902.1632084954
Panama,2024,41429.5092511481
Panama,2023,39846.2245506562
Panama,2022,36327.3867449699
Panama,2021,30932.7627780514
Panama,2020,27017.0033688951
Panama,2019,33239.7332311641
Panama,2018,32463.540359127
Panama,2017,33533.3260079329
Panama,2016,30276.7088405833
Panama,2015,27245.2788533669
Panama,2014,24376.0808685086
Panama,2013,21923.6750939531
Panama,2012,19473.2514820186
Panama,2011,17473.7651401424
Panama,2010,15572.578718933
Panama,2009,14765.7380218537
Panama,2008,14705.3714506309
Panama,2007,13332.8661056497
Panama,2006,11684.5550276188
Panama,2005,10511.0220313142
Panama,2004,9591.60288306919
Panama,2003,8800.56664132278
Panama,2002,8370.30337128863
Panama,2001,8197.15763044858
Panama,2000,8097.29578259229
Panama,1999,7748.83598988776
Panama,1998,7407.54986430113
Panama,1997,6894.69105969649
Panama,1996,6420.51257110757
Panama,1995,6181.7154698562
Panama,1994,6073.15354358236
Panama,1993,5901.78223719538
Panama,1992,5581.62220113415
Panama,1991,5150.31410149826
Panama,1990,4650.67095907221
Panama,1989,
Panama,1988,
Panama,1987,
Panama,1986,
Panama,1985,
Panama,1984,
Panama,1983,
Panama,1982,
Panama,1981,
Panama,1980,
Panama,1979,
Panama,1978,
Panama,1977,
Panama,1976,
Panama,1975,
Panama,1974,
Panama,1973,
Panama,1972,
Panama,1971,
Panama,1970,
Panama,1969,
Panama,1968,
Panama,1967,
Panama,1966,
Panama,1965,
Panama,1964,
Panama,1963,
Panama,1962,
Panama,1961,
Panama,1960,
Papua New Guinea,2025,5214.768271628
Papua New Guinea,2024,4886.53186994995
Papua New Guinea,2023,4672.27238740885
Papua New Guinea,2022,4419.49434920144
Papua New Guinea,2021,3977.44297360749
Papua New Guinea,2020,3900.18920976888
Papua New Guinea,2019,4059.82860203125
Papua New Guinea,2018,3909.91572972608
Papua New Guinea,2017,3923.17197669347
Papua New Guinea,2016,3812.71035088181
Papua New Guinea,2015,3669.7387159095
Papua New Guinea,2014,3499.54846741228
Papua New Guinea,2013,3109.8953723707
Papua New Guinea,2012,3025.85599579616
Papua New Guinea,2011,2918.54391777544
Papua New Guinea,2010,2911.89203180175
Papua New Guinea,2009,2692.43509264673
Papua New Guinea,2008,2583.48094322768
Papua New Guinea,2007,2622.37468717097
Papua New Guinea,2006,2443.80225243748
Papua New Guinea,2005,2321.90916247524
Papua New Guinea,2004,2186.54008157373
Papua New Guinea,2003,2141.94088707516
Papua New Guinea,2002,2125.38720127139
Papua New Guinea,2001,2167.75888615271
Papua New Guinea,2000,2195.95783285567
Papua New Guinea,1999,2279.54654312419
Papua New Guinea,1998,2284.93358055044
Papua New Guinea,1997,2432.07161410419
Papua New Guinea,1996,2578.19220284877
Papua New Guinea,1995,2435.65041187992
Papua New Guinea,1994,2557.71863782292
Papua New Guinea,1993,2450.95587597327
Papua New Guinea,1992,2100.46190114421
Papua New Guinea,1991,1868.81827080267
Papua New Guinea,1990,1703.23570844171
Papua New Guinea,1989,
Papua New Guinea,1988,
Papua New Guinea,1987,
Papua New Guinea,1986,
Papua New Guinea,1985,
Papua New Guinea,1984,
Papua New Guinea,1983,
Papua New Guinea,1982,
Papua New Guinea,1981,
Papua New Guinea,1980,
Papua New Guinea,1979,
Papua New Guinea,1978,
Papua New Guinea,1977,
Papua New Guinea,1976,
Papua New Guinea,1975,
Papua New Guinea,1974,
Papua New Guinea,1973,
Papua New Guinea,1972,
Papua New Guinea,1971,
Papua New Guinea,1970,
Papua New Guinea,1969,
Papua New Guinea,1968,
Papua New Guinea,1967,
Papua New Guinea,1966,
Papua New Guinea,1965,
Papua New Guinea,1964,
Papua New Guinea,1963,
Papua New Guinea,1962,
Papua New Guinea,1961,
Papua New Guinea,1960,
Paraguay,2025,20181.4242826808
Paraguay,2024,18631.6436164051
Paraguay,2023,17585.0746806625
Paraguay,2022,16305.6206649067
Paraguay,2021,15400.9446332428
Paraguay,2020,14308.8787738328
Paraguay,2019,14149.5985227505
Paraguay,2018,14139.0931267561
Paraguay,2017,13977.3427788651
Paraguay,2016,13329.1373366322
Paraguay,2015,12679.0574753215
Paraguay,2014,12607.0721636639
Paraguay,2013,12137.0081947595
Paraguay,2012,10954.3251570163
Paraguay,2011,11441.7636772278
Paraguay,2010,10893.3149195983
Paraguay,2009,9801.6493311725
Paraguay,2008,9867.39695309091
Paraguay,2007,9178.94421550934
Paraguay,2006,8560.73925140709
Paraguay,2005,8006.70978161029
Paraguay,2004,7685.65814796248
Paraguay,2003,7275.93316003935
Paraguay,2002,6924.18334913221
Paraguay,2001,6916.49330755734
Paraguay,2000,6937.17671951664
Paraguay,1999,7079.8664915693
Paraguay,1998,7226.70095696165
Paraguay,1997,7298.84231821325
Paraguay,1996,7040.01916373612
Paraguay,1995,6966.44773285192
Paraguay,1994,6542.40817700371
Paraguay,1993,6233.76114035863
Paraguay,1992,5951.80079845003
Paraguay,1991,5872.94032897593
Paraguay,1990,5636.78807027993
Paraguay,1989,
Paraguay,1988,
Paraguay,1987,
Paraguay,1986,
Paraguay,1985,
Paraguay,1984,
Paraguay,1983,
Paraguay,1982,
Paraguay,1981,
Paraguay,1980,
Paraguay,1979,
Paraguay,1978,
Paraguay,1977,
Paraguay,1976,
Paraguay,1975,
Paraguay,1974,
Paraguay,1973,
Paraguay,1972,
Paraguay,1971,
Paraguay,1970,
Paraguay,1969,
Paraguay,1968,
Paraguay,1967,
Paraguay,1966,
Paraguay,1965,
Paraguay,1964,
Paraguay,1963,
Paraguay,1962,
Paraguay,1961,
Paraguay,1960,
Peru,2025,18816.1045522938
Peru,2024,17881.8685833242
Peru,2023,17041.5682788302
Peru,2022,16673.6937563476
Peru,2021,15285.7706852395
Peru,2020,12563.3038060893
Peru,2019,13563.5372933551
Peru,2018,13078.2323503405
Peru,2017,12591.8562879234
Peru,2016,12066.5460683317
Peru,2015,11600.3873992867
Peru,2014,11517.7371710247
Peru,2013,11290.5547403874
Peru,2012,10757.1522234351
Peru,2011,10462.5770434663
Peru,2010,9713.35863277619
Peru,2009,8916.59577544311
Peru,2008,8820.13901025735
Peru,2007,7982.05008343802
Peru,2006,7213.59606035744
Peru,2005,6559.54330016358
Peru,2004,6037.52025111104
Peru,2003,5656.8581611382
Peru,2002,5382.56641262562
Peru,2001,5086.42247810685
Peru,2000,5011.94540701731
Peru,1999,4847.39826727857
Peru,1998,4791.4057012289
Peru,1997,4844.09819876824
Peru,1996,4555.76959482029
Peru,1995,4434.67245161066
Peru,1994,4123.04187576286
Peru,1993,3666.23318876838
Peru,1992,3472.23065868272
Peru,1991,3483.53898065746
Peru,1990,3366.65696148276
Peru,1989,
Peru,1988,
Peru,1987,
Peru,1986,
Peru,1985,
Peru,1984,
Peru,1983,
Peru,1982,
Peru,1981,
Peru,1980,
Peru,1979,
Peru,1978,
Peru,1977,
Peru,1976,
Peru,1975,
Peru,1974,
Peru,1973,
Peru,1972,
Peru,1971,
Peru,1970,
Peru,1969,
Peru,1968,
Peru,1967,
Peru,1966,
Peru,1965,
Peru,1964,
Peru,1963,
Peru,1962,
Peru,1961,
Peru,1960,
Philippines,2025,12576.9867435109
Philippines,2024,11813.805926453
Philippines,2023,10994.8840414773
Philippines,2022,10129.7407504053
Philippines,2021,8857.78995115514
Philippines,2020,8238.36802037457
Philippines,2019,8924.10116402887
Philippines,2018,8357.74357934219
Philippines,2017,7773.79853599024
Philippines,2016,7382.66758431792
Philippines,2015,6894.26702217935
Philippines,2014,6688.73961232553
Philippines,2013,6372.83382112545
Philippines,2012,6094.26837338658
Philippines,2011,5705.43591174904
Philippines,2010,5489.23543439664
Philippines,2009,5157.27825093616
Philippines,2008,5144.3357817008
Philippines,2007,4923.19718551963
Philippines,2006,4578.70630900797
Philippines,2005,4289.05223688469
Philippines,2004,4037.17193795436
Philippines,2003,3761.49624592314
Philippines,2002,3580.38245467153
Philippines,2001,3468.89888325765
Philippines,2000,3365.55833526093
Philippines,1999,3228.75116990073
Philippines,1998,3160.36474767269
Philippines,1997,3221.39171044246
Philippines,1996,3082.30965980454
Philippines,1995,2925.96101430374
Philippines,1994,2799.77988253094
Philippines,1993,2684.2765938812
Philippines,1992,2628.58754481354
Philippines,1991,2620.70437667025
Philippines,1990,2607.96574508511
Philippines,1989,
Philippines,1988,
Philippines,1987,
Philippines,1986,
Philippines,1985,
Philippines,1984,
Philippines,1983,
Philippines,1982,
Philippines,1981,
Philippines,1980,
Philippines,1979,
Philippines,1978,
Philippines,1977,
Philippines,1976,
Philippines,1975,
Philippines,1974,
Philippines,1973,
Philippines,1972,
Philippines,1971,
Philippines,1970,
Philippines,1969,
Philippines,1968,
Philippines,1967,
Philippines,1966,
Philippines,1965,
Philippines,1964,
Philippines,1963,
Philippines,1962,
Philippines,1961,
Philippines,1960,
Poland,2025,54262.4040405236
Poland,2024,51262.5105756884
Poland,2023,48473.0940286419
Poland,2022,46777.5524519162
Poland,2021,41059.5847829682
Poland,2020,37089.3004256812
Poland,2019,35882.3655065553
Poland,2018,32345.1066076225
Poland,2017,30170.2818974087
Poland,2016,28359.6927346266
Poland,2015,26988.1069013509
Poland,2014,25459.7392273761
Poland,2013,24433.8914344877
Poland,2012,23728.1456821435
Poland,2011,22808.5055268899
Poland,2010,20990.9122325468
Poland,2009,19300.1669900632
Poland,2008,18372.37645483
Poland,2007,16833.2346946924
Poland,2006,15204.8809890545
Poland,2005,13935.5573148214
Poland,2004,13413.0543202274
Poland,2003,12328.9011615853
Poland,2002,11841.2684087721
Poland,2001,11175.2853656421
Poland,2000,10721.2034293332
Poland,1999,10080.6880381935
Poland,1998,9520.71471060278
Poland,1997,8967.11658173764
Poland,1996,8310.2991272644
Poland,1995,7714.57972313137
Poland,1994,7039.91945095081
Poland,1993,6560.09237529942
Poland,1992,6193.00768846748
Poland,1991,5924.62138760787
Poland,1990,6185.10006944695
Poland,1989,
Poland,1988,
Poland,1987,
Poland,1986,
Poland,1985,
Poland,1984,
Poland,1983,
Poland,1982,
Poland,1981,
Poland,1980,
Poland,1979,
Poland,1978,
Poland,1977,
Poland,1976,
Poland,1975,
Poland,1974,
Poland,1973,
Poland,1972,
Poland,1971,
Poland,1970,
Poland,1969,
Poland,1968,
Poland,1967,
Poland,1966,
Poland,1965,
Poland,1964,
Poland,1963,
Poland,1962,
Poland,1961,
Poland,1960,
Portugal,2025,53145.7317498942
Portugal,2024,52512.5651003677
Portugal,2023,49800.3476220918
Portugal,2022,45250.0152469537
Portugal,2021,38657.6677223429
Portugal,2020,35966.712796561
Portugal,2019,37865.5603564295
Portugal,2018,34896.7993382974
Portugal,2017,32970.8395386562
Portugal,2016,31589.2695609552
Portugal,2015,29608.0071513956
Portugal,2014,28764.5254955042
Portugal,2013,27966.0874254705
Portugal,2012,26476.2182777269
Portugal,2011,26803.2336904645
Portugal,2010,27292.0819531528
Portugal,2009,26471.9079607159
Portugal,2008,26665.8372952939
Portugal,2007,25738.0214895961
Portugal,2006,24677.2834629922
Portugal,2005,22725.2774946084
Portugal,2004,21475.5711021267
Portugal,2003,20849.5943833375
Portugal,2002,20356.647299736
Portugal,2001,19528.5826120827
Portugal,2000,18883.1145969452
Portugal,1999,17718.1515724418
Portugal,1998,16688.0352409852
Portugal,1997,15789.4850482915
Portugal,1996,14922.0003851427
Portugal,1995,14406.3254746951
Portugal,1994,13577.9092201084
Portugal,1993,13202.4801547967
Portugal,1992,13181.922768958
Portugal,1991,12739.4101586145
Portugal,1990,11779.7566017591
Portugal,1989,
Portugal,1988,
Portugal,1987,
Portugal,1986,
Portugal,1985,
Portugal,1984,
Portugal,1983,
Portugal,1982,
Portugal,1981,
Portugal,1980,
Portugal,1979,
Portugal,1978,
Portugal,1977,
Portugal,1976,
Portugal,1975,
Portugal,1974,
Portugal,1973,
Portugal,1972,
Portugal,1971,
Portugal,1970,
Portugal,1969,
Portugal,1968,
Portugal,1967,
Portugal,1966,
Portugal,1965,
Portugal,1964,
Portugal,1963,
Portugal,1962,
Portugal,1961,
Portugal,1960,
Puerto Rico (US),2025,52195.5534213472
Puerto Rico (US),2024,50332.9848222477
Puerto Rico (US),2023,47582.5504550609
Puerto Rico (US),2022,45320.1718585525
Puerto Rico (US),2021,40559.226188957
Puerto Rico (US),2020,36858.5972898583
Puerto Rico (US),2019,36217.7204390287
Puerto Rico (US),2018,33706.5915157959
Puerto Rico (US),2017,31866.6160571769
Puerto Rico (US),2016,32245.8484276651
Puerto Rico (US),2015,32323.5456459985
Puerto Rico (US),2014,32391.0670311533
Puerto Rico (US),2013,32279.4000290919
Puerto Rico (US),2012,32077.6178539123
Puerto Rico (US),2011,31697.218864709
Puerto Rico (US),2010,30908.7986620753
Puerto Rico (US),2009,30533.680899723
Puerto Rico (US),2008,30782.4539554768
Puerto Rico (US),2007,30587.9990432567
Puerto Rico (US),2006,29955.581264312
Puerto Rico (US),2005,29350.3060554872
Puerto Rico (US),2004,28993.0735150762
Puerto Rico (US),2003,25967.7814814079
Puerto Rico (US),2002,25467.3607194141
Puerto Rico (US),2001,24881.9773783714
Puerto Rico (US),2000,22938.0302259196
Puerto Rico (US),1999,21779.4500715002
Puerto Rico (US),1998,20479.5637972091
Puerto Rico (US),1997,19301.2035371382
Puerto Rico (US),1996,18260.049890577
Puerto Rico (US),1995,17723.9828253578
Puerto Rico (US),1994,16758.7501348305
Puerto Rico (US),1993,15896.1173824516
Puerto Rico (US),1992,14964.3544069383
Puerto Rico (US),1991,14082.9254635715
Puerto Rico (US),1990,13409.9369285025
Puerto Rico (US),1989,
Puerto Rico (US),1988,
Puerto Rico (US),1987,
Puerto Rico (US),1986,
Puerto Rico (US),1985,
Puerto Rico (US),1984,
Puerto Rico (US),1983,
Puerto Rico (US),1982,
Puerto Rico (US),1981,
Puerto Rico (US),1980,
Puerto Rico (US),1979,
Puerto Rico (US),1978,
Puerto Rico (US),1977,
Puerto Rico (US),1976,
Puerto Rico (US),1975,
Puerto Rico (US),1974,
Puerto Rico (US),1973,
Puerto Rico (US),1972,
Puerto Rico (US),1971,
Puerto Rico (US),1970,
Puerto Rico (US),1969,
Puerto Rico (US),1968,
Puerto Rico (US),1967,
Puerto Rico (US),1966,
Puerto Rico (US),1965,
Puerto Rico (US),1964,
Puerto Rico (US),1963,
Puerto Rico (US),1962,
Puerto Rico (US),1961,
Puerto Rico (US),1960,
Qatar,2025,128882.934242572
Qatar,2024,126712.582876079
Qatar,2023,129024.806992334
Qatar,2022,122901.018274888
Qatar,2021,116832.570294098
Qatar,2020,82149.3573751713
Qatar,2019,107502.469793988
Qatar,2018,110032.713236323
Qatar,2017,99358.3403307696
Qatar,2016,89934.692005072
Qatar,2015,102545.939634633
Qatar,2014,148389.108964021
Qatar,2013,169203.261058049
Qatar,2012,180939.425774901
Qatar,2011,174619.917706816
Qatar,2010,152120.89487266
Qatar,2009,129386.666100651
Qatar,2008,129506.173525419
Qatar,2007,127493.114865589
Qatar,2006,130705.221046835
Qatar,2005,118444.148612593
Qatar,2004,114032.65368896
Qatar,2003,96728.9326817316
Qatar,2002,95758.9740748682
Qatar,2001,92293.6130386794
Qatar,2000,91310.9142207534
Qatar,1999,87037.0603024734
Qatar,1998,86827.5595344432
Qatar,1997,81414.3815346717
Qatar,1996,64058.7216470295
Qatar,1995,61992.7558639446
Qatar,1994,61061.9066643896
Qatar,1993,60763.4712059433
Qatar,1992,62060.5006666783
Qatar,1991,56276.2160867347
Qatar,1990,57201.3261897989
Qatar,1989,
Qatar,1988,
Qatar,1987,
Qatar,1986,
Qatar,1985,
Qatar,1984,
Qatar,1983,
Qatar,1982,
Qatar,1981,
Qatar,1980,
Qatar,1979,
Qatar,1978,
Qatar,1977,
Qatar,1976,
Qatar,1975,
Qatar,1974,
Qatar,1973,
Qatar,1972,
Qatar,1971,
Qatar,1970,
Qatar,1969,
Qatar,1968,
Qatar,1967,
Qatar,1966,
Qatar,1965,
Qatar,1964,
Qatar,1963,
Qatar,1962,
Qatar,1961,
Qatar,1960,
Romania,2025,50895.081617639
Romania,2024,49076.7137157187
Romania,2023,45981.6373404846
Romania,2022,41979.4260140907
Romania,2021,37534.0002643549
Romania,2020,34193.845654499
Romania,2019,33425.1219389628
Romania,2018,29382.8866943611
Romania,2017,26943.28718432
Romania,2016,23905.2650215388
Romania,2015,21624.5759002018
Romania,2014,20633.0192361402
Romania,2013,19678.1401421845
Romania,2012,19807.4757017991
Romania,2011,18803.8819856631
Romania,2010,17354.7164981302
Romania,2009,16640.8096121507
Romania,2008,16782.1218359924
Romania,2007,13702.7269257817
Romania,2006,11554.1030525663
Romania,2005,9602.12221045768
Romania,2004,8989.35842777528
Romania,2003,7559.37879427633
Romania,2002,7162.33309403077
Romania,2001,6519.88442713201
Romania,2000,5850.11618879062
Romania,1999,5596.46426586706
Romania,1998,5544.67124560848
Romania,1997,5564.37530438768
Romania,1996,5745.66631355503
Romania,1995,5429.00790633242
Romania,1994,4995.381047317
Romania,1993,4699.07921508893
Romania,1992,4515.00431454621
Romania,1991,4795.10097335744
Romania,1990,5280.23907281744
Romania,1989,
Romania,1988,
Romania,1987,
Romania,1986,
Romania,1985,
Romania,1984,
Romania,1983,
Romania,1982,
Romania,1981,
Romania,1980,
Romania,1979,
Romania,1978,
Romania,1977,
Romania,1976,
Romania,1975,
Romania,1974,
Romania,1973,
Romania,1972,
Romania,1971,
Romania,1970,
Romania,1969,
Romania,1968,
Romania,1967,
Romania,1966,
Romania,1965,
Romania,1964,
Romania,1963,
Romania,1962,
Romania,1961,
Romania,1960,
Russian Federation,2025,49568.140625
Russian Federation,2024,47686.06640625
Russian Federation,2023,44298.67578125
Russian Federation,2022,40932.71484375
Russian Federation,2021,38638.4296875
Russian Federation,2020,31490.8046875
Russian Federation,2019,30963.853515625
Russian Federation,2018,28628.5625
Russian Federation,2017,25777.904296875
Russian Federation,2016,24012.40234375
Russian Federation,2015,23994.013671875
Russian Federation,2014,25688.2265625
Russian Federation,2013,26019.7265625
Russian Federation,2012,24273.517578125
Russian Federation,2011,22789.54296875
Russian Federation,2010,20490.126953125
Russian Federation,2009,19389.94140625
Russian Federation,2008,20163.609375
Russian Federation,2007,16648.2421875
Russian Federation,2006,14912.234375
Russian Federation,2005,11822.3466796875
Russian Federation,2004,10226.7666015625
Russian Federation,2003,9254.537109375
Russian Federation,2002,8037.474609375
Russian Federation,2001,7361.36376953125
Russian Federation,2000,6825.3916015625
Russian Federation,1999,5914.326171875
Russian Federation,1998,5465.05615234375
Russian Federation,1997,5699.94775390625
Russian Federation,1996,5517.85888671875
Russian Federation,1995,5613.28076171875
Russian Federation,1994,5734.421875
Russian Federation,1993,6419.53662109375
Russian Federation,1992,6862.41455078125
Russian Federation,1991,7857.85498046875
Russian Federation,1990,8027.7890625
Russian Federation,1989,
Russian Federation,1988,
Russian Federation,1987,
Russian Federation,1986,
Russian Federation,1985,
Russian Federation,1984,
Russian Federation,1983,
Russian Federation,1982,
Russian Federation,1981,
Russian Federation,1980,
Russian Federation,1979,
Russian Federation,1978,
Russian Federation,1977,
Russian Federation,1976,
Russian Federation,1975,
Russian Federation,1974,
Russian Federation,1973,
Russian Federation,1972,
Russian Federation,1971,
Russian Federation,1970,
Russian Federation,1969,
Russian Federation,1968,
Russian Federation,1967,
Russian Federation,1966,
Russian Federation,1965,
Russian Federation,1964,
Russian Federation,1963,
Russian Federation,1962,
Russian Federation,1961,
Russian Federation,1960,
Rwanda,2025,4164.436605809
Rwanda,2024,3784.9629495071
Rwanda,2023,3518.91850615405
Rwanda,2022,3195.28136566525
Rwanda,2021,2776.39276387923
Rwanda,2020,2355.13640819609
Rwanda,2019,2374.40565682007
Rwanda,2018,2128.1982397276
Rwanda,2017,1949.12266322999
Rwanda,2016,1845.25585689833
Rwanda,2015,1760.5877311941
Rwanda,2014,1655.37851110949
Rwanda,2013,1491.80370844135
Rwanda,2012,1435.88685799239
Rwanda,2011,1396.03088897569
Rwanda,2010,1298.43875468652
Rwanda,2009,1225.73184078359
Rwanda,2008,1176.53444212607
Rwanda,2007,1066.05134610916
Rwanda,2006,990.317534460501
Rwanda,2005,903.307274927141
Rwanda,2004,822.338460724358
Rwanda,2003,765.257036695526
Rwanda,2002,750.588737505889
Rwanda,2001,661.874033959057
Rwanda,2000,601.988411078673
Rwanda,1999,547.585999610784
Rwanda,1998,521.667804160771
Rwanda,1997,493.837338047103
Rwanda,1996,492.923026442821
Rwanda,1995,507.626495706624
Rwanda,1994,307.154424203812
Rwanda,1993,514.430927965566
Rwanda,1992,568.063885642368
Rwanda,1991,535.492198184607
Rwanda,1990,542.26091518242
Rwanda,1989,
Rwanda,1988,
Rwanda,1987,
Rwanda,1986,
Rwanda,1985,
Rwanda,1984,
Rwanda,1983,
Rwanda,1982,
Rwanda,1981,
Rwanda,1980,
Rwanda,1979,
Rwanda,1978,
Rwanda,1977,
Rwanda,1976,
Rwanda,1975,
Rwanda,1974,
Rwanda,1973,
Rwanda,1972,
Rwanda,1971,
Rwanda,1970,
Rwanda,1969,
Rwanda,1968,
Rwanda,1967,
Rwanda,1966,
Rwanda,1965,
Rwanda,1964,
Rwanda,1963,
Rwanda,1962,
Rwanda,1961,
Rwanda,1960,
Samoa,2025,9318.95775945515
Samoa,2024,8750.62541028446
Samoa,2023,8202.61231371824
Samoa,2022,6908.96157777708
Samoa,2021,6350.92787033711
Samoa,2020,6451.76442222677
Samoa,2019,6638.1845475197
Samoa,2018,6318.2697728872
Samoa,2017,6280.2150045934
Samoa,2016,6141.45089023942
Samoa,2015,5681.77812766143
Samoa,2014,5468.10058510176
Samoa,2013,5386.90063080106
Samoa,2012,5338.73979303202
Samoa,2011,5494.24063118213
Samoa,2010,5229.04191182037
Samoa,2009,4906.48254279553
Samoa,2008,4939.2255833917
Samoa,2007,4713.02123355991
Samoa,2006,4591.90702527429
Samoa,2005,4378.59443154122
Samoa,2004,3996.74463566355
Samoa,2003,3792.19847658136
Samoa,2002,3552.91066703267
Samoa,2001,3334.97791648404
Samoa,2000,3061.84986666074
Samoa,1999,2871.21447636873
Samoa,1998,2791.81766153389
Samoa,1997,2722.15811933556
Samoa,1996,2681.193180445
Samoa,1995,2477.73729786104
Samoa,1994,2293.57795462194
Samoa,1993,2322.78312317769
Samoa,1992,2198.1008859947
Samoa,1991,2165.67611261922
Samoa,1990,2148.28352241888
Samoa,1989,
Samoa,1988,
Samoa,1987,
Samoa,1986,
Samoa,1985,
Samoa,1984,
Samoa,1983,
Samoa,1982,
Samoa,1981,
Samoa,1980,
Samoa,1979,
Samoa,1978,
Samoa,1977,
Samoa,1976,
Samoa,1975,
Samoa,1974,
Samoa,1973,
Samoa,1972,
Samoa,1971,
Samoa,1970,
Samoa,1969,
Samoa,1968,
Samoa,1967,
Samoa,1966,
Samoa,1965,
Samoa,1964,
Samoa,1963,
Samoa,1962,
Samoa,1961,
Samoa,1960,
San Marino,2025,
San Marino,2024,
San Marino,2023,78810.3378046111
San Marino,2022,75929.4591270254
San Marino,2021,64745.1322795901
San Marino,2020,55206.5809417073
San Marino,2019,57444.1206392397
San Marino,2018,54460.9066545652
San Marino,2017,52463.4195514851
San Marino,2016,53033.0552322114
San Marino,2015,52247.2075298399
San Marino,2014,52909.2224071252
San Marino,2013,50770.3673195862
San Marino,2012,51274.2154785964
San Marino,2011,56239.9592730018
San Marino,2010,58926.1403682043
San Marino,2009,61969.8285374403
San Marino,2008,71723.6242161947
San Marino,2007,71744.0519956452
San Marino,2006,67434.1560068325
San Marino,2005,63738.5738716699
San Marino,2004,61113.9018666418
San Marino,2003,60223.9128463016
San Marino,2002,57583.9069412971
San Marino,2001,57251.7955977428
San Marino,2000,53713.4483326033
San Marino,1999,52063.9463007171
San Marino,1998,47679.1466213198
San Marino,1997,44426.4754370763
San Marino,1996,
San Marino,1995,
San Marino,1994,
San Marino,1993,
San Marino,1992,
San Marino,1991,
San Marino,1990,
San Marino,1989,
San Marino,1988,
San Marino,1987,
San Marino,1986,
San Marino,1985,
San Marino,1984,
San Marino,1983,
San Marino,1982,
San Marino,1981,
San Marino,1980,
San Marino,1979,
San Marino,1978,
San Marino,1977,
San Marino,1976,
San Marino,1975,
San Marino,1974,
San Marino,1973,
San Marino,1972,
San Marino,1971,
San Marino,1970,
San Marino,1969,
San Marino,1968,
San Marino,1967,
San Marino,1966,
San Marino,1965,
San Marino,1964,
San Marino,1963,
San Marino,1962,
San Marino,1961,
San Marino,1960,
Sao Tome and Principe,2025,6388.47738664299
Sao Tome and Principe,2024,6274.34741942922
Sao Tome and Principe,2023,6155.05042011344
Sao Tome and Principe,2022,6032.7249522726
Sao Tome and Principe,2021,5732.69456061536
Sao Tome and Principe,2020,5144.53560286014
Sao Tome and Principe,2019,4655.48496449805
Sao Tome and Principe,2018,3941.03280858409
Sao Tome and Principe,2017,3436.31010124694
Sao Tome and Principe,2016,3319.54261733278
Sao Tome and Principe,2015,3171.50905832741
Sao Tome and Principe,2014,3233.3568807314
Sao Tome and Principe,2013,2945.73664283744
Sao Tome and Principe,2012,2694.65726770702
Sao Tome and Principe,2011,2914.21285695222
Sao Tome and Principe,2010,2858.56899083428
Sao Tome and Principe,2009,2845.73589386088
Sao Tome and Principe,2008,2801.83579330989
Sao Tome and Principe,2007,2650.10387618864
Sao Tome and Principe,2006,2550.59553999681
Sao Tome and Principe,2005,2329.01423015363
Sao Tome and Principe,2004,2170.9412191659
Sao Tome and Principe,2003,2093.50493376787
Sao Tome and Principe,2002,1944.99838477912
Sao Tome and Principe,2001,1897.87411123897
Sao Tome and Principe,2000,1830.3662993634
Sao Tome and Principe,1999,1801.54861384503
Sao Tome and Principe,1998,1753.90494496526
Sao Tome and Principe,1997,1714.38768207145
Sao Tome and Principe,1996,1692.57951375794
Sao Tome and Principe,1995,1662.67844048772
Sao Tome and Principe,1994,1622.6193271239
Sao Tome and Principe,1993,1581.48569259753
Sao Tome and Principe,1992,1556.17230286505
Sao Tome and Principe,1991,1539.92825529777
Sao Tome and Principe,1990,1504.39524006585
Sao Tome and Principe,1989,
Sao Tome and Principe,1988,
Sao Tome and Principe,1987,
Sao Tome and Principe,1986,
Sao Tome and Principe,1985,
Sao Tome and Principe,1984,
Sao Tome and Principe,1983,
Sao Tome and Principe,1982,
Sao Tome and Principe,1981,
Sao Tome and Principe,1980,
Sao Tome and Principe,1979,
Sao Tome and Principe,1978,
Sao Tome and Principe,1977,
Sao Tome and Principe,1976,
Sao Tome and Principe,1975,
Sao Tome and Principe,1974,
Sao Tome and Principe,1973,
Sao Tome and Principe,1972,
Sao Tome and Principe,1971,
Sao Tome and Principe,1970,
Sao Tome and Principe,1969,
Sao Tome and Principe,1968,
Sao Tome and Principe,1967,
Sao Tome and Principe,1966,
Sao Tome and Principe,1965,
Sao Tome and Principe,1964,
Sao Tome and Principe,1963,
Sao Tome and Principe,1962,
Sao Tome and Principe,1961,
Sao Tome and Principe,1960,
Saudi Arabia,2025,73783.5613906833
Saudi Arabia,2024,71936.2510663399
Saudi Arabia,2023,71623.785419098
Saudi Arabia,2022,71956.6694296826
Saudi Arabia,2021,62690.4966645929
Saudi Arabia,2020,47518.4877485153
Saudi Arabia,2019,59560.2537904546
Saudi Arabia,2018,59377.8025368768
Saudi Arabia,2017,53120.4572456269
Saudi Arabia,2016,49937.0668103808
Saudi Arabia,2015,53930.8273872622
Saudi Arabia,2014,62578.0708415156
Saudi Arabia,2013,62202.8859202572
Saudi Arabia,2012,65033.6161818077
Saudi Arabia,2011,64125.2177225838
Saudi Arabia,2010,58828.7265329884
Saudi Arabia,2009,54787.3552120273
Saudi Arabia,2008,57236.0519548093
Saudi Arabia,2007,55029.8712115157
Saudi Arabia,2006,54638.7588928274
Saudi Arabia,2005,53548.1964921135
Saudi Arabia,2004,51225.3258206545
Saudi Arabia,2003,48078.1186113645
Saudi Arabia,2002,45466.0257663413
Saudi Arabia,2001,47380.8031558677
Saudi Arabia,2000,48643.6072160729
Saudi Arabia,1999,47494.665349031
Saudi Arabia,1998,48867.2501401676
Saudi Arabia,1997,48795.6726125304
Saudi Arabia,1996,48569.1633133876
Saudi Arabia,1995,48052.4091089165
Saudi Arabia,1994,48903.5791703846
Saudi Arabia,1993,49503.2320724162
Saudi Arabia,1992,50355.4065006377
Saudi Arabia,1991,49295.4748117673
Saudi Arabia,1990,46214.2180696795
Saudi Arabia,1989,
Saudi Arabia,1988,
Saudi Arabia,1987,
Saudi Arabia,1986,
Saudi Arabia,1985,
Saudi Arabia,1984,
Saudi Arabia,1983,
Saudi Arabia,1982,
Saudi Arabia,1981,
Saudi Arabia,1980,
Saudi Arabia,1979,
Saudi Arabia,1978,
Saudi Arabia,1977,
Saudi Arabia,1976,
Saudi Arabia,1975,
Saudi Arabia,1974,
Saudi Arabia,1973,
Saudi Arabia,1972,
Saudi Arabia,1971,
Saudi Arabia,1970,
Saudi Arabia,1969,
Saudi Arabia,1968,
Saudi Arabia,1967,
Saudi Arabia,1966,
Saudi Arabia,1965,
Saudi Arabia,1964,
Saudi Arabia,1963,
Saudi Arabia,1962,
Saudi Arabia,1961,
Saudi Arabia,1960,
Senegal,2025,5463.21828561328
Senegal,2024,5097.24318834766
Senegal,2023,4781.55234083159
Senegal,2022,4529.50264399113
Senegal,2021,4173.67741399617
Senegal,2020,3752.91947490817
Senegal,2019,3647.95137357242
Senegal,2018,3380.21596529445
Senegal,2017,3229.51026655477
Senegal,2016,3101.12348494108
Senegal,2015,2994.28032714875
Senegal,2014,2853.80456250635
Senegal,2013,2768.76818711984
Senegal,2012,2764.26130708482
Senegal,2011,2684.94989722318
Senegal,2010,2662.50486617778
Senegal,2009,2605.72280253317
Senegal,2008,2580.71949171112
Senegal,2007,2499.31582871726
Senegal,2006,2422.09761800252
Senegal,2005,2350.20037040523
Senegal,2004,2236.29400951581
Senegal,2003,2130.50797472927
Senegal,2002,2026.77782442673
Senegal,2001,2043.85289542503
Senegal,2000,1963.27509871911
Senegal,1999,1893.0328370532
Senegal,1998,1798.39199946491
Senegal,1997,1719.04799844857
Senegal,1996,1679.11494140861
Senegal,1995,1656.26724965623
Senegal,1994,1578.09460537018
Senegal,1993,1587.77652669238
Senegal,1992,1572.89009402337
Senegal,1991,1560.85968431961
Senegal,1990,1513.07729105067
Senegal,1989,
Senegal,1988,
Senegal,1987,
Senegal,1986,
Senegal,1985,
Senegal,1984,
Senegal,1983,
Senegal,1982,
Senegal,1981,
Senegal,1980,
Senegal,1979,
Senegal,1978,
Senegal,1977,
Senegal,1976,
Senegal,1975,
Senegal,1974,
Senegal,1973,
Senegal,1972,
Senegal,1971,
Senegal,1970,
Senegal,1969,
Senegal,1968,
Senegal,1967,
Senegal,1966,
Senegal,1965,
Senegal,1964,
Senegal,1963,
Senegal,1962,
Senegal,1961,
Senegal,1960,
Serbia,2025,33909.7605745332
Serbia,2024,32832.274492238
Serbia,2023,29776.9743496564
Serbia,2022,26142.9143111159
Serbia,2021,23406.3065657117
Serbia,2020,21013.0562995823
Serbia,2019,20587.2567440786
Serbia,2018,18469.1042989985
Serbia,2017,17285.4135238265
Serbia,2016,16455.4885236331
Serbia,2015,15546.3082680414
Serbia,2014,15296.1683250053
Serbia,2013,15246.9548612296
Serbia,2012,14506.147963061
Serbia,2011,14298.2784694219
Serbia,2010,13320.0602051636
Serbia,2009,13037.9875975621
Serbia,2008,13122.5721535674
Serbia,2007,11685.3655135932
Serbia,2006,10463.3585717243
Serbia,2005,9397.6009857862
Serbia,2004,8715.14952083478
Serbia,2003,8022.90215999144
Serbia,2002,7562.74391194854
Serbia,2001,6802.74413390292
Serbia,2000,6415.7394558503
Serbia,1999,5896.57291169988
Serbia,1998,6460.35039174979
Serbia,1997,6039.96836601391
Serbia,1996,5433.74885056467
Serbia,1995,5022.18974217232
Serbia,1994,
Serbia,1993,
Serbia,1992,
Serbia,1991,
Serbia,1990,
Serbia,1989,
Serbia,1988,
Serbia,1987,
Serbia,1986,
Serbia,1985,
Serbia,1984,
Serbia,1983,
Serbia,1982,
Serbia,1981,
Serbia,1980,
Serbia,1979,
Serbia,1978,
Serbia,1977,
Serbia,1976,
Serbia,1975,
Serbia,1974,
Serbia,1973,
Serbia,1972,
Serbia,1971,
Serbia,1970,
Serbia,1969,
Serbia,1968,
Serbia,1967,
Serbia,1966,
Serbia,1965,
Serbia,1964,
Serbia,1963,
Serbia,1962,
Serbia,1961,
Serbia,1960,
Seychelles,2025,35854.0281615068
Seychelles,2024,33339.491987317
Seychelles,2023,31893.9628108379
Seychelles,2022,29215.6725189214
Seychelles,2021,29979.8272686091
Seychelles,2020,31055.9442055039
Seychelles,2019,34219.061370118
Seychelles,2018,32091.2988657346
Seychelles,2017,30674.6487335442
Seychelles,2016,28811.3970334958
Seychelles,2015,25435.2289894362
Seychelles,2014,24984.526915426
Seychelles,2013,22487.2497747
Seychelles,2012,22263.822159947
Seychelles,2011,21780.7075576057
Seychelles,2010,18981.6586497241
Seychelles,2009,18453.44107322
Seychelles,2008,18880.5748555784
Seychelles,2007,19473.4206745995
Seychelles,2006,17503.1964982755
Seychelles,2005,15846.0514028252
Seychelles,2004,14160.4071687108
Seychelles,2003,14141.723004571
Seychelles,2002,14569.6256454607
Seychelles,2001,14614.8329927987
Seychelles,2000,14637.9590704042
Seychelles,1999,13852.8794968436
Seychelles,1998,13674.5481049058
Seychelles,1997,13457.5768217927
Seychelles,1996,11930.7988901685
Seychelles,1995,10808.8100196829
Seychelles,1994,10691.7724800871
Seychelles,1993,11019.5660240949
Seychelles,1992,10242.9886760543
Seychelles,1991,9387.46491249231
Seychelles,1990,8954.94515109757
Seychelles,1989,
Seychelles,1988,
Seychelles,1987,
Seychelles,1986,
Seychelles,1985,
Seychelles,1984,
Seychelles,1983,
Seychelles,1982,
Seychelles,1981,
Seychelles,1980,
Seychelles,1979,
Seychelles,1978,
Seychelles,1977,
Seychelles,1976,
Seychelles,1975,
Seychelles,1974,
Seychelles,1973,
Seychelles,1972,
Seychelles,1971,
Seychelles,1970,
Seychelles,1969,
Seychelles,1968,
Seychelles,1967,
Seychelles,1966,
Seychelles,1965,
Seychelles,1964,
Seychelles,1963,
Seychelles,1962,
Seychelles,1961,
Seychelles,1960,
Sierra Leone,2025,3716.89410482498
Sierra Leone,2024,3527.42124292431
Sierra Leone,2023,3371.09351712436
Sierra Leone,2022,3143.46625292281
Sierra Leone,2021,2849.38865839009
Sierra Leone,2020,2719.0728691734
Sierra Leone,2019,2704.05835704649
Sierra Leone,2018,2640.47566787646
Sierra Leone,2017,2501.4531554482
Sierra Leone,2016,2634.9252433025
Sierra Leone,2015,2560.04985807593
Sierra Leone,2014,2762.04553745948
Sierra Leone,2013,2700.73807805259
Sierra Leone,2012,2317.1913997528
Sierra Leone,2011,2042.70009101399
Sierra Leone,2010,1900.38515200493
Sierra Leone,2009,1814.07086919171
Sierra Leone,2008,1824.2449836112
Sierra Leone,2007,1769.77972118057
Sierra Leone,2006,1697.69680422256
Sierra Leone,2005,1614.50361923846
Sierra Leone,2004,1541.0057132264
Sierra Leone,2003,1457.8016785639
Sierra Leone,2002,1359.91725648363
Sierra Leone,2001,1121.24260100391
Sierra Leone,2000,1242.07432040629
Sierra Leone,1999,1166.642303114
Sierra Leone,1998,1179.67308823416
Sierra Leone,1997,1157.43929308049
Sierra Leone,1996,1224.55526216186
Sierra Leone,1995,1187.47720182577
Sierra Leone,1994,1266.06583861536
Sierra Leone,1993,1269.07526562026
Sierra Leone,1992,1220.17057181471
Sierra Leone,1991,1445.33665204657
Sierra Leone,1990,1382.02162144825
Sierra Leone,1989,
Sierra Leone,1988,
Sierra Leone,1987,
Sierra Leone,1986,
Sierra Leone,1985,
Sierra Leone,1984,
Sierra Leone,1983,
Sierra Leone,1982,
Sierra Leone,1981,
Sierra Leone,1980,
Sierra Leone,1979,
Sierra Leone,1978,
Sierra Leone,1977,
Sierra Leone,1976,
Sierra Leone,1975,
Sierra Leone,1974,
Sierra Leone,1973,
Sierra Leone,1972,
Sierra Leone,1971,
Sierra Leone,1970,
Sierra Leone,1969,
Sierra Leone,1968,
Sierra Leone,1967,
Sierra Leone,1966,
Sierra Leone,1965,
Sierra Leone,1964,
Sierra Leone,1963,
Sierra Leone,1962,
Sierra Leone,1961,
Sierra Leone,1960,
Singapore,2025,163353.990260152
Singapore,2024,153161.175431382
Singapore,2023,144728.385132013
Singapore,2022,144417.646950009
Singapore,2021,133990.186782104
Singapore,2020,102117.449503559
Singapore,2019,105521.619340296
Singapore,2018,104198.419110899
Singapore,2017,96056.7007948924
Singapore,2016,90214.7780767093
Singapore,2015,87156.187383315
Singapore,2014,84555.2446100826
Singapore,2013,83088.3185411658
Singapore,2012,82107.7270892092
Singapore,2011,80052.3914982651
Singapore,2010,75400.5557959539
Singapore,2009,66212.9625568167
Singapore,2008,67735.3480828121
Singapore,2007,68804.9832124455
Singapore,2006,64060.5686046112
Singapore,2005,58821.6934646065
Singapore,2004,54383.8062336459
Singapore,2003,48778.2983297671
Singapore,2002,45083.2529895015
Singapore,2001,43109.0641943469
Singapore,2000,43781.2691481583
Singapore,1999,39948.7801316766
Singapore,1998,37559.6121621558
Singapore,1997,39286.4321601159
Singapore,1996,36872.7035835602
Singapore,1995,35090.0687472553
Singapore,1994,33057.5376989836
Singapore,1993,30062.1391664506
Singapore,1992,27021.8408815114
Singapore,1991,25530.3666968072
Singapore,1990,23815.1597270996
Singapore,1989,
Singapore,1988,
Singapore,1987,
Singapore,1986,
Singapore,1985,
Singapore,1984,
Singapore,1983,
Singapore,1982,
Singapore,1981,
Singapore,1980,
Singapore,1979,
Singapore,1978,
Singapore,1977,
Singapore,1976,
Singapore,1975,
Singapore,1974,
Singapore,1973,
Singapore,1972,
Singapore,1971,
Singapore,1970,
Singapore,1969,
Singapore,1968,
Singapore,1967,
Singapore,1966,
Singapore,1965,
Singapore,1964,
Singapore,1963,
Singapore,1962,
Singapore,1961,
Singapore,1960,
Sint Maarten (Dutch part),2025,56490.5015205836
Sint Maarten (Dutch part),2024,53846.7442635227
Sint Maarten (Dutch part),2023,51729.2528621078
Sint Maarten (Dutch part),2022,48752.9549877316
Sint Maarten (Dutch part),2021,40507.0672411717
Sint Maarten (Dutch part),2020,38901.4867603712
Sint Maarten (Dutch part),2019,45715.6970519376
Sint Maarten (Dutch part),2018,41653.2008964784
Sint Maarten (Dutch part),2017,44479.2967076826
Sint Maarten (Dutch part),2016,44845.106868735
Sint Maarten (Dutch part),2015,44587.5911500766
Sint Maarten (Dutch part),2014,43514.2365385271
Sint Maarten (Dutch part),2013,36178.1870158544
Sint Maarten (Dutch part),2012,35520.5138693527
Sint Maarten (Dutch part),2011,39730.5467349267
Sint Maarten (Dutch part),2010,37736.4056786864
Sint Maarten (Dutch part),2009,36454.0882419998
Sint Maarten (Dutch part),2008,
Sint Maarten (Dutch part),2007,
Sint Maarten (Dutch part),2006,
Sint Maarten (Dutch part),2005,
Sint Maarten (Dutch part),2004,
Sint Maarten (Dutch part),2003,
Sint Maarten (Dutch part),2002,
Sint Maarten (Dutch part),2001,
Sint Maarten (Dutch part),2000,
Sint Maarten (Dutch part),1999,
Sint Maarten (Dutch part),1998,
Sint Maarten (Dutch part),1997,
Sint Maarten (Dutch part),1996,
Sint Maarten (Dutch part),1995,
Sint Maarten (Dutch part),1994,
Sint Maarten (Dutch part),1993,
Sint Maarten (Dutch part),1992,
Sint Maarten (Dutch part),1991,
Sint Maarten (Dutch part),1990,
Sint Maarten (Dutch part),1989,
Sint Maarten (Dutch part),1988,
Sint Maarten (Dutch part),1987,
Sint Maarten (Dutch part),1986,
Sint Maarten (Dutch part),1985,
Sint Maarten (Dutch part),1984,
Sint Maarten (Dutch part),1983,
Sint Maarten (Dutch part),1982,
Sint Maarten (Dutch part),1981,
Sint Maarten (Dutch part),1980,
Sint Maarten (Dutch part),1979,
Sint Maarten (Dutch part),1978,
Sint Maarten (Dutch part),1977,
Sint Maarten (Dutch part),1976,
Sint Maarten (Dutch part),1975,
Sint Maarten (Dutch part),1974,
Sint Maarten (Dutch part),1973,
Sint Maarten (Dutch part),1972,
Sint Maarten (Dutch part),1971,
Sint Maarten (Dutch part),1970,
Sint Maarten (Dutch part),1969,
Sint Maarten (Dutch part),1968,
Sint Maarten (Dutch part),1967,
Sint Maarten (Dutch part),1966,
Sint Maarten (Dutch part),1965,
Sint Maarten (Dutch part),1964,
Sint Maarten (Dutch part),1963,
Sint Maarten (Dutch part),1962,
Sint Maarten (Dutch part),1961,
Sint Maarten (Dutch part),1960,
Slovak Republic,2025,49308.7048471448
Slovak Republic,2024,47846.6169154961
Slovak Republic,2023,45864.6125430469
Slovak Republic,2022,41529.408474315
Slovak Republic,2021,38330.302743447
Slovak Republic,2020,35327.9439165588
Slovak Republic,2019,33985.6758419661
Slovak Republic,2018,31509.8187291635
Slovak Republic,2017,30245.7825869756
Slovak Republic,2016,29867.9803390081
Slovak Republic,2015,30147.9903672541
Slovak Republic,2014,29108.072180194
Slovak Republic,2013,28075.4326236719
Slovak Republic,2012,27022.7747321382
Slovak Republic,2011,26201.6502820886
Slovak Republic,2010,25381.7112298749
Slovak Republic,2009,23077.3712084636
Slovak Republic,2008,23714.1353570991
Slovak Republic,2007,21232.2703380662
Slovak Republic,2006,18905.7195772335
Slovak Republic,2005,16570.2574196157
Slovak Republic,2004,15165.8836134619
Slovak Republic,2003,14088.2610150529
Slovak Republic,2002,13291.7864712556
Slovak Republic,2001,12367.3391520167
Slovak Republic,2000,11369.9916167703
Slovak Republic,1999,10725.6433995967
Slovak Republic,1998,10666.4184104343
Slovak Republic,1997,10137.0863206191
Slovak Republic,1996,9499.57196646303
Slovak Republic,1995,8811.8255351151
Slovak Republic,1994,8178.26517734919
Slovak Republic,1993,7569.20959759304
Slovak Republic,1992,7270.41049308264
Slovak Republic,1991,7623.11488361013
Slovak Republic,1990,8638.4079886218
Slovak Republic,1989,
Slovak Republic,1988,
Slovak Republic,1987,
Slovak Republic,1986,
Slovak Republic,1985,
Slovak Republic,1984,
Slovak Republic,1983,
Slovak Republic,1982,
Slovak Republic,1981,
Slovak Republic,1980,
Slovak Republic,1979,
Slovak Republic,1978,
Slovak Republic,1977,
Slovak Republic,1976,
Slovak Republic,1975,
Slovak Republic,1974,
Slovak Republic,1973,
Slovak Republic,1972,
Slovak Republic,1971,
Slovak Republic,1970,
Slovak Republic,1969,
Slovak Republic,1968,
Slovak Republic,1967,
Slovak Republic,1966,
Slovak Republic,1965,
Slovak Republic,1964,
Slovak Republic,1963,
Slovak Republic,1962,
Slovak Republic,1961,
Slovak Republic,1960,
Slovenia,2025,59244.7106359661
Slovenia,2024,57570.5904042272
Slovenia,2023,56150.6852244867
Slovenia,2022,52322.1405997493
Slovenia,2021,45922.6632600134
Slovenia,2020,41767.2579899957
Slovenia,2019,42373.2506369279
Slovenia,2018,38620.2045436305
Slovenia,2017,36180.0384547624
Slovenia,2016,33575.1775435757
Slovenia,2015,31336.2043858881
Slovenia,2014,30571.9753019832
Slovenia,2013,29634.0657611471
Slovenia,2012,28786.7105517686
Slovenia,2011,28715.6339954963
Slovenia,2010,27579.428605763
Slovenia,2009,27228.6387025436
Slovenia,2008,29460.9414243515
Slovenia,2007,27468.038850682
Slovenia,2006,25571.066947369
Slovenia,2005,23682.3710849153
Slovenia,2004,22587.7819716494
Slovenia,2003,20915.5593835145
Slovenia,2002,20004.2990959715
Slovenia,2001,18763.4715912597
Slovenia,2000,17891.5856596003
Slovenia,1999,17006.7426541486
Slovenia,1998,15993.5042949089
Slovenia,1997,15256.885308508
Slovenia,1996,14284.3392747406
Slovenia,1995,13637.1913018308
Slovenia,1994,13975.1338460117
Slovenia,1993,12975.8571019429
Slovenia,1992,12295.6366722699
Slovenia,1991,12697.9185657738
Slovenia,1990,13491.1485293483
Slovenia,1989,
Slovenia,1988,
Slovenia,1987,
Slovenia,1986,
Slovenia,1985,
Slovenia,1984,
Slovenia,1983,
Slovenia,1982,
Slovenia,1981,
Slovenia,1980,
Slovenia,1979,
Slovenia,1978,
Slovenia,1977,
Slovenia,1976,
Slovenia,1975,
Slovenia,1974,
Slovenia,1973,
Slovenia,1972,
Slovenia,1971,
Slovenia,1970,
Slovenia,1969,
Slovenia,1968,
Slovenia,1967,
Slovenia,1966,
Slovenia,1965,
Slovenia,1964,
Slovenia,1963,
Slovenia,1962,
Slovenia,1961,
Slovenia,1960,
Solomon Islands,2025,2787.61656406214
Solomon Islands,2024,2679.1210283533
Solomon Islands,2023,2599.03676008376
Solomon Islands,2022,2496.15153066833
Solomon Islands,2021,2450.18399709553
Solomon Islands,2020,2405.69259474986
Solomon Islands,2019,2512.01387970749
Solomon Islands,2018,2493.97675735682
Solomon Islands,2017,2454.04671907288
Solomon Islands,2016,2421.18991110932
Solomon Islands,2015,2353.78235282563
Solomon Islands,2014,2377.38397006085
Solomon Islands,2013,2394.46788082843
Solomon Islands,2012,2320.45346138312
Solomon Islands,2011,2306.28127950629
Solomon Islands,2010,2182.21603851706
Solomon Islands,2009,2021.46315088898
Solomon Islands,2008,1989.01359202523
Solomon Islands,2007,1868.75507206753
Solomon Islands,2006,1786.13962901102
Solomon Islands,2005,1693.19193513436
Solomon Islands,2004,1556.4697491505
Solomon Islands,2003,1433.09520208074
Solomon Islands,2002,1343.73915397001
Solomon Islands,2001,1387.19587314291
Solomon Islands,2000,1502.88776479127
Solomon Islands,1999,1754.05628864983
Solomon Islands,1998,1785.42288988011
Solomon Islands,1997,1792.67718422543
Solomon Islands,1996,1830.03602355613
Solomon Islands,1995,1820.49795292443
Solomon Islands,1994,1667.637007487
Solomon Islands,1993,1555.53744646553
Solomon Islands,1992,1505.19059353909
Solomon Islands,1991,1345.81069983742
Solomon Islands,1990,1266.27744006714
Solomon Islands,1989,
Solomon Islands,1988,
Solomon Islands,1987,
Solomon Islands,1986,
Solomon Islands,1985,
Solomon Islands,1984,
Solomon Islands,1983,
Solomon Islands,1982,
Solomon Islands,1981,
Solomon Islands,1980,
Solomon Islands,1979,
Solomon Islands,1978,
Solomon Islands,1977,
Solomon Islands,1976,
Solomon Islands,1975,
Solomon Islands,1974,
Solomon Islands,1973,
Solomon Islands,1972,
Solomon Islands,1971,
Solomon Islands,1970,
Solomon Islands,1969,
Solomon Islands,1968,
Solomon Islands,1967,
Solomon Islands,1966,
Solomon Islands,1965,
Solomon Islands,1964,
Solomon Islands,1963,
Solomon Islands,1962,
Solomon Islands,1961,
Solomon Islands,1960,
"Somalia, Fed. Rep.",2025,1642.77032278186
"Somalia, Fed. Rep.",2024,1604.29116285918
"Somalia, Fed. Rep.",2023,1556.89233845758
"Somalia, Fed. Rep.",2022,1486.23689665021
"Somalia, Fed. Rep.",2021,1392.31782053371
"Somalia, Fed. Rep.",2020,1454.26711848855
"Somalia, Fed. Rep.",2019,1548.27250940098
"Somalia, Fed. Rep.",2018,1551.52773977473
"Somalia, Fed. Rep.",2017,1596.81409178022
"Somalia, Fed. Rep.",2016,1468.50438474605
"Somalia, Fed. Rep.",2015,1341.38999678728
"Somalia, Fed. Rep.",2014,1127.71922200338
"Somalia, Fed. Rep.",2013,944.404567280324
"Somalia, Fed. Rep.",2012,1002.9322657147
"Somalia, Fed. Rep.",2011,881.38311305094
"Somalia, Fed. Rep.",2010,815.131435968091
"Somalia, Fed. Rep.",2009,773.780862200912
"Somalia, Fed. Rep.",2008,739.20946930934
"Somalia, Fed. Rep.",2007,700.174057935812
"Somalia, Fed. Rep.",2006,659.137580508196
"Somalia, Fed. Rep.",2005,619.158298415337
"Somalia, Fed. Rep.",2004,580.284955543477
"Somalia, Fed. Rep.",2003,547.37415477371
"Somalia, Fed. Rep.",2002,517.475206094119
"Somalia, Fed. Rep.",2001,491.527329985726
"Somalia, Fed. Rep.",2000,467.060922100889
"Somalia, Fed. Rep.",1999,443.803186897386
"Somalia, Fed. Rep.",1998,424.600856337189
"Somalia, Fed. Rep.",1997,410.594586010614
"Somalia, Fed. Rep.",1996,413.185281169134
"Somalia, Fed. Rep.",1995,389.431736663372
"Somalia, Fed. Rep.",1994,380.275356911532
"Somalia, Fed. Rep.",1993,476.638657101778
"Somalia, Fed. Rep.",1992,460.576960721863
"Somalia, Fed. Rep.",1991,469.07179580341
"Somalia, Fed. Rep.",1990,423.982180283555
"Somalia, Fed. Rep.",1989,
"Somalia, Fed. Rep.",1988,
"Somalia, Fed. Rep.",1987,
"Somalia, Fed. Rep.",1986,
"Somalia, Fed. Rep.",1985,
"Somalia, Fed. Rep.",1984,
"Somalia, Fed. Rep.",1983,
"Somalia, Fed. Rep.",1982,
"Somalia, Fed. Rep.",1981,
"Somalia, Fed. Rep.",1980,
"Somalia, Fed. Rep.",1979,
"Somalia, Fed. Rep.",1978,
"Somalia, Fed. Rep.",1977,
"Somalia, Fed. Rep.",1976,
"Somalia, Fed. Rep.",1975,
"Somalia, Fed. Rep.",1974,
"Somalia, Fed. Rep.",1973,
"Somalia, Fed. Rep.",1972,
"Somalia, Fed. Rep.",1971,
"Somalia, Fed. Rep.",1970,
"Somalia, Fed. Rep.",1969,
"Somalia, Fed. Rep.",1968,
"Somalia, Fed. Rep.",1967,
"Somalia, Fed. Rep.",1966,
"Somalia, Fed. Rep.",1965,
"Somalia, Fed. Rep.",1964,
"Somalia, Fed. Rep.",1963,
"Somalia, Fed. Rep.",1962,
"Somalia, Fed. Rep.",1961,
"Somalia, Fed. Rep.",1960,
South Africa,2025,15905.6794419658
South Africa,2024,15478.6456794969
South Africa,2023,15212.2609596178
South Africa,2022,14746.7103701698
South Africa,2021,13681.9548144813
South Africa,2020,12671.0862436851
South Africa,2019,13361.4851289112
South Africa,2018,13347.3634826038
South Africa,2017,13738.4385854596
South Africa,2016,13519.3235102376
South Africa,2015,13397.5234813346
South Africa,2014,13358.9417186608
South Africa,2013,13369.4382039605
South Africa,2012,12986.7976675307
South Africa,2011,13143.1933361097
South Africa,2010,12637.2912221888
South Africa,2009,12261.4115912534
South Africa,2008,12525.2630295392
South Africa,2007,12046.6051067457
South Africa,2006,11250.1795559368
South Africa,2005,10440.6275146273
South Africa,2004,9713.65348476407
South Africa,2003,9138.82823848323
South Africa,2002,8792.35588555626
South Africa,2001,8428.31681714008
South Africa,2000,8095.29428839778
South Africa,1999,7666.71616232741
South Africa,1998,7463.44455106603
South Africa,1997,7433.35785895886
South Africa,1996,7208.00603134873
South Africa,1995,6875.18838614394
South Africa,1994,6611.28864482802
South Africa,1993,6374.77912497083
South Africa,1992,6275.01326531567
South Africa,1991,6382.80679264745
South Africa,1990,6381.67336428175
South Africa,1989,
South Africa,1988,
South Africa,1987,
South Africa,1986,
South Africa,1985,
South Africa,1984,
South Africa,1983,
South Africa,1982,
South Africa,1981,
South Africa,1980,
South Africa,1979,
South Africa,1978,
South Africa,1977,
South Africa,1976,
South Africa,1975,
South Africa,1974,
South Africa,1973,
South Africa,1972,
South Africa,1971,
South Africa,1970,
South Africa,1969,
South Africa,1968,
South Africa,1967,
South Africa,1966,
South Africa,1965,
South Africa,1964,
South Africa,1963,
South Africa,1962,
South Africa,1961,
South Africa,1960,
South Sudan,2025,
South Sudan,2024,
South Sudan,2023,
South Sudan,2022,
South Sudan,2021,
South Sudan,2020,
South Sudan,2019,
South Sudan,2018,
South Sudan,2017,
South Sudan,2016,
South Sudan,2015,1154.88686304107
South Sudan,2014,1372.75618491146
South Sudan,2013,1916.8535588619
South Sudan,2012,1417.38566439045
South Sudan,2011,2718.04847850752
South Sudan,2010,2948.05001484216
South Sudan,2009,2911.04297301702
South Sudan,2008,2887.37415922692
South Sudan,2007,
South Sudan,2006,
South Sudan,2005,
South Sudan,2004,
South Sudan,2003,
South Sudan,2002,
South Sudan,2001,
South Sudan,2000,
South Sudan,1999,
South Sudan,1998,
South Sudan,1997,
South Sudan,1996,
South Sudan,1995,
South Sudan,1994,
South Sudan,1993,
South Sudan,1992,
South Sudan,1991,
South Sudan,1990,
South Sudan,1989,
South Sudan,1988,
South Sudan,1987,
South Sudan,1986,
South Sudan,1985,
South Sudan,1984,
South Sudan,1983,
South Sudan,1982,
South Sudan,1981,
South Sudan,1980,
South Sudan,1979,
South Sudan,1978,
South Sudan,1977,
South Sudan,1976,
South Sudan,1975,
South Sudan,1974,
South Sudan,1973,
South Sudan,1972,
South Sudan,1971,
South Sudan,1970,
South Sudan,1969,
South Sudan,1968,
South Sudan,1967,
South Sudan,1966,
South Sudan,1965,
South Sudan,1964,
South Sudan,1963,
South Sudan,1962,
South Sudan,1961,
South Sudan,1960,
Spain,2025,59867.6944716701
Spain,2024,58063.7350840487
Spain,2023,55661.317481747
Spain,2022,51482.523634807
Spain,2021,44251.6658222621
Spain,2020,39327.8479269599
Spain,2019,44042.757577336
Spain,2018,41015.1565755187
Spain,2017,39825.2498116292
Spain,2016,37612.7188681342
Spain,2015,35228.6333036223
Spain,2014,33760.9555646369
Spain,2013,32613.6891811474
Spain,2012,31869.7839822219
Spain,2011,32015.5752000401
Spain,2010,31804.6746571689
Spain,2009,32218.2880170155
Spain,2008,33349.942580613
Spain,2007,32536.1882684038
Spain,2006,30748.7396326091
Spain,2005,27629.7077024966
Spain,2004,26159.7864720491
Spain,2003,25057.3469945838
Spain,2002,24377.8417076394
Spain,2001,22952.3641099695
Spain,2000,21582.2067955558
Spain,1999,19938.1786773173
Spain,1998,19082.8420038702
Spain,1997,17903.398842181
Spain,1996,16971.2538144573
Spain,1995,16275.8548504628
Spain,1994,15582.4470419042
Spain,1993,14972.676286411
Spain,1992,14855.2574563932
Spain,1991,14461.2007315581
Spain,1990,13675.6055336815
Spain,1989,
Spain,1988,
Spain,1987,
Spain,1986,
Spain,1985,
Spain,1984,
Spain,1983,
Spain,1982,
Spain,1981,
Spain,1980,
Spain,1979,
Spain,1978,
Spain,1977,
Spain,1976,
Spain,1975,
Spain,1974,
Spain,1973,
Spain,1972,
Spain,1971,
Spain,1970,
Spain,1969,
Spain,1968,
Spain,1967,
Spain,1966,
Spain,1965,
Spain,1964,
Spain,1963,
Spain,1962,
Spain,1961,
Spain,1960,
Sri Lanka,2025,17065.0298635432
Sri Lanka,2024,15701.0907191253
Sri Lanka,2023,14512.1432202455
Sri Lanka,2022,14191.4051912109
Sri Lanka,2021,14316.1352225567
Sri Lanka,2020,12940.9043296014
Sri Lanka,2019,14112.9525042604
Sri Lanka,2018,14178.0225361835
Sri Lanka,2017,13610.4723136277
Sri Lanka,2016,13078.5605089011
Sri Lanka,2015,12227.171484965
Sri Lanka,2014,11720.5978109851
Sri Lanka,2013,11252.6311492148
Sri Lanka,2012,10249.1670637487
Sri Lanka,2011,9075.54549583927
Sri Lanka,2010,8233.62663784454
Sri Lanka,2009,7575.57988731185
Sri Lanka,2008,7316.58626483833
Sri Lanka,2007,6820.39309993594
Sri Lanka,2006,6260.67990157292
Sri Lanka,2005,5678.74647772829
Sri Lanka,2004,5215.8802444029
Sri Lanka,2003,4849.860234461
Sri Lanka,2002,4522.32769629678
Sri Lanka,2001,4328.19141115153
Sri Lanka,2000,4367.80358967496
Sri Lanka,1999,4103.38045077839
Sri Lanka,1998,3952.04104416954
Sri Lanka,1997,3803.88359599546
Sri Lanka,1996,3581.65276582188
Sri Lanka,1995,3454.27501141435
Sri Lanka,1994,3260.46892518501
Sri Lanka,1993,3067.38292693737
Sri Lanka,1992,2850.9500749898
Sri Lanka,1991,2712.72280195342
Sri Lanka,1990,2527.44295259518
Sri Lanka,1989,
Sri Lanka,1988,
Sri Lanka,1987,
Sri Lanka,1986,
Sri Lanka,1985,
Sri Lanka,1984,
Sri Lanka,1983,
Sri Lanka,1982,
Sri Lanka,1981,
Sri Lanka,1980,
Sri Lanka,1979,
Sri Lanka,1978,
Sri Lanka,1977,
Sri Lanka,1976,
Sri Lanka,1975,
Sri Lanka,1974,
Sri Lanka,1973,
Sri Lanka,1972,
Sri Lanka,1971,
Sri Lanka,1970,
Sri Lanka,1969,
Sri Lanka,1968,
Sri Lanka,1967,
Sri Lanka,1966,
Sri Lanka,1965,
Sri Lanka,1964,
Sri Lanka,1963,
Sri Lanka,1962,
Sri Lanka,1961,
Sri Lanka,1960,
St. Kitts and Nevis,2025,36777.262691657
St. Kitts and Nevis,2024,34897.2104637487
St. Kitts and Nevis,2023,34007.6371717125
St. Kitts and Nevis,2022,31865.8304697944
St. Kitts and Nevis,2021,26896.6177065978
St. Kitts and Nevis,2020,27326.036057423
St. Kitts and Nevis,2019,32482.094417215
St. Kitts and Nevis,2018,30794.8986482634
St. Kitts and Nevis,2017,29578.6311625727
St. Kitts and Nevis,2016,28214.709934443
St. Kitts and Nevis,2015,26877.4665031101
St. Kitts and Nevis,2014,26755.5969780771
St. Kitts and Nevis,2013,24624.4362309063
St. Kitts and Nevis,2012,23457.8938878076
St. Kitts and Nevis,2011,24550.1651914562
St. Kitts and Nevis,2010,23691.4477928409
St. Kitts and Nevis,2009,23384.7350985564
St. Kitts and Nevis,2008,24102.1993835142
St. Kitts and Nevis,2007,21301.2400249145
St. Kitts and Nevis,2006,20676.1880814018
St. Kitts and Nevis,2005,19500.3236561244
St. Kitts and Nevis,2004,17275.8639873835
St. Kitts and Nevis,2003,16225.6744089875
St. Kitts and Nevis,2002,16619.1655122941
St. Kitts and Nevis,2001,16235.4246585838
St. Kitts and Nevis,2000,15256.4305898826
St. Kitts and Nevis,1999,13753.6577195364
St. Kitts and Nevis,1998,13318.7626883368
St. Kitts and Nevis,1997,13408.8766506842
St. Kitts and Nevis,1996,12498.0941229441
St. Kitts and Nevis,1995,11746.8243224473
St. Kitts and Nevis,1994,11061.6024328598
St. Kitts and Nevis,1993,10418.2382254124
St. Kitts and Nevis,1992,9652.19976231182
St. Kitts and Nevis,1991,9130.8277587953
St. Kitts and Nevis,1990,8983.49069456518
St. Kitts and Nevis,1989,
St. Kitts and Nevis,1988,
St. Kitts and Nevis,1987,
St. Kitts and Nevis,1986,
St. Kitts and Nevis,1985,
St. Kitts and Nevis,1984,
St. Kitts and Nevis,1983,
St. Kitts and Nevis,1982,
St. Kitts and Nevis,1981,
St. Kitts and Nevis,1980,
St. Kitts and Nevis,1979,
St. Kitts and Nevis,1978,
St. Kitts and Nevis,1977,
St. Kitts and Nevis,1976,
St. Kitts and Nevis,1975,
St. Kitts and Nevis,1974,
St. Kitts and Nevis,1973,
St. Kitts and Nevis,1972,
St. Kitts and Nevis,1971,
St. Kitts and Nevis,1970,
St. Kitts and Nevis,1969,
St. Kitts and Nevis,1968,
St. Kitts and Nevis,1967,
St. Kitts and Nevis,1966,
St. Kitts and Nevis,1965,
St. Kitts and Nevis,1964,
St. Kitts and Nevis,1963,
St. Kitts and Nevis,1962,
St. Kitts and Nevis,1961,
St. Kitts and Nevis,1960,
St. Lucia,2025,28673.8437920214
St. Lucia,2024,28116.7677870924
St. Lucia,2023,26253.9280339233
St. Lucia,2022,24433.7034481087
St. Lucia,2021,19141.3272253168
St. Lucia,2020,15135.6187398708
St. Lucia,2019,18662.8504698815
St. Lucia,2018,17433.3010328737
St. Lucia,2017,16130.9721097011
St. Lucia,2016,15306.7258058706
St. Lucia,2015,14353.2224845845
St. Lucia,2014,14403.0832732506
St. Lucia,2013,14009.9844560139
St. Lucia,2012,13443.4262512467
St. Lucia,2011,13471.2666355799
St. Lucia,2010,12717.7865962746
St. Lucia,2009,12600.20789774
St. Lucia,2008,12968.5457262572
St. Lucia,2007,12199.2581145865
St. Lucia,2006,11758.3194730218
St. Lucia,2005,10818.3104253794
St. Lucia,2004,10610.2966894983
St. Lucia,2003,9707.06818911308
St. Lucia,2002,9205.184163264
St. Lucia,2001,9105.82558998744
St. Lucia,2000,9313.7327966309
St. Lucia,1999,9214.18051211421
St. Lucia,1998,8965.13400053824
St. Lucia,1997,8456.38163881172
St. Lucia,1996,8489.82689838119
St. Lucia,1995,8222.22323085658
St. Lucia,1994,8040.75602239217
St. Lucia,1993,7865.45914848078
St. Lucia,1992,7752.54864537474
St. Lucia,1991,7126.93091117033
St. Lucia,1990,6950.84435946125
St. Lucia,1989,
St. Lucia,1988,
St. Lucia,1987,
St. Lucia,1986,
St. Lucia,1985,
St. Lucia,1984,
St. Lucia,1983,
St. Lucia,1982,
St. Lucia,1981,
St. Lucia,1980,
St. Lucia,1979,
St. Lucia,1978,
St. Lucia,1977,
St. Lucia,1976,
St. Lucia,1975,
St. Lucia,1974,
St. Lucia,1973,
St. Lucia,1972,
St. Lucia,1971,
St. Lucia,1970,
St. Lucia,1969,
St. Lucia,1968,
St. Lucia,1967,
St. Lucia,1966,
St. Lucia,1965,
St. Lucia,1964,
St. Lucia,1963,
St. Lucia,1962,
St. Lucia,1961,
St. Lucia,1960,
St. Martin (French part),2025,
St. Martin (French part),2024,
St. Martin (French part),2023,
St. Martin (French part),2022,
St. Martin (French part),2021,
St. Martin (French part),2020,
St. Martin (French part),2019,
St. Martin (French part),2018,
St. Martin (French part),2017,
St. Martin (French part),2016,
St. Martin (French part),2015,
St. Martin (French part),2014,
St. Martin (French part),2013,
St. Martin (French part),2012,
St. Martin (French part),2011,
St. Martin (French part),2010,
St. Martin (French part),2009,
St. Martin (French part),2008,
St. Martin (French part),2007,
St. Martin (French part),2006,
St. Martin (French part),2005,
St. Martin (French part),2004,
St. Martin (French part),2003,
St. Martin (French part),2002,
St. Martin (French part),2001,
St. Martin (French part),2000,
St. Martin (French part),1999,
St. Martin (French part),1998,
St. Martin (French part),1997,
St. Martin (French part),1996,
St. Martin (French part),1995,
St. Martin (French part),1994,
St. Martin (French part),1993,
St. Martin (French part),1992,
St. Martin (French part),1991,
St. Martin (French part),1990,
St. Martin (French part),1989,
St. Martin (French part),1988,
St. Martin (French part),1987,
St. Martin (French part),1986,
St. Martin (French part),1985,
St. Martin (French part),1984,
St. Martin (French part),1983,
St. Martin (French part),1982,
St. Martin (French part),1981,
St. Martin (French part),1980,
St. Martin (French part),1979,
St. Martin (French part),1978,
St. Martin (French part),1977,
St. Martin (French part),1976,
St. Martin (French part),1975,
St. Martin (French part),1974,
St. Martin (French part),1973,
St. Martin (French part),1972,
St. Martin (French part),1971,
St. Martin (French part),1970,
St. Martin (French part),1969,
St. Martin (French part),1968,
St. Martin (French part),1967,
St. Martin (French part),1966,
St. Martin (French part),1965,
St. Martin (French part),1964,
St. Martin (French part),1963,
St. Martin (French part),1962,
St. Martin (French part),1961,
St. Martin (French part),1960,
St. Vincent and the Grenadines,2025,22799.4005332261
St. Vincent and the Grenadines,2024,21302.9730252553
St. Vincent and the Grenadines,2023,19836.205036664
St. Vincent and the Grenadines,2022,18032.4150562634
St. Vincent and the Grenadines,2021,16200.8994597845
St. Vincent and the Grenadines,2020,15336.5987771764
St. Vincent and the Grenadines,2019,15339.5560281064
St. Vincent and the Grenadines,2018,14689.8500710886
St. Vincent and the Grenadines,2017,13575.4319769513
St. Vincent and the Grenadines,2016,13493.4773120997
St. Vincent and the Grenadines,2015,12378.842727428
St. Vincent and the Grenadines,2014,12135.5830510291
St. Vincent and the Grenadines,2013,11624.8625142076
St. Vincent and the Grenadines,2012,10988.5026140095
St. Vincent and the Grenadines,2011,10773.6144742571
St. Vincent and the Grenadines,2010,10561.3080302509
St. Vincent and the Grenadines,2009,10868.5350935196
St. Vincent and the Grenadines,2008,10901.5648740722
St. Vincent and the Grenadines,2007,10604.3480232138
St. Vincent and the Grenadines,2006,9949.48938771364
St. Vincent and the Grenadines,2005,8985.69686075136
St. Vincent and the Grenadines,2004,8471.96246272441
St. Vincent and the Grenadines,2003,7902.62730877934
St. Vincent and the Grenadines,2002,7250.39274397729
St. Vincent and the Grenadines,2001,6768.19370788781
St. Vincent and the Grenadines,2000,6502.90023611604
St. Vincent and the Grenadines,1999,6266.19508127517
St. Vincent and the Grenadines,1998,6025.6012278691
St. Vincent and the Grenadines,1997,5726.46457981867
St. Vincent and the Grenadines,1996,5439.80998809814
St. Vincent and the Grenadines,1995,5277.4438666454
St. Vincent and the Grenadines,1994,4802.01428171825
St. Vincent and the Grenadines,1993,4768.75336939239
St. Vincent and the Grenadines,1992,4477.37198327135
St. Vincent and the Grenadines,1991,4125.67491331213
St. Vincent and the Grenadines,1990,3960.37679301447
St. Vincent and the Grenadines,1989,
St. Vincent and the Grenadines,1988,
St. Vincent and the Grenadines,1987,
St. Vincent and the Grenadines,1986,
St. Vincent and the Grenadines,1985,
St. Vincent and the Grenadines,1984,
St. Vincent and the Grenadines,1983,
St. Vincent and the Grenadines,1982,
St. Vincent and the Grenadines,1981,
St. Vincent and the Grenadines,1980,
St. Vincent and the Grenadines,1979,
St. Vincent and the Grenadines,1978,
St. Vincent and the Grenadines,1977,
St. Vincent and the Grenadines,1976,
St. Vincent and the Grenadines,1975,
St. Vincent and the Grenadines,1974,
St. Vincent and the Grenadines,1973,
St. Vincent and the Grenadines,1972,
St. Vincent and the Grenadines,1971,
St. Vincent and the Grenadines,1970,
St. Vincent and the Grenadines,1969,
St. Vincent and the Grenadines,1968,
St. Vincent and the Grenadines,1967,
St. Vincent and the Grenadines,1966,
St. Vincent and the Grenadines,1965,
St. Vincent and the Grenadines,1964,
St. Vincent and the Grenadines,1963,
St. Vincent and the Grenadines,1962,
St. Vincent and the Grenadines,1961,
St. Vincent and the Grenadines,1960,
Sudan,2025,2192.27221679688
Sudan,2024,2118.88891601563
Sudan,2023,2422.6533203125
Sudan,2022,3354.84643554688
Sudan,2021,3248.9755859375
Sudan,2020,3348.57836914063
Sudan,2019,3914.2255859375
Sudan,2018,4199.25048828125
Sudan,2017,4252.42138671875
Sudan,2016,4470.35498046875
Sudan,2015,4217.01025390625
Sudan,2014,4260.57177734375
Sudan,2013,3724.9599609375
Sudan,2012,3710.376953125
Sudan,2011,4112.21875
Sudan,2010,3805.62744140625
Sudan,2009,3731.61474609375
Sudan,2008,3937.52685546875
Sudan,2007,3836.48901367188
Sudan,2006,3637.32666015625
Sudan,2005,3407.35180664063
Sudan,2004,3215.236328125
Sudan,2003,3058.10375976563
Sudan,2002,2898.138671875
Sudan,2001,2769.4228515625
Sudan,2000,2616.46459960938
Sudan,1999,2475.06665039063
Sudan,1998,2427.79565429688
Sudan,1997,2358.26098632813
Sudan,1996,2005.60961914063
Sudan,1995,1902.43005371094
Sudan,1994,1805.20349121094
Sudan,1993,1793.81896972656
Sudan,1992,1709.70544433594
Sudan,1991,1598.86901855469
Sudan,1990,1467.99328613281
Sudan,1989,
Sudan,1988,
Sudan,1987,
Sudan,1986,
Sudan,1985,
Sudan,1984,
Sudan,1983,
Sudan,1982,
Sudan,1981,
Sudan,1980,
Sudan,1979,
Sudan,1978,
Sudan,1977,
Sudan,1976,
Sudan,1975,
Sudan,1974,
Sudan,1973,
Sudan,1972,
Sudan,1971,
Sudan,1970,
Sudan,1969,
Sudan,1968,
Sudan,1967,
Sudan,1966,
Sudan,1965,
Sudan,1964,
Sudan,1963,
Sudan,1962,
Sudan,1961,
Sudan,1960,
Suriname,2025,22652.3952637959
Suriname,2024,21832.187015648
Suriname,2023,21127.5975244081
Suriname,2022,20075.6544534114
Suriname,2021,18458.234999681
Suriname,2020,16946.8942361914
Suriname,2019,19771.5473885151
Suriname,2018,17855.4787141437
Suriname,2017,17567.6802396432
Suriname,2016,14475.3069644921
Suriname,2015,16543.5743051372
Suriname,2014,16597.5853539637
Suriname,2013,16172.6961959961
Suriname,2012,15184.9254680409
Suriname,2011,13926.2226223035
Suriname,2010,13039.4491193839
Suriname,2009,12392.9333584679
Suriname,2008,12097.3491160966
Suriname,2007,11530.1565503856
Suriname,2006,10802.5481846053
Suriname,2005,10013.9196134473
Suriname,2004,9388.81890804295
Suriname,2003,8551.63742848713
Suriname,2002,8045.75982654404
Suriname,2001,7865.10262352273
Suriname,2000,7535.45294132087
Suriname,1999,7367.33191446992
Suriname,1998,7520.86178265378
Suriname,1997,7421.59415415903
Suriname,1996,7047.63707562418
Suriname,1995,6999.53387499848
Suriname,1994,6973.15946918451
Suriname,1993,6650.4818458438
Suriname,1992,6992.41260595447
Suriname,1991,6851.64461515922
Suriname,1990,6492.7004958214
Suriname,1989,
Suriname,1988,
Suriname,1987,
Suriname,1986,
Suriname,1985,
Suriname,1984,
Suriname,1983,
Suriname,1982,
Suriname,1981,
Suriname,1980,
Suriname,1979,
Suriname,1978,
Suriname,1977,
Suriname,1976,
Suriname,1975,
Suriname,1974,
Suriname,1973,
Suriname,1972,
Suriname,1971,
Suriname,1970,
Suriname,1969,
Suriname,1968,
Suriname,1967,
Suriname,1966,
Suriname,1965,
Suriname,1964,
Suriname,1963,
Suriname,1962,
Suriname,1961,
Suriname,1960,
Sweden,2025,72528.8892631159
Sweden,2024,71221.9379308266
Sweden,2023,68457.9015289277
Sweden,2022,66517.6358713011
Sweden,2021,62190.8526983825
Sweden,2020,57396.2588780383
Sweden,2019,56909.753155728
Sweden,2018,52962.1832555021
Sweden,2017,51386.5907915775
Sweden,2016,50176.3328538836
Sweden,2015,48762.7456496975
Sweden,2014,46841.2010746944
Sweden,2013,46098.0140634307
Sweden,2012,45206.780102677
Sweden,2011,44332.3063486431
Sweden,2010,41951.2525597117
Sweden,2009,40093.8358794687
Sweden,2008,41906.5013377768
Sweden,2007,40812.608451608
Sweden,2006,37671.4935238976
Sweden,2005,34198.2228928173
Sweden,2004,33804.7015981309
Sweden,2003,31787.3765638123
Sweden,2002,30987.1008568293
Sweden,2001,29945.8508575628
Sweden,2000,29636.0533379047
Sweden,1999,27496.233607761
Sweden,1998,25896.8499240244
Sweden,1997,24816.6202142152
Sweden,1996,23951.5346983014
Sweden,1995,23083.8821849136
Sweden,1994,21834.7707520159
Sweden,1993,20699.5354974732
Sweden,1992,20767.0040710182
Sweden,1991,20663.1408121844
Sweden,1990,20357.2079926484
Sweden,1989,
Sweden,1988,
Sweden,1987,
Sweden,1986,
Sweden,1985,
Sweden,1984,
Sweden,1983,
Sweden,1982,
Sweden,1981,
Sweden,1980,
Sweden,1979,
Sweden,1978,
Sweden,1977,
Sweden,1976,
Sweden,1975,
Sweden,1974,
Sweden,1973,
Sweden,1972,
Sweden,1971,
Sweden,1970,
Sweden,1969,
Sweden,1968,
Sweden,1967,
Sweden,1966,
Sweden,1965,
Sweden,1964,
Sweden,1963,
Sweden,1962,
Sweden,1961,
Sweden,1960,
Switzerland,2025,102513.347221899
Switzerland,2024,97467.7447151829
Switzerland,2023,93939.7784980038
Switzerland,2022,94629.7224204886
Switzerland,2021,83524.9832880195
Switzerland,2020,74384.6631232325
Switzerland,2019,75267.0079269626
Switzerland,2018,72169.4717767024
Switzerland,2017,69317.5993921633
Switzerland,2016,68399.5779033573
Switzerland,2015,66418.7989292294
Switzerland,2014,64694.0744212256
Switzerland,2013,62748.9298592904
Switzerland,2012,60433.500996161
Switzerland,2011,58404.5879736888
Switzerland,2010,55445.6775606878
Switzerland,2009,53874.2782377773
Switzerland,2008,54514.1506081639
Switzerland,2007,51786.0095983917
Switzerland,2006,46980.7361703296
Switzerland,2005,42142.9474311978
Switzerland,2004,40683.8614431803
Switzerland,2003,39217.5580054547
Switzerland,2002,39284.2837213213
Switzerland,2001,38295.0788030095
Switzerland,2000,37104.1035652432
Switzerland,1999,35213.5621242264
Switzerland,1998,34242.4359147407
Switzerland,1997,33180.9874177073
Switzerland,1996,31985.7788020437
Switzerland,1995,31285.8705223753
Switzerland,1994,30701.1290748939
Switzerland,1993,29919.90603415
Switzerland,1992,29531.7172711071
Switzerland,1991,29206.580814578
Switzerland,1990,28870.9155356947
Switzerland,1989,
Switzerland,1988,
Switzerland,1987,
Switzerland,1986,
Switzerland,1985,
Switzerland,1984,
Switzerland,1983,
Switzerland,1982,
Switzerland,1981,
Switzerland,1980,
Switzerland,1979,
Switzerland,1978,
Switzerland,1977,
Switzerland,1976,
Switzerland,1975,
Switzerland,1974,
Switzerland,1973,
Switzerland,1972,
Switzerland,1971,
Switzerland,1970,
Switzerland,1969,
Switzerland,1968,
Switzerland,1967,
Switzerland,1966,
Switzerland,1965,
Switzerland,1964,
Switzerland,1963,
Switzerland,1962,
Switzerland,1961,
Switzerland,1960,
Syrian Arab Republic,2025,
Syrian Arab Republic,2024,
Syrian Arab Republic,2023,
Syrian Arab Republic,2022,4905.15252202552
Syrian Arab Republic,2021,4765.52911357702
Syrian Arab Republic,2020,3878.42802993832
Syrian Arab Republic,2019,3502.17536117799
Syrian Arab Republic,2018,3455.89168825346
Syrian Arab Republic,2017,3265.07016871603
Syrian Arab Republic,2016,
Syrian Arab Republic,2015,
Syrian Arab Republic,2014,
Syrian Arab Republic,2013,
Syrian Arab Republic,2012,
Syrian Arab Republic,2011,
Syrian Arab Republic,2010,
Syrian Arab Republic,2009,
Syrian Arab Republic,2008,
Syrian Arab Republic,2007,
Syrian Arab Republic,2006,
Syrian Arab Republic,2005,
Syrian Arab Republic,2004,
Syrian Arab Republic,2003,
Syrian Arab Republic,2002,
Syrian Arab Republic,2001,
Syrian Arab Republic,2000,
Syrian Arab Republic,1999,
Syrian Arab Republic,1998,
Syrian Arab Republic,1997,
Syrian Arab Republic,1996,
Syrian Arab Republic,1995,
Syrian Arab Republic,1994,
Syrian Arab Republic,1993,
Syrian Arab Republic,1992,
Syrian Arab Republic,1991,
Syrian Arab Republic,1990,
Syrian Arab Republic,1989,
Syrian Arab Republic,1988,
Syrian Arab Republic,1987,
Syrian Arab Republic,1986,
Syrian Arab Republic,1985,
Syrian Arab Republic,1984,
Syrian Arab Republic,1983,
Syrian Arab Republic,1982,
Syrian Arab Republic,1981,
Syrian Arab Republic,1980,
Syrian Arab Republic,1979,
Syrian Arab Republic,1978,
Syrian Arab Republic,1977,
Syrian Arab Republic,1976,
Syrian Arab Republic,1975,
Syrian Arab Republic,1974,
Syrian Arab Republic,1973,
Syrian Arab Republic,1972,
Syrian Arab Republic,1971,
Syrian Arab Republic,1970,
Syrian Arab Republic,1969,
Syrian Arab Republic,1968,
Syrian Arab Republic,1967,
Syrian Arab Republic,1966,
Syrian Arab Republic,1965,
Syrian Arab Republic,1964,
Syrian Arab Republic,1963,
Syrian Arab Republic,1962,
Syrian Arab Republic,1961,
Syrian Arab Republic,1960,
Tajikistan,2025,5923.47183321348
Tajikistan,2024,5413.83109811464
Tajikistan,2023,4967.6740543988
Tajikistan,2022,4513.4597158968
Tajikistan,2021,3985.91247611219
Tajikistan,2020,3653.95976759112
Tajikistan,2019,3459.97365083434
Tajikistan,2018,3069.10385079592
Tajikistan,2017,3017.00314887354
Tajikistan,2016,2913.85679547445
Tajikistan,2015,2975.47097476092
Tajikistan,2014,3151.72452793203
Tajikistan,2013,2918.56048007357
Tajikistan,2012,2679.0692960897
Tajikistan,2011,2455.97278263399
Tajikistan,2010,2291.07823624245
Tajikistan,2009,2171.36091640667
Tajikistan,2008,2120.01845697449
Tajikistan,2007,1966.22189882683
Tajikistan,2006,1810.2912569837
Tajikistan,2005,1672.73374994938
Tajikistan,2004,1550.07202045109
Tajikistan,2003,1395.64684231545
Tajikistan,2002,1256.95258172217
Tajikistan,2001,1138.74372893427
Tajikistan,2000,1036.12988864456
Tajikistan,1999,946.825049293702
Tajikistan,1998,904.966780596463
Tajikistan,1997,854.823520852903
Tajikistan,1996,836.429096820847
Tajikistan,1995,1005.61413212515
Tajikistan,1994,1148.38303209761
Tajikistan,1993,1453.73414943584
Tajikistan,1992,1721.38203933595
Tajikistan,1991,2416.74694581347
Tajikistan,1990,2582.74111126606
Tajikistan,1989,
Tajikistan,1988,
Tajikistan,1987,
Tajikistan,1986,
Tajikistan,1985,
Tajikistan,1984,
Tajikistan,1983,
Tajikistan,1982,
Tajikistan,1981,
Tajikistan,1980,
Tajikistan,1979,
Tajikistan,1978,
Tajikistan,1977,
Tajikistan,1976,
Tajikistan,1975,
Tajikistan,1974,
Tajikistan,1973,
Tajikistan,1972,
Tajikistan,1971,
Tajikistan,1970,
Tajikistan,1969,
Tajikistan,1968,
Tajikistan,1967,
Tajikistan,1966,
Tajikistan,1965,
Tajikistan,1964,
Tajikistan,1963,
Tajikistan,1962,
Tajikistan,1961,
Tajikistan,1960,
Tanzania,2025,4470.9541015625
Tanzania,2024,4226.92626953125
Tanzania,2023,4021.82885742188
Tanzania,2022,3799.26000976563
Tanzania,2021,3493.0830078125
Tanzania,2020,3290.60986328125
Tanzania,2019,2981.87451171875
Tanzania,2018,2727.88012695313
Tanzania,2017,2472.4931640625
Tanzania,2016,2434.69995117188
Tanzania,2015,2317.27978515625
Tanzania,2014,2221.1796875
Tanzania,2013,2176.21655273438
Tanzania,2012,2083.48486328125
Tanzania,2011,2211.466796875
Tanzania,2010,2069.40185546875
Tanzania,2009,1972.16784667969
Tanzania,2008,1908.37353515625
Tanzania,2007,1820.00134277344
Tanzania,2006,1706.54846191406
Tanzania,2005,1598.03747558594
Tanzania,2004,1482.162109375
Tanzania,2003,1379.45776367188
Tanzania,2002,1302.05554199219
Tanzania,2001,1228.52233886719
Tanzania,2000,1163.64367675781
Tanzania,1999,1119.95593261719
Tanzania,1998,1081.615234375
Tanzania,1997,1058.78796386719
Tanzania,1996,1025.87158203125
Tanzania,1995,981.404174804688
Tanzania,1994,957.721008300781
Tanzania,1993,959.321350097656
Tanzania,1992,955.3916015625
Tanzania,1991,952.097473144531
Tanzania,1990,925.357360839844
Tanzania,1989,
Tanzania,1988,
Tanzania,1987,
Tanzania,1986,
Tanzania,1985,
Tanzania,1984,
Tanzania,1983,
Tanzania,1982,
Tanzania,1981,
Tanzania,1980,
Tanzania,1979,
Tanzania,1978,
Tanzania,1977,
Tanzania,1976,
Tanzania,1975,
Tanzania,1974,
Tanzania,1973,
Tanzania,1972,
Tanzania,1971,
Tanzania,1970,
Tanzania,1969,
Tanzania,1968,
Tanzania,1967,
Tanzania,1966,
Tanzania,1965,
Tanzania,1964,
Tanzania,1963,
Tanzania,1962,
Tanzania,1961,
Tanzania,1960,
Thailand,2025,26250.0723587304
Thailand,2024,24909.2266037939
Thailand,2023,23598.3745068685
Thailand,2022,22245.6387597542
Thailand,2021,20236.9760408784
Thailand,2020,19156.5820127644
Thailand,2019,19963.3918407099
Thailand,2018,18876.2208766741
Thailand,2017,17573.339815536
Thailand,2016,16671.2506902144
Thailand,2015,15791.1714762207
Thailand,2014,15365.3175402829
Thailand,2013,15215.9492506383
Thailand,2012,14616.6497925392
Thailand,2011,13227.454108915
Thailand,2010,12932.263344023
Thailand,2009,11964.0529468916
Thailand,2008,12062.1598747558
Thailand,2007,11723.0995583744
Thailand,2006,10912.4427926958
Thailand,2005,10169.0453610801
Thailand,2004,9545.3381381686
Thailand,2003,8824.06945002031
Thailand,2002,8148.43702891814
Thailand,2001,7632.01609422989
Thailand,2000,7289.10499407007
Thailand,1999,6901.27189247314
Thailand,1998,6589.55842658284
Thailand,1997,7147.61289942825
Thailand,1996,7322.41464645667
Thailand,1995,6900.73895670856
Thailand,1994,6341.24133289884
Thailand,1993,5834.31650526448
Thailand,1992,5346.68009434295
Thailand,1991,4914.08122603058
Thailand,1990,4450.52121175956
Thailand,1989,
Thailand,1988,
Thailand,1987,
Thailand,1986,
Thailand,1985,
Thailand,1984,
Thailand,1983,
Thailand,1982,
Thailand,1981,
Thailand,1980,
Thailand,1979,
Thailand,1978,
Thailand,1977,
Thailand,1976,
Thailand,1975,
Thailand,1974,
Thailand,1973,
Thailand,1972,
Thailand,1971,
Thailand,1970,
Thailand,1969,
Thailand,1968,
Thailand,1967,
Thailand,1966,
Thailand,1965,
Thailand,1964,
Thailand,1963,
Thailand,1962,
Thailand,1961,
Thailand,1960,
Timor-Leste,2025,4809.49016945191
Timor-Leste,2024,4429.20182282365
Timor-Leste,2023,4810.78356024783
Timor-Leste,2022,5728.90346523347
Timor-Leste,2021,6825.0458085995
Timor-Leste,2020,6132.08288218058
Timor-Leste,2019,4556.61428089164
Timor-Leste,2018,3561.28770455766
Timor-Leste,2017,3463.11730297031
Timor-Leste,2016,3390.76221557073
Timor-Leste,2015,3107.57190164098
Timor-Leste,2014,2859.86061637696
Timor-Leste,2013,2566.03070650416
Timor-Leste,2012,2386.13589971758
Timor-Leste,2011,2065.96056012268
Timor-Leste,2010,1955.32939332397
Timor-Leste,2009,1810.1860579657
Timor-Leste,2008,1675.0456947678
Timor-Leste,2007,1515.70896665177
Timor-Leste,2006,1377.11345211625
Timor-Leste,2005,1434.82197811862
Timor-Leste,2004,1378.85409869129
Timor-Leste,2003,1355.18642803335
Timor-Leste,2002,1416.88553888671
Timor-Leste,2001,1618.59275059668
Timor-Leste,2000,1483.17000107695
Timor-Leste,1999,818.973975430272
Timor-Leste,1998,1107.95282078093
Timor-Leste,1997,1148.89469560558
Timor-Leste,1996,1116.28710078073
Timor-Leste,1995,1043.40798070006
Timor-Leste,1994,984.80684186226
Timor-Leste,1993,925.369843112197
Timor-Leste,1992,842.937847307815
Timor-Leste,1991,766.286876338709
Timor-Leste,1990,685.279386796029
Timor-Leste,1989,
Timor-Leste,1988,
Timor-Leste,1987,
Timor-Leste,1986,
Timor-Leste,1985,
Timor-Leste,1984,
Timor-Leste,1983,
Timor-Leste,1982,
Timor-Leste,1981,
Timor-Leste,1980,
Timor-Leste,1979,
Timor-Leste,1978,
Timor-Leste,1977,
Timor-Leste,1976,
Timor-Leste,1975,
Timor-Leste,1974,
Timor-Leste,1973,
Timor-Leste,1972,
Timor-Leste,1971,
Timor-Leste,1970,
Timor-Leste,1969,
Timor-Leste,1968,
Timor-Leste,1967,
Timor-Leste,1966,
Timor-Leste,1965,
Timor-Leste,1964,
Timor-Leste,1963,
Timor-Leste,1962,
Timor-Leste,1961,
Timor-Leste,1960,
Togo,2025,4079.36376686718
Togo,2024,3814.83532681353
Togo,2023,3572.00417260831
Togo,2022,3305.92970304109
Togo,2021,2952.09730066985
Togo,2020,2653.96061995284
Togo,2019,2459.85658494292
Togo,2018,2288.9476039266
Togo,2017,2184.16434341899
Togo,2016,2109.39271418563
Togo,2015,2036.94563630408
Togo,2014,1942.14838585312
Togo,2013,1838.12921973277
Togo,2012,1755.85027326292
Togo,2011,1719.36817084931
Togo,2010,1635.89932934195
Togo,2009,1575.39318666193
Togo,2008,1533.4858334353
Togo,2007,1493.35648222524
Togo,2006,1518.47941634917
Togo,2005,1476.5135470266
Togo,2004,1539.1852660207
Togo,2003,1551.05235511945
Togo,2002,1461.24447947129
Togo,2001,1420.60731829157
Togo,2000,1412.66546481652
Togo,1999,1427.48509052019
Togo,1998,1407.91629528799
Togo,1997,1461.27010086123
Togo,1996,1299.14531961671
Togo,1995,1223.73736640506
Togo,1994,1170.12538861607
Togo,1993,1000.53516281286
Togo,1992,1138.08556886403
Togo,1991,1192.18923939859
Togo,1990,1195.28167237045
Togo,1989,
Togo,1988,
Togo,1987,
Togo,1986,
Togo,1985,
Togo,1984,
Togo,1983,
Togo,1982,
Togo,1981,
Togo,1980,
Togo,1979,
Togo,1978,
Togo,1977,
Togo,1976,
Togo,1975,
Togo,1974,
Togo,1973,
Togo,1972,
Togo,1971,
Togo,1970,
Togo,1969,
Togo,1968,
Togo,1967,
Togo,1966,
Togo,1965,
Togo,1964,
Togo,1963,
Togo,1962,
Togo,1961,
Togo,1960,
Tonga,2025,8674.68048447494
Tonga,2024,8174.34840883872
Tonga,2023,7810.10184717265
Tonga,2022,7295.94922827877
Tonga,2021,6930.06482518663
Tonga,2020,6676.65061142853
Tonga,2019,6473.32046564939
Tonga,2018,6392.60068547144
Tonga,2017,6229.07019926381
Tonga,2016,5920.1573872483
Tonga,2015,5471.79686968515
Tonga,2014,5335.91583827385
Tonga,2013,5119.6947531512
Tonga,2012,4996.4446085193
Tonga,2011,4855.42923652355
Tonga,2010,4465.46049994671
Tonga,2009,4383.8113025242
Tonga,2008,4600.34882846455
Tonga,2007,4315.94450561382
Tonga,2006,4327.4466189103
Tonga,2005,4314.54719819334
Tonga,2004,4235.12041306542
Tonga,2003,4231.45362872246
Tonga,2002,4170.93724877979
Tonga,2001,3955.22854486552
Tonga,2000,3833.92767568364
Tonga,1999,3635.69960236761
Tonga,1998,3527.02647147261
Tonga,1997,3433.84091083694
Tonga,1996,3409.53731712982
Tonga,1995,3346.79952136962
Tonga,1994,3087.69302050101
Tonga,1993,2882.29906733094
Tonga,1992,2716.30419648057
Tonga,1991,2652.47563140215
Tonga,1990,2415.75673325707
Tonga,1989,
Tonga,1988,
Tonga,1987,
Tonga,1986,
Tonga,1985,
Tonga,1984,
Tonga,1983,
Tonga,1982,
Tonga,1981,
Tonga,1980,
Tonga,1979,
Tonga,1978,
Tonga,1977,
Tonga,1976,
Tonga,1975,
Tonga,1974,
Tonga,1973,
Tonga,1972,
Tonga,1971,
Tonga,1970,
Tonga,1969,
Tonga,1968,
Tonga,1967,
Tonga,1966,
Tonga,1965,
Tonga,1964,
Tonga,1963,
Tonga,1962,
Tonga,1961,
Tonga,1960,
Trinidad and Tobago,2025,37121.2050020847
Trinidad and Tobago,2024,36381.2720794439
Trinidad and Tobago,2023,34651.9065448775
Trinidad and Tobago,2022,32973.632075038
Trinidad and Tobago,2021,30482.1201798631
Trinidad and Tobago,2020,26731.3556410029
Trinidad and Tobago,2019,29315.8054064667
Trinidad and Tobago,2018,28673.2413951653
Trinidad and Tobago,2017,28484.2557157494
Trinidad and Tobago,2016,28231.6820670092
Trinidad and Tobago,2015,29825.4628753017
Trinidad and Tobago,2014,32026.5300957073
Trinidad and Tobago,2013,31746.2052441651
Trinidad and Tobago,2012,31883.2297483766
Trinidad and Tobago,2011,31077.796969852
Trinidad and Tobago,2010,30778.3127360239
Trinidad and Tobago,2009,29601.6194469547
Trinidad and Tobago,2008,30807.2848509051
Trinidad and Tobago,2007,29354.5290095962
Trinidad and Tobago,2006,27393.3505462883
Trinidad and Tobago,2005,23536.0268720459
Trinidad and Tobago,2004,20673.7458450885
Trinidad and Tobago,2003,18742.6419218363
Trinidad and Tobago,2002,16141.2357284192
Trinidad and Tobago,2001,14797.1038366404
Trinidad and Tobago,2000,13953.1361518514
Trinidad and Tobago,1999,12812.4155104132
Trinidad and Tobago,1998,11735.140167577
Trinidad and Tobago,1997,10768.8045254875
Trinidad and Tobago,1996,9882.72571768178
Trinidad and Tobago,1995,9099.03430023636
Trinidad and Tobago,1994,8630.58892430534
Trinidad and Tobago,1993,8209.29037769296
Trinidad and Tobago,1992,8129.04428812413
Trinidad and Tobago,1991,7273.63667690568
Trinidad and Tobago,1990,6877.62134845028
Trinidad and Tobago,1989,
Trinidad and Tobago,1988,
Trinidad and Tobago,1987,
Trinidad and Tobago,1986,
Trinidad and Tobago,1985,
Trinidad and Tobago,1984,
Trinidad and Tobago,1983,
Trinidad and Tobago,1982,
Trinidad and Tobago,1981,
Trinidad and Tobago,1980,
Trinidad and Tobago,1979,
Trinidad and Tobago,1978,
Trinidad and Tobago,1977,
Trinidad and Tobago,1976,
Trinidad and Tobago,1975,
Trinidad and Tobago,1974,
Trinidad and Tobago,1973,
Trinidad and Tobago,1972,
Trinidad and Tobago,1971,
Trinidad and Tobago,1970,
Trinidad and Tobago,1969,
Trinidad and Tobago,1968,
Trinidad and Tobago,1967,
Trinidad and Tobago,1966,
Trinidad and Tobago,1965,
Trinidad and Tobago,1964,
Trinidad and Tobago,1963,
Trinidad and Tobago,1962,
Trinidad and Tobago,1961,
Trinidad and Tobago,1960,
Tunisia,2025,15233.4885842318
Tunisia,2024,14542.0966234293
Tunisia,2023,14052.1687041992
Tunisia,2022,13616.380720945
Tunisia,2021,12444.3264026887
Tunisia,2020,11918.066205483
Tunisia,2019,12494.7905733455
Tunisia,2018,11841.4061980603
Tunisia,2017,11288.7800135085
Tunisia,2016,10993.6638464522
Tunisia,2015,10782.5438382441
Tunisia,2014,10946.8935757638
Tunisia,2013,10671.569727457
Tunisia,2012,10614.531301194
Tunisia,2011,10435.9956675373
Tunisia,2010,10555.0887029771
Tunisia,2009,10237.0889995528
Tunisia,2008,9975.02232090707
Tunisia,2007,9479.35063896638
Tunisia,2006,8728.65712554879
Tunisia,2005,8116.95489931216
Tunisia,2004,7671.84535971287
Tunisia,2003,7098.4235615744
Tunisia,2002,6715.1107842827
Tunisia,2001,6593.38196547532
Tunisia,2000,6278.98680859219
Tunisia,1999,5929.90090196931
Tunisia,1998,5579.3872564719
Tunisia,1997,5332.77991049767
Tunisia,1996,5039.71097998497
Tunisia,1995,4686.17039735806
Tunisia,1994,4555.48683897674
Tunisia,1993,4401.19960060791
Tunisia,1992,4292.15288335286
Tunisia,1991,3975.39801576069
Tunisia,1990,3779.68467405679
Tunisia,1989,
Tunisia,1988,
Tunisia,1987,
Tunisia,1986,
Tunisia,1985,
Tunisia,1984,
Tunisia,1983,
Tunisia,1982,
Tunisia,1981,
Tunisia,1980,
Tunisia,1979,
Tunisia,1978,
Tunisia,1977,
Tunisia,1976,
Tunisia,1975,
Tunisia,1974,
Tunisia,1973,
Tunisia,1972,
Tunisia,1971,
Tunisia,1970,
Tunisia,1969,
Tunisia,1968,
Tunisia,1967,
Tunisia,1966,
Tunisia,1965,
Tunisia,1964,
Tunisia,1963,
Tunisia,1962,
Tunisia,1961,
Tunisia,1960,
Turkiye,2025,45288.4750285273
Turkiye,2024,45122.9317187258
Turkiye,2023,43196.3381254367
Turkiye,2022,39919.1608756567
Turkiye,2021,32105.5474400506
Turkiye,2020,29209.3308866883
Turkiye,2019,29016.4555653445
Turkiye,2018,28640.3401839802
Turkiye,2017,28353.5406410966
Turkiye,2016,26730.7599731835
Turkiye,2015,25896.983315375
Turkiye,2014,24192.537613837
Turkiye,2013,22475.2909778388
Turkiye,2012,20739.2725488506
Turkiye,2011,19717.2438317111
Turkiye,2010,17468.1996643291
Turkiye,2009,15551.64150166
Turkiye,2008,16141.6888074925
Turkiye,2007,14951.6862376319
Turkiye,2006,13558.2183381713
Turkiye,2005,11803.3604424476
Turkiye,2004,10760.7760827021
Turkiye,2003,9475.23842234984
Turkiye,2002,9154.45153457514
Turkiye,2001,9015.01426747987
Turkiye,2000,9323.82110032551
Turkiye,1999,8470.46812817135
Turkiye,1998,8762.13670285264
Turkiye,1997,11511.0257361123
Turkiye,1996,10620.7089998646
Turkiye,1995,9955.36167250187
Turkiye,1994,9247.2287381824
Turkiye,1993,9743.09275595545
Turkiye,1992,8962.5185254558
Turkiye,1991,8408.67939926363
Turkiye,1990,8201.06760277333
Turkiye,1989,
Turkiye,1988,
Turkiye,1987,
Turkiye,1986,
Turkiye,1985,
Turkiye,1984,
Turkiye,1983,
Turkiye,1982,
Turkiye,1981,
Turkiye,1980,
Turkiye,1979,
Turkiye,1978,
Turkiye,1977,
Turkiye,1976,
Turkiye,1975,
Turkiye,1974,
Turkiye,1973,
Turkiye,1972,
Turkiye,1971,
Turkiye,1970,
Turkiye,1969,
Turkiye,1968,
Turkiye,1967,
Turkiye,1966,
Turkiye,1965,
Turkiye,1964,
Turkiye,1963,
Turkiye,1962,
Turkiye,1961,
Turkiye,1960,
Turkmenistan,2025,22601.5518373128
Turkmenistan,2024,21025.8403822415
Turkmenistan,2023,19644.7256847416
Turkmenistan,2022,18148.7189785918
Turkmenistan,2021,16259.8700051884
Turkmenistan,2020,14971.3322055898
Turkmenistan,2019,15389.2461090476
Turkmenistan,2018,14368.4621432532
Turkmenistan,2017,13278.4030353381
Turkmenistan,2016,12919.371222426
Turkmenistan,2015,12714.8137240363
Turkmenistan,2014,12476.5344358387
Turkmenistan,2013,11722.8086272577
Turkmenistan,2012,11035.451277853
Turkmenistan,2011,10282.7266190528
Turkmenistan,2010,8970.18417647633
Turkmenistan,2009,8283.69641252629
Turkmenistan,2008,7914.2843912559
Turkmenistan,2007,6899.91598114132
Turkmenistan,2006,6162.86625938699
Turkmenistan,2005,5488.46917079432
Turkmenistan,2004,4797.38725992738
Turkmenistan,2003,4535.47371898036
Turkmenistan,2002,4392.12260093854
Turkmenistan,2001,4400.60123334797
Turkmenistan,2000,4207.99334433794
Turkmenistan,1999,3980.01917723566
Turkmenistan,1998,3431.02824559073
Turkmenistan,1997,3221.86463431273
Turkmenistan,1996,3635.89933401482
Turkmenistan,1995,3404.30547651623
Turkmenistan,1994,3658.15892119593
Turkmenistan,1993,4421.41968165244
Turkmenistan,1992,4349.8392333602
Turkmenistan,1991,5116.6104906144
Turkmenistan,1990,5319.68772323206
Turkmenistan,1989,
Turkmenistan,1988,
Turkmenistan,1987,
Turkmenistan,1986,
Turkmenistan,1985,
Turkmenistan,1984,
Turkmenistan,1983,
Turkmenistan,1982,
Turkmenistan,1981,
Turkmenistan,1980,
Turkmenistan,1979,
Turkmenistan,1978,
Turkmenistan,1977,
Turkmenistan,1976,
Turkmenistan,1975,
Turkmenistan,1974,
Turkmenistan,1973,
Turkmenistan,1972,
Turkmenistan,1971,
Turkmenistan,1970,
Turkmenistan,1969,
Turkmenistan,1968,
Turkmenistan,1967,
Turkmenistan,1966,
Turkmenistan,1965,
Turkmenistan,1964,
Turkmenistan,1963,
Turkmenistan,1962,
Turkmenistan,1961,
Turkmenistan,1960,
Turks and Caicos Islands,2025,
Turks and Caicos Islands,2024,38009.5079479808
Turks and Caicos Islands,2023,35365.8657232406
Turks and Caicos Islands,2022,30216.0346068372
Turks and Caicos Islands,2021,25056.4880515569
Turks and Caicos Islands,2020,19530.0254075613
Turks and Caicos Islands,2019,31173.3797811743
Turks and Caicos Islands,2018,31151.4748574464
Turks and Caicos Islands,2017,30097.3550560987
Turks and Caicos Islands,2016,29780.5785774422
Turks and Caicos Islands,2015,27484.6414432499
Turks and Caicos Islands,2014,25546.2927320872
Turks and Caicos Islands,2013,23931.6892982133
Turks and Caicos Islands,2012,23610.474221961
Turks and Caicos Islands,2011,26572.5269470054
Turks and Caicos Islands,2010,25811.8877122483
Turks and Caicos Islands,2009,26269.9773572364
Turks and Caicos Islands,2008,33827.5100129373
Turks and Caicos Islands,2007,32002.5459331885
Turks and Caicos Islands,2006,
Turks and Caicos Islands,2005,
Turks and Caicos Islands,2004,
Turks and Caicos Islands,2003,
Turks and Caicos Islands,2002,
Turks and Caicos Islands,2001,
Turks and Caicos Islands,2000,
Turks and Caicos Islands,1999,
Turks and Caicos Islands,1998,
Turks and Caicos Islands,1997,
Turks and Caicos Islands,1996,
Turks and Caicos Islands,1995,
Turks and Caicos Islands,1994,
Turks and Caicos Islands,1993,
Turks and Caicos Islands,1992,
Turks and Caicos Islands,1991,
Turks and Caicos Islands,1990,
Turks and Caicos Islands,1989,
Turks and Caicos Islands,1988,
Turks and Caicos Islands,1987,
Turks and Caicos Islands,1986,
Turks and Caicos Islands,1985,
Turks and Caicos Islands,1984,
Turks and Caicos Islands,1983,
Turks and Caicos Islands,1982,
Turks and Caicos Islands,1981,
Turks and Caicos Islands,1980,
Turks and Caicos Islands,1979,
Turks and Caicos Islands,1978,
Turks and Caicos Islands,1977,
Turks and Caicos Islands,1976,
Turks and Caicos Islands,1975,
Turks and Caicos Islands,1974,
Turks and Caicos Islands,1973,
Turks and Caicos Islands,1972,
Turks and Caicos Islands,1971,
Turks and Caicos Islands,1970,
Turks and Caicos Islands,1969,
Turks and Caicos Islands,1968,
Turks and Caicos Islands,1967,
Turks and Caicos Islands,1966,
Turks and Caicos Islands,1965,
Turks and Caicos Islands,1964,
Turks and Caicos Islands,1963,
Turks and Caicos Islands,1962,
Turks and Caicos Islands,1961,
Turks and Caicos Islands,1960,
Tuvalu,2025,6759.27941373717
Tuvalu,2024,6365.76616505123
Tuvalu,2023,5903.8648736232
Tuvalu,2022,5403.33289042089
Tuvalu,2021,5551.80841999248
Tuvalu,2020,5204.86656424048
Tuvalu,2019,5205.1977197179
Tuvalu,2018,4442.36859909198
Tuvalu,2017,4236.97583280304
Tuvalu,2016,4008.21476384305
Tuvalu,2015,3778.07098101223
Tuvalu,2014,3415.80717526846
Tuvalu,2013,3297.17571646453
Tuvalu,2012,3142.30137040503
Tuvalu,2011,3220.80763247096
Tuvalu,2010,2980.89013172358
Tuvalu,2009,3063.79554172977
Tuvalu,2008,3270.09564528196
Tuvalu,2007,3051.32649853732
Tuvalu,2006,2813.75949930555
Tuvalu,2005,2725.9719495166
Tuvalu,2004,2780.66949131648
Tuvalu,2003,2794.4111300536
Tuvalu,2002,2886.39277490277
Tuvalu,2001,2634.10746394124
Tuvalu,2000,2569.56349305265
Tuvalu,1999,2548.92507767169
Tuvalu,1998,2565.44595618561
Tuvalu,1997,2208.3746232926
Tuvalu,1996,1985.77332332581
Tuvalu,1995,2087.54700428963
Tuvalu,1994,2169.45770628973
Tuvalu,1993,1943.13678885304
Tuvalu,1992,1840.94806797176
Tuvalu,1991,1772.67079273824
Tuvalu,1990,1679.40687808792
Tuvalu,1989,
Tuvalu,1988,
Tuvalu,1987,
Tuvalu,1986,
Tuvalu,1985,
Tuvalu,1984,
Tuvalu,1983,
Tuvalu,1982,
Tuvalu,1981,
Tuvalu,1980,
Tuvalu,1979,
Tuvalu,1978,
Tuvalu,1977,
Tuvalu,1976,
Tuvalu,1975,
Tuvalu,1974,
Tuvalu,1973,
Tuvalu,1972,
Tuvalu,1971,
Tuvalu,1970,
Tuvalu,1969,
Tuvalu,1968,
Tuvalu,1967,
Tuvalu,1966,
Tuvalu,1965,
Tuvalu,1964,
Tuvalu,1963,
Tuvalu,1962,
Tuvalu,1961,
Tuvalu,1960,
Uganda,2025,3487.69797525182
Uganda,2024,3278.02086557843
Uganda,2023,3100.19016956104
Uganda,2022,2918.71512173871
Uganda,2021,2684.92035939744
Uganda,2020,2532.21950102069
Uganda,2019,2441.37445233821
Uganda,2018,2312.05752813495
Uganda,2017,2157.95747503369
Uganda,2016,2165.29759404413
Uganda,2015,2189.96485919003
Uganda,2014,2134.00916281741
Uganda,2013,2044.88182485845
Uganda,2012,2031.94669538814
Uganda,2011,2267.72270357093
Uganda,2010,2091.55963138496
Uganda,2009,2014.60879444121
Uganda,2008,1930.70869511004
Uganda,2007,1794.5351887397
Uganda,2006,1659.72529097731
Uganda,2005,1496.50947834835
Uganda,2004,1405.24288439992
Uganda,2003,1320.23991630021
Uganda,2002,1254.98203504038
Uganda,2001,1172.68317456591
Uganda,2000,1124.20958228537
Uganda,1999,1099.86476363087
Uganda,1998,1036.73431782345
Uganda,1997,1006.77500926479
Uganda,1996,969.380449321444
Uganda,1995,896.672380899733
Uganda,1994,809.319481707993
Uganda,1993,770.127662014913
Uganda,1992,718.876631275015
Uganda,1991,703.177573236294
Uganda,1990,665.877554609238
Uganda,1989,
Uganda,1988,
Uganda,1987,
Uganda,1986,
Uganda,1985,
Uganda,1984,
Uganda,1983,
Uganda,1982,
Uganda,1981,
Uganda,1980,
Uganda,1979,
Uganda,1978,
Uganda,1977,
Uganda,1976,
Uganda,1975,
Uganda,1974,
Uganda,1973,
Uganda,1972,
Uganda,1971,
Uganda,1970,
Uganda,1969,
Uganda,1968,
Uganda,1967,
Uganda,1966,
Uganda,1965,
Uganda,1964,
Uganda,1963,
Uganda,1962,
Uganda,1961,
Uganda,1960,
Ukraine,2025,18904.98046875
Ukraine,2024,18636.13671875
Ukraine,2023,17679.904296875
Ukraine,2022,14767.73046875
Ukraine,2021,17846.408203125
Ukraine,2020,15541.02734375
Ukraine,2019,14217.486328125
Ukraine,2018,12554.8486328125
Ukraine,2017,11536.0810546875
Ukraine,2016,10864.6572265625
Ukraine,2015,9921.833984375
Ukraine,2014,10493.7451171875
Ukraine,2013,10903.8251953125
Ukraine,2012,9552.314453125
Ukraine,2011,9126.6083984375
Ukraine,2010,8453.2998046875
Ukraine,2009,7994.61572265625
Ukraine,2008,9323.72265625
Ukraine,2007,8900.4443359375
Ukraine,2006,7971.1962890625
Ukraine,2005,7142.10693359375
Ukraine,2004,6663.46728515625
Ukraine,2003,5764.01123046875
Ukraine,2002,5122.84130859375
Ukraine,2001,4746.85791015625
Ukraine,2000,4228.1162109375
Ukraine,1999,3871.32641601563
Ukraine,1998,3794.33911132813
Ukraine,1997,3794.17846679688
Ukraine,1996,3812.24560546875
Ukraine,1995,4124.29541015625
Ukraine,1994,4564.64453125
Ukraine,1993,5766.296875
Ukraine,1992,6568.3330078125
Ukraine,1991,7148.48291015625
Ukraine,1990,7590.544921875
Ukraine,1989,
Ukraine,1988,
Ukraine,1987,
Ukraine,1986,
Ukraine,1985,
Ukraine,1984,
Ukraine,1983,
Ukraine,1982,
Ukraine,1981,
Ukraine,1980,
Ukraine,1979,
Ukraine,1978,
Ukraine,1977,
Ukraine,1976,
Ukraine,1975,
Ukraine,1974,
Ukraine,1973,
Ukraine,1972,
Ukraine,1971,
Ukraine,1970,
Ukraine,1969,
Ukraine,1968,
Ukraine,1967,
Ukraine,1966,
Ukraine,1965,
Ukraine,1964,
Ukraine,1963,
Ukraine,1962,
Ukraine,1961,
Ukraine,1960,
United Arab Emirates,2025,
United Arab Emirates,2024,79343.7793099888
United Arab Emirates,2023,78019.5228244288
United Arab Emirates,2022,75059.7702106115
United Arab Emirates,2021,68580.1312912676
United Arab Emirates,2020,66790.6630877602
United Arab Emirates,2019,79816.3029999451
United Arab Emirates,2018,77446.2084020359
United Arab Emirates,2017,70281.8969423807
United Arab Emirates,2016,69987.0059667469
United Arab Emirates,2015,73986.0815808827
United Arab Emirates,2014,87477.7258300501
United Arab Emirates,2013,87526.3039873404
United Arab Emirates,2012,89198.0332724859
United Arab Emirates,2011,89665.3752336557
United Arab Emirates,2010,85120.1372214041
United Arab Emirates,2009,84780.2609702593
United Arab Emirates,2008,94628.1996900371
United Arab Emirates,2007,100813.140247761
United Arab Emirates,2006,106813.979370437
United Arab Emirates,2005,101301.379290923
United Arab Emirates,2004,98661.409213788
United Arab Emirates,2003,92635.8207708156
United Arab Emirates,2002,88466.4539663538
United Arab Emirates,2001,90370.1960117401
United Arab Emirates,2000,92899.4574892966
United Arab Emirates,1999,87657.9286958823
United Arab Emirates,1998,90229.4274519779
United Arab Emirates,1997,96008.7770509465
United Arab Emirates,1996,94619.6235761181
United Arab Emirates,1995,93702.2612671301
United Arab Emirates,1994,89959.0414010055
United Arab Emirates,1993,86330.3367761972
United Arab Emirates,1992,87509.2631006467
United Arab Emirates,1991,87250.1153740273
United Arab Emirates,1990,88454.9925120448
United Arab Emirates,1989,
United Arab Emirates,1988,
United Arab Emirates,1987,
United Arab Emirates,1986,
United Arab Emirates,1985,
United Arab Emirates,1984,
United Arab Emirates,1983,
United Arab Emirates,1982,
United Arab Emirates,1981,
United Arab Emirates,1980,
United Arab Emirates,1979,
United Arab Emirates,1978,
United Arab Emirates,1977,
United Arab Emirates,1976,
United Arab Emirates,1975,
United Arab Emirates,1974,
United Arab Emirates,1973,
United Arab Emirates,1972,
United Arab Emirates,1971,
United Arab Emirates,1970,
United Arab Emirates,1969,
United Arab Emirates,1968,
United Arab Emirates,1967,
United Arab Emirates,1966,
United Arab Emirates,1965,
United Arab Emirates,1964,
United Arab Emirates,1963,
United Arab Emirates,1962,
United Arab Emirates,1961,
United Arab Emirates,1960,
United Kingdom,2025,64606.4955066338
United Kingdom,2024,62839.4679324927
United Kingdom,2023,60786.7193353069
United Kingdom,2022,60266.7467325014
United Kingdom,2021,51840.4424245515
United Kingdom,2020,48719.8339897935
United Kingdom,2019,50493.9441896153
United Kingdom,2018,47636.0128366551
United Kingdom,2017,46440.8214149807
United Kingdom,2016,44376.0697257123
United Kingdom,2015,42772.4983791214
United Kingdom,2014,41545.5712797638
United Kingdom,2013,40121.0839005273
United Kingdom,2012,38515.4032867327
United Kingdom,2011,37389.0527405588
United Kingdom,2010,36648.8219451957
United Kingdom,2009,35281.4337962093
United Kingdom,2008,36943.4797790457
United Kingdom,2007,35685.103775701
United Kingdom,2006,34869.9759075432
United Kingdom,2005,32831.4184106349
United Kingdom,2004,32160.3776803379
United Kingdom,2003,30414.0991932703
United Kingdom,2002,29167.3527717844
United Kingdom,2001,28019.8826980002
United Kingdom,2000,26632.0974155252
United Kingdom,1999,24575.1817439893
United Kingdom,1998,23791.3244071553
United Kingdom,1997,23194.826665622
United Kingdom,1996,22033.8089084654
United Kingdom,1995,20668.9772485069
United Kingdom,1994,19605.4199882348
United Kingdom,1993,18336.2218082539
United Kingdom,1992,17349.0817823144
United Kingdom,1991,16791.0632044568
United Kingdom,1990,16505.4176376936
United Kingdom,1989,
United Kingdom,1988,
United Kingdom,1987,
United Kingdom,1986,
United Kingdom,1985,
United Kingdom,1984,
United Kingdom,1983,
United Kingdom,1982,
United Kingdom,1981,
United Kingdom,1980,
United Kingdom,1979,
United Kingdom,1978,
United Kingdom,1977,
United Kingdom,1976,
United Kingdom,1975,
United Kingdom,1974,
United Kingdom,1973,
United Kingdom,1972,
United Kingdom,1971,
United Kingdom,1970,
United Kingdom,1969,
United Kingdom,1968,
United Kingdom,1967,
United Kingdom,1966,
United Kingdom,1965,
United Kingdom,1964,
United Kingdom,1963,
United Kingdom,1962,
United Kingdom,1961,
United Kingdom,1960,
United States,2025,90026.5163005744
United States,2024,86169.6641581914
United States,2023,82586.7847707891
United States,2022,78008.6895811877
United States,2021,71441.231980595
United States,2020,64465.2971415748
United States,2019,65227.9565911038
United States,2018,62875.6661382728
United States,2017,60047.7190728307
United States,2016,57976.628204291
United States,2015,56849.4697923159
United States,2014,55153.3940182967
United States,2013,53297.3862901595
United States,2012,51708.3940614082
United States,2011,50024.8812320773
United States,2010,48642.6312088213
United States,2009,47194.9500893872
United States,2008,48570.0594269601
United States,2007,48050.227412195
United States,2006,46301.9876485519
United States,2005,44123.3996470026
United States,2004,41724.6411982614
United States,2003,39490.3023903176
United States,2002,37997.7424300242
United States,2001,37133.6203973517
United States,2000,36329.9702595751
United States,1999,34515.3813073394
United States,1998,32853.6725949234
United States,1997,31459.1299691554
United States,1996,29967.7127181749
United States,1995,28690.8757013347
United States,1994,27694.853416234
United States,1993,26387.2937338171
United States,1992,25418.9907763319
United States,1991,24342.2589048189
United States,1990,23888.6000088133
United States,1989,
United States,1988,
United States,1987,
United States,1986,
United States,1985,
United States,1984,
United States,1983,
United States,1982,
United States,1981,
United States,1980,
United States,1979,
United States,1978,
United States,1977,
United States,1976,
United States,1975,
United States,1974,
United States,1973,
United States,1972,
United States,1971,
United States,1970,
United States,1969,
United States,1968,
United States,1967,
United States,1966,
United States,1965,
United States,1964,
United States,1963,
United States,1962,
United States,1961,
United States,1960,
Uruguay,2025,38314.8861221656
Uruguay,2024,36596.7847357669
Uruguay,2023,34545.6803727886
Uruguay,2022,33033.5719368346
Uruguay,2021,29431.8738833361
Uruguay,2020,25725.2559304608
Uruguay,2019,25782.6937211734
Uruguay,2018,24386.4948473952
Uruguay,2017,23606.6429970705
Uruguay,2016,22840.5507069805
Uruguay,2015,22168.6114189676
Uruguay,2014,21867.8112276315
Uruguay,2013,20661.3793411187
Uruguay,2012,19495.4223660846
Uruguay,2011,19135.3636964186
Uruguay,2010,17872.5369677084
Uruguay,2009,16421.7696324495
Uruguay,2008,15694.2354114223
Uruguay,2007,14397.2249659123
Uruguay,2006,13179.3881134802
Uruguay,2005,12295.7003114879
Uruguay,2004,11103.1125899779
Uruguay,2003,10303.2337503292
Uruguay,2002,10030.1287838362
Uruguay,2001,10719.3945691511
Uruguay,2000,10929.3002603786
Uruguay,1999,10938.3557818206
Uruguay,1998,11002.1262079218
Uruguay,1997,10460.919710031
Uruguay,1996,9524.08700320133
Uruguay,1995,8905.61798636278
Uruguay,1994,8897.17805963684
Uruguay,1993,8162.35592943552
Uruguay,1992,7808.12228080331
Uruguay,1991,7112.43765062585
Uruguay,1990,6683.05781096664
Uruguay,1989,
Uruguay,1988,
Uruguay,1987,
Uruguay,1986,
Uruguay,1985,
Uruguay,1984,
Uruguay,1983,
Uruguay,1982,
Uruguay,1981,
Uruguay,1980,
Uruguay,1979,
Uruguay,1978,
Uruguay,1977,
Uruguay,1976,
Uruguay,1975,
Uruguay,1974,
Uruguay,1973,
Uruguay,1972,
Uruguay,1971,
Uruguay,1970,
Uruguay,1969,
Uruguay,1968,
Uruguay,1967,
Uruguay,1966,
Uruguay,1965,
Uruguay,1964,
Uruguay,1963,
Uruguay,1962,
Uruguay,1961,
Uruguay,1960,
Uzbekistan,2025,13601.2917473678
Uzbekistan,2024,12518.4323028403
Uzbekistan,2023,11678.6257366395
Uzbekistan,2022,10809.1380396181
Uzbekistan,2021,9705.60054565692
Uzbekistan,2020,8920.32011703083
Uzbekistan,2019,8909.36758868309
Uzbekistan,2018,8491.93421125471
Uzbekistan,2017,8106.62280505191
Uzbekistan,2016,7861.78630407401
Uzbekistan,2015,7696.35949962497
Uzbekistan,2014,7464.82465708014
Uzbekistan,2013,7244.68983612169
Uzbekistan,2012,6880.85389531695
Uzbekistan,2011,6663.84139781911
Uzbekistan,2010,6131.45344264834
Uzbekistan,2009,5720.01501794187
Uzbekistan,2008,5346.43179238495
Uzbekistan,2007,4885.3859152798
Uzbekistan,2006,4406.27075917245
Uzbekistan,2005,4029.66165860946
Uzbekistan,2004,3699.2358348945
Uzbekistan,2003,3394.10539314526
Uzbekistan,2002,3232.36809797609
Uzbekistan,2001,3099.05298246121
Uzbekistan,2000,2945.25009889847
Uzbekistan,1999,2808.89100203149
Uzbekistan,1998,2693.03826446644
Uzbekistan,1997,2593.72036581923
Uzbekistan,1996,2465.95852753394
Uzbekistan,1995,2426.27829401238
Uzbekistan,1994,2446.53169223236
Uzbekistan,1993,2581.40184047702
Uzbekistan,1992,2641.4027917077
Uzbekistan,1991,2980.72163219196
Uzbekistan,1990,2967.97364009673
Uzbekistan,1989,
Uzbekistan,1988,
Uzbekistan,1987,
Uzbekistan,1986,
Uzbekistan,1985,
Uzbekistan,1984,
Uzbekistan,1983,
Uzbekistan,1982,
Uzbekistan,1981,
Uzbekistan,1980,
Uzbekistan,1979,
Uzbekistan,1978,
Uzbekistan,1977,
Uzbekistan,1976,
Uzbekistan,1975,
Uzbekistan,1974,
Uzbekistan,1973,
Uzbekistan,1972,
Uzbekistan,1971,
Uzbekistan,1970,
Uzbekistan,1969,
Uzbekistan,1968,
Uzbekistan,1967,
Uzbekistan,1966,
Uzbekistan,1965,
Uzbekistan,1964,
Uzbekistan,1963,
Uzbekistan,1962,
Uzbekistan,1961,
Uzbekistan,1960,
Vanuatu,2025,4525.23645747645
Vanuatu,2024,4367.82503750089
Vanuatu,2023,4201.80837273668
Vanuatu,2022,3918.73096260725
Vanuatu,2021,3546.08021896872
Vanuatu,2020,3511.73441840856
Vanuatu,2019,3762.09421920705
Vanuatu,2018,3668.080208179
Vanuatu,2017,3582.74831340905
Vanuatu,2016,3456.77546016875
Vanuatu,2015,3378.95151983524
Vanuatu,2014,3307.48563368372
Vanuatu,2013,3224.30439587764
Vanuatu,2012,3226.71834639152
Vanuatu,2011,3205.72469174867
Vanuatu,2010,3112.1065444861
Vanuatu,2009,3108.49598496447
Vanuatu,2008,3075.4792705922
Vanuatu,2007,2929.87660239337
Vanuatu,2006,2841.59072916746
Vanuatu,2005,2603.80990994661
Vanuatu,2004,2456.30122134335
Vanuatu,2003,2357.15018525969
Vanuatu,2002,2271.72220356764
Vanuatu,2001,2419.30557070033
Vanuatu,2000,2511.69860626216
Vanuatu,1999,2372.60057777413
Vanuatu,1998,2380.46905906443
Vanuatu,1997,2375.75584237441
Vanuatu,1996,2274.63471417147
Vanuatu,1995,2232.22725063356
Vanuatu,1994,2215.32576947557
Vanuatu,1993,2036.45436204008
Vanuatu,1992,2023.70072676705
Vanuatu,1991,1977.22000128384
Vanuatu,1990,1900.889047059
Vanuatu,1989,
Vanuatu,1988,
Vanuatu,1987,
Vanuatu,1986,
Vanuatu,1985,
Vanuatu,1984,
Vanuatu,1983,
Vanuatu,1982,
Vanuatu,1981,
Vanuatu,1980,
Vanuatu,1979,
Vanuatu,1978,
Vanuatu,1977,
Vanuatu,1976,
Vanuatu,1975,
Vanuatu,1974,
Vanuatu,1973,
Vanuatu,1972,
Vanuatu,1971,
Vanuatu,1970,
Vanuatu,1969,
Vanuatu,1968,
Vanuatu,1967,
Vanuatu,1966,
Vanuatu,1965,
Vanuatu,1964,
Vanuatu,1963,
Vanuatu,1962,
Vanuatu,1961,
Vanuatu,1960,
"Venezuela, RB",2025,
"Venezuela, RB",2024,
"Venezuela, RB",2023,
"Venezuela, RB",2022,
"Venezuela, RB",2021,
"Venezuela, RB",2020,
"Venezuela, RB",2019,
"Venezuela, RB",2018,
"Venezuela, RB",2017,
"Venezuela, RB",2016,
"Venezuela, RB",2015,
"Venezuela, RB",2014,
"Venezuela, RB",2013,
"Venezuela, RB",2012,
"Venezuela, RB",2011,21282.6399697602
"Venezuela, RB",2010,20285.5889051122
"Venezuela, RB",2009,20633.6838183279
"Venezuela, RB",2008,21448.2900980433
"Venezuela, RB",2007,20292.172795134
"Venezuela, RB",2006,18441.1209978979
"Venezuela, RB",2005,16545.7702112834
"Venezuela, RB",2004,14805.1768287538
"Venezuela, RB",2003,12407.8709074939
"Venezuela, RB",2002,13427.1367101259
"Venezuela, RB",2001,14750.0472712043
"Venezuela, RB",2000,14206.6844795327
"Venezuela, RB",1999,13674.166384985
"Venezuela, RB",1998,14617.1654286226
"Venezuela, RB",1997,14678.1311204617
"Venezuela, RB",1996,13849.5125756398
"Venezuela, RB",1995,13922.738942617
"Venezuela, RB",1994,13401.9520799957
"Venezuela, RB",1993,13730.0105286929
"Venezuela, RB",1992,13682.4811689995
"Venezuela, RB",1991,12914.9565777523
"Venezuela, RB",1990,11675.0228304969
"Venezuela, RB",1989,
"Venezuela, RB",1988,
"Venezuela, RB",1987,
"Venezuela, RB",1986,
"Venezuela, RB",1985,
"Venezuela, RB",1984,
"Venezuela, RB",1983,
"Venezuela, RB",1982,
"Venezuela, RB",1981,
"Venezuela, RB",1980,
"Venezuela, RB",1979,
"Venezuela, RB",1978,
"Venezuela, RB",1977,
"Venezuela, RB",1976,
"Venezuela, RB",1975,
"Venezuela, RB",1974,
"Venezuela, RB",1973,
"Venezuela, RB",1972,
"Venezuela, RB",1971,
"Venezuela, RB",1970,
"Venezuela, RB",1969,
"Venezuela, RB",1968,
"Venezuela, RB",1967,
"Venezuela, RB",1966,
"Venezuela, RB",1965,
"Venezuela, RB",1964,
"Venezuela, RB",1963,
"Venezuela, RB",1962,
"Venezuela, RB",1961,
"Venezuela, RB",1960,
Viet Nam,2025,18088.491587163
Viet Nam,2024,16387.9087954113
Viet Nam,2023,15033.899969483
Viet Nam,2022,13902.9499867089
Viet Nam,2021,12048.9019935536
Viet Nam,2020,11609.3177276423
Viet Nam,2019,11029.2732083963
Viet Nam,2018,10009.9714756006
Viet Nam,2017,9169.73192052855
Viet Nam,2016,8374.50684516118
Viet Nam,2015,7671.5819778084
Viet Nam,2014,7296.8794808738
Viet Nam,2013,6758.40433634749
Viet Nam,2012,6376.79765706172
Viet Nam,2011,5786.12348870721
Viet Nam,2010,5389.21956976062
Viet Nam,2009,5060.73212272276
Viet Nam,2008,4844.06704734456
Viet Nam,2007,4580.79431119247
Viet Nam,2006,4237.40088097171
Viet Nam,2005,3893.66509419393
Viet Nam,2004,3543.09915523223
Viet Nam,2003,3239.77125907541
Viet Nam,2002,3001.87038760559
Viet Nam,2001,2808.83181910521
Viet Nam,2000,2614.11840357473
Viet Nam,1999,2420.93500037036
Viet Nam,1998,2308.28163591081
Viet Nam,1997,2189.41027727818
Viet Nam,1996,2019.18249088469
Viet Nam,1995,1841.35026844508
Viet Nam,1994,1674.23712203134
Viet Nam,1993,1533.55573178235
Viet Nam,1992,1413.07495321401
Viet Nam,1991,1297.66060481432
Viet Nam,1990,1209.68644472966
Viet Nam,1989,
Viet Nam,1988,
Viet Nam,1987,
Viet Nam,1986,
Viet Nam,1985,
Viet Nam,1984,
Viet Nam,1983,
Viet Nam,1982,
Viet Nam,1981,
Viet Nam,1980,
Viet Nam,1979,
Viet Nam,1978,
Viet Nam,1977,
Viet Nam,1976,
Viet Nam,1975,
Viet Nam,1974,
Viet Nam,1973,
Viet Nam,1972,
Viet Nam,1971,
Viet Nam,1970,
Viet Nam,1969,
Viet Nam,1968,
Viet Nam,1967,
Viet Nam,1966,
Viet Nam,1965,
Viet Nam,1964,
Viet Nam,1963,
Viet Nam,1962,
Viet Nam,1961,
Viet Nam,1960,
Virgin Islands (U.S.),2025,
Virgin Islands (U.S.),2024,
Virgin Islands (U.S.),2023,
Virgin Islands (U.S.),2022,49785.1412220186
Virgin Islands (U.S.),2021,46893.5496988741
Virgin Islands (U.S.),2020,41749.0800364553
Virgin Islands (U.S.),2019,40021.7775798024
Virgin Islands (U.S.),2018,36746.4868901838
Virgin Islands (U.S.),2017,33893.5501815475
Virgin Islands (U.S.),2016,33470.5904763934
Virgin Islands (U.S.),2015,32573.7166819858
Virgin Islands (U.S.),2014,32360.9003829479
Virgin Islands (U.S.),2013,32333.9108039527
Virgin Islands (U.S.),2012,33878.9831081428
Virgin Islands (U.S.),2011,39006.0820145573
Virgin Islands (U.S.),2010,41607.5668565222
Virgin Islands (U.S.),2009,40846.5620073724
Virgin Islands (U.S.),2008,43465.2346941707
Virgin Islands (U.S.),2007,42153.5396580793
Virgin Islands (U.S.),2006,39447.4212021636
Virgin Islands (U.S.),2005,36942.8365054308
Virgin Islands (U.S.),2004,34609.1947993616
Virgin Islands (U.S.),2003,32618.9563712794
Virgin Islands (U.S.),2002,32113.4399906836
Virgin Islands (U.S.),2001,
Virgin Islands (U.S.),2000,
Virgin Islands (U.S.),1999,
Virgin Islands (U.S.),1998,
Virgin Islands (U.S.),1997,
Virgin Islands (U.S.),1996,
Virgin Islands (U.S.),1995,
Virgin Islands (U.S.),1994,
Virgin Islands (U.S.),1993,
Virgin Islands (U.S.),1992,
Virgin Islands (U.S.),1991,
Virgin Islands (U.S.),1990,
Virgin Islands (U.S.),1989,
Virgin Islands (U.S.),1988,
Virgin Islands (U.S.),1987,
Virgin Islands (U.S.),1986,
Virgin Islands (U.S.),1985,
Virgin Islands (U.S.),1984,
Virgin Islands (U.S.),1983,
Virgin Islands (U.S.),1982,
Virgin Islands (U.S.),1981,
Virgin Islands (U.S.),1980,
Virgin Islands (U.S.),1979,
Virgin Islands (U.S.),1978,
Virgin Islands (U.S.),1977,
Virgin Islands (U.S.),1976,
Virgin Islands (U.S.),1975,
Virgin Islands (U.S.),1974,
Virgin Islands (U.S.),1973,
Virgin Islands (U.S.),1972,
Virgin Islands (U.S.),1971,
Virgin Islands (U.S.),1970,
Virgin Islands (U.S.),1969,
Virgin Islands (U.S.),1968,
Virgin Islands (U.S.),1967,
Virgin Islands (U.S.),1966,
Virgin Islands (U.S.),1965,
Virgin Islands (U.S.),1964,
Virgin Islands (U.S.),1963,
Virgin Islands (U.S.),1962,
Virgin Islands (U.S.),1961,
Virgin Islands (U.S.),1960,
West Bank and Gaza,2025,4999.71301859773
West Bank and Gaza,2024,4770.6463157404
West Bank and Gaza,2023,6178.51270322198
West Bank and Gaza,2022,6162.27222447827
West Bank and Gaza,2021,5663.12160743584
West Bank and Gaza,2020,5956.28620064819
West Bank and Gaza,2019,6508.44835080318
West Bank and Gaza,2018,6215.81647317396
West Bank and Gaza,2017,6106.64574037122
West Bank and Gaza,2016,6062.23274844577
West Bank and Gaza,2015,5769.98236633203
West Bank and Gaza,2014,5381.63690987475
West Bank and Gaza,2013,5287.84746119629
West Bank and Gaza,2012,5214.64865399127
West Bank and Gaza,2011,4494.7313227255
West Bank and Gaza,2010,4120.86066331486
West Bank and Gaza,2009,3950.2797835002
West Bank and Gaza,2008,3713.13215844549
West Bank and Gaza,2007,3485.61271811383
West Bank and Gaza,2006,3354.42846589011
West Bank and Gaza,2005,3371.90248030629
West Bank and Gaza,2004,3013.73941949243
West Bank and Gaza,2003,2469.37980392817
West Bank and Gaza,2002,2178.86306474217
West Bank and Gaza,2001,2515.15452940149
West Bank and Gaza,2000,2782.51388472684
West Bank and Gaza,1999,3052.45655758861
West Bank and Gaza,1998,2851.63309833352
West Bank and Gaza,1997,2530.23916066406
West Bank and Gaza,1996,2268.51946973758
West Bank and Gaza,1995,2301.80107451125
West Bank and Gaza,1994,2201.10824214518
West Bank and Gaza,1993,
West Bank and Gaza,1992,
West Bank and Gaza,1991,
West Bank and Gaza,1990,
West Bank and Gaza,1989,
West Bank and Gaza,1988,
West Bank and Gaza,1987,
West Bank and Gaza,1986,
West Bank and Gaza,1985,
West Bank and Gaza,1984,
West Bank and Gaza,1983,
West Bank and Gaza,1982,
West Bank and Gaza,1981,
West Bank and Gaza,1980,
West Bank and Gaza,1979,
West Bank and Gaza,1978,
West Bank and Gaza,1977,
West Bank and Gaza,1976,
West Bank and Gaza,1975,
West Bank and Gaza,1974,
West Bank and Gaza,1973,
West Bank and Gaza,1972,
West Bank and Gaza,1971,
West Bank and Gaza,1970,
West Bank and Gaza,1969,
West Bank and Gaza,1968,
West Bank and Gaza,1967,
West Bank and Gaza,1966,
West Bank and Gaza,1965,
West Bank and Gaza,1964,
West Bank and Gaza,1963,
West Bank and Gaza,1962,
West Bank and Gaza,1961,
West Bank and Gaza,1960,
"Yemen, Rep.",2025,
"Yemen, Rep.",2024,
"Yemen, Rep.",2023,
"Yemen, Rep.",2022,
"Yemen, Rep.",2021,
"Yemen, Rep.",2020,
"Yemen, Rep.",2019,
"Yemen, Rep.",2018,
"Yemen, Rep.",2017,
"Yemen, Rep.",2016,
"Yemen, Rep.",2015,
"Yemen, Rep.",2014,
"Yemen, Rep.",2013,3164.32154223615
"Yemen, Rep.",2012,3004.92091434025
"Yemen, Rep.",2011,3113.38292725279
"Yemen, Rep.",2010,3603.03505652422
"Yemen, Rep.",2009,3410.6102953791
"Yemen, Rep.",2008,3369.54629158511
"Yemen, Rep.",2007,3293.63344193597
"Yemen, Rep.",2006,3205.30827065749
"Yemen, Rep.",2005,3113.44691087129
"Yemen, Rep.",2004,2948.84642051971
"Yemen, Rep.",2003,2844.12977505441
"Yemen, Rep.",2002,2768.48728884363
"Yemen, Rep.",2001,2701.8726370981
"Yemen, Rep.",2000,2623.64018982578
"Yemen, Rep.",1999,2491.67257115003
"Yemen, Rep.",1998,2442.39799788332
"Yemen, Rep.",1997,2351.32028909276
"Yemen, Rep.",1996,2267.70062244636
"Yemen, Rep.",1995,2201.15021968637
"Yemen, Rep.",1994,2114.93134323456
"Yemen, Rep.",1993,2013.25067565863
"Yemen, Rep.",1992,1963.42389134262
"Yemen, Rep.",1991,1842.82905715276
"Yemen, Rep.",1990,1742.49371369687
"Yemen, Rep.",1989,
"Yemen, Rep.",1988,
"Yemen, Rep.",1987,
"Yemen, Rep.",1986,
"Yemen, Rep.",1985,
"Yemen, Rep.",1984,
"Yemen, Rep.",1983,
"Yemen, Rep.",1982,
"Yemen, Rep.",1981,
"Yemen, Rep.",1980,
"Yemen, Rep.",1979,
"Yemen, Rep.",1978,
"Yemen, Rep.",1977,
"Yemen, Rep.",1976,
"Yemen, Rep.",1975,
"Yemen, Rep.",1974,
"Yemen, Rep.",1973,
"Yemen, Rep.",1972,
"Yemen, Rep.",1971,
"Yemen, Rep.",1970,
"Yemen, Rep.",1969,
"Yemen, Rep.",1968,
"Yemen, Rep.",1967,
"Yemen, Rep.",1966,
"Yemen, Rep.",1965,
"Yemen, Rep.",1964,
"Yemen, Rep.",1963,
"Yemen, Rep.",1962,
"Yemen, Rep.",1961,
"Yemen, Rep.",1960,
Zambia,2025,4379.26131013191
Zambia,2024,4221.01397093025
Zambia,2023,4080.35544205923
Zambia,2022,3840.115825721
Zambia,2021,3503.03491418372
Zambia,2020,3157.30009311643
Zambia,2019,3361.39750299612
Zambia,2018,3442.27307196302
Zambia,2017,3391.62768492775
Zambia,2016,3313.35121570029
Zambia,2015,3337.47306887696
Zambia,2014,3441.31497643775
Zambia,2013,3477.28178777683
Zambia,2012,3323.63312219856
Zambia,2011,3228.48714255039
Zambia,2010,3097.66400489119
Zambia,2009,2872.46418369152
Zambia,2008,2708.00819659546
Zambia,2007,2554.68937618521
Zambia,2006,2377.99239779581
Zambia,2005,2212.81202551776
Zambia,2004,2067.93728458142
Zambia,2003,1942.21520870224
Zambia,2002,1837.0658516814
Zambia,2001,1785.06711386848
Zambia,2000,1708.51552609985
Zambia,1999,1653.83649530752
Zambia,1998,1600.62825148568
Zambia,1997,1631.17313844918
Zambia,1996,1584.58166341712
Zambia,1995,1501.3910624395
Zambia,1994,1464.05611722804
Zambia,1993,1606.66943652201
Zambia,1992,1505.02647933571
Zambia,1991,1534.00129930462
Zambia,1990,1521.62416941257
Zambia,1989,
Zambia,1988,
Zambia,1987,
Zambia,1986,
Zambia,1985,
Zambia,1984,
Zambia,1983,
Zambia,1982,
Zambia,1981,
Zambia,1980,
Zambia,1979,
Zambia,1978,
Zambia,1977,
Zambia,1976,
Zambia,1975,
Zambia,1974,
Zambia,1973,
Zambia,1972,
Zambia,1971,
Zambia,1970,
Zambia,1969,
Zambia,1968,
Zambia,1967,
Zambia,1966,
Zambia,1965,
Zambia,1964,
Zambia,1963,
Zambia,1962,
Zambia,1961,
Zambia,1960,
Zimbabwe,2025,6470.41613223905
Zimbabwe,2024,5932.87021993648
Zimbabwe,2023,5795.99047011573
Zimbabwe,2022,5395.02452868174
Zimbabwe,2021,4827.10960165994
Zimbabwe,2020,4178.509676231
Zimbabwe,2019,4165.92242720214
Zimbabwe,2018,3992.890718675
Zimbabwe,2017,10756.4454416985
Zimbabwe,2016,4275.4493505094
Zimbabwe,2015,4045.89864738798
Zimbabwe,2014,3903.42797706084
Zimbabwe,2013,3783.94633704647
Zimbabwe,2012,3472.48572001016
Zimbabwe,2011,3047.31708873749
Zimbabwe,2010,2661.36483247516
Zimbabwe,2009,2232.85257291912
Zimbabwe,2008,1986.90882452926
Zimbabwe,2007,2396.3783504529
Zimbabwe,2006,2453.75642371135
Zimbabwe,2005,2495.92081734217
Zimbabwe,2004,2591.02005433814
Zimbabwe,2003,2707.98957171289
Zimbabwe,2002,3237.57082654515
Zimbabwe,2001,3533.08605906319
Zimbabwe,2000,3429.12057140382
Zimbabwe,1999,3490.85723076024
Zimbabwe,1998,3527.15454582409
Zimbabwe,1997,3457.06927970844
Zimbabwe,1996,3372.46971418025
Zimbabwe,1995,3051.16830425344
Zimbabwe,1994,3011.63318952854
Zimbabwe,1993,2702.57555865822
Zimbabwe,1992,2650.99889599522
Zimbabwe,1991,2930.32330527062
Zimbabwe,1990,2756.77305560757
Zimbabwe,1989,
Zimbabwe,1988,
Zimbabwe,1987,
Zimbabwe,1986,
Zimbabwe,1985,
Zimbabwe,1984,
Zimbabwe,1983,
Zimbabwe,1982,
Zimbabwe,1981,
Zimbabwe,1980,
Zimbabwe,1979,
Zimbabwe,1978,
Zimbabwe,1977,
Zimbabwe,1976,
Zimbabwe,1975,
Zimbabwe,1974,
Zimbabwe,1973,
Zimbabwe,1972,
Zimbabwe,1971,
Zimbabwe,1970,
Zimbabwe,1969,
Zimbabwe,1968,
Zimbabwe,1967,
Zimbabwe,1966,
Zimbabwe,1965,
Zimbabwe,1964,
Zimbabwe,1963,
Zimbabwe,1962,
Zimbabwe,1961,
Zimbabwe,1960,
